# x
1.000000000000000000e+00 1.000000000000000000e+00
1.000000000000000000e+00 5.000000000000000000e-01
1.000000000000000000e+00 2.500000000000000000e-01
1.000000000000000000e+00 7.500000000000000000e-01
1.000000000000000000e+00 1.250000000000000000e-01
1.000000000000000000e+00 6.250000000000000000e-01
1.000000000000000000e+00 3.750000000000000000e-01
1.000000000000000000e+00 8.750000000000000000e-01
1.000000000000000000e+00 6.250000000000000000e-02
1.000000000000000000e+00 5.625000000000000000e-01
1.000000000000000000e+00 3.125000000000000000e-01
1.000000000000000000e+00 8.125000000000000000e-01
1.000000000000000000e+00 1.875000000000000000e-01
1.000000000000000000e+00 6.875000000000000000e-01
1.000000000000000000e+00 4.375000000000000000e-01
1.000000000000000000e+00 9.375000000000000000e-01
1.000000000000000000e+00 3.125000000000000000e-02
1.000000000000000000e+00 5.312500000000000000e-01
1.000000000000000000e+00 2.812500000000000000e-01
1.000000000000000000e+00 7.812500000000000000e-01
1.000000000000000000e+00 1.562500000000000000e-01
1.000000000000000000e+00 6.562500000000000000e-01
1.000000000000000000e+00 4.062500000000000000e-01
1.000000000000000000e+00 9.062500000000000000e-01
1.000000000000000000e+00 9.375000000000000000e-02
1.000000000000000000e+00 5.937500000000000000e-01
0.000000000000000000e+00 5.000000000000000000e-01
0.000000000000000000e+00 7.500000000000000000e-01
0.000000000000000000e+00 2.500000000000000000e-01
0.000000000000000000e+00 8.750000000000000000e-01
0.000000000000000000e+00 3.750000000000000000e-01
0.000000000000000000e+00 6.250000000000000000e-01
0.000000000000000000e+00 1.250000000000000000e-01
0.000000000000000000e+00 9.375000000000000000e-01
0.000000000000000000e+00 4.375000000000000000e-01
0.000000000000000000e+00 6.875000000000000000e-01
0.000000000000000000e+00 1.875000000000000000e-01
0.000000000000000000e+00 8.125000000000000000e-01
0.000000000000000000e+00 3.125000000000000000e-01
0.000000000000000000e+00 5.625000000000000000e-01
0.000000000000000000e+00 6.250000000000000000e-02
0.000000000000000000e+00 9.687500000000000000e-01
0.000000000000000000e+00 4.687500000000000000e-01
0.000000000000000000e+00 7.187500000000000000e-01
0.000000000000000000e+00 2.187500000000000000e-01
0.000000000000000000e+00 8.437500000000000000e-01
0.000000000000000000e+00 3.437500000000000000e-01
0.000000000000000000e+00 5.937500000000000000e-01
0.000000000000000000e+00 9.375000000000000000e-02
0.000000000000000000e+00 9.062500000000000000e-01
1.000000000000000000e+00 1.000000000000000000e+00
5.000000000000000000e-01 1.000000000000000000e+00
7.500000000000000000e-01 1.000000000000000000e+00
2.500000000000000000e-01 1.000000000000000000e+00
8.750000000000000000e-01 1.000000000000000000e+00
3.750000000000000000e-01 1.000000000000000000e+00
6.250000000000000000e-01 1.000000000000000000e+00
1.250000000000000000e-01 1.000000000000000000e+00
9.375000000000000000e-01 1.000000000000000000e+00
4.375000000000000000e-01 1.000000000000000000e+00
6.875000000000000000e-01 1.000000000000000000e+00
1.875000000000000000e-01 1.000000000000000000e+00
8.125000000000000000e-01 1.000000000000000000e+00
3.125000000000000000e-01 1.000000000000000000e+00
5.625000000000000000e-01 1.000000000000000000e+00
6.250000000000000000e-02 1.000000000000000000e+00
9.687500000000000000e-01 1.000000000000000000e+00
4.687500000000000000e-01 1.000000000000000000e+00
7.187500000000000000e-01 1.000000000000000000e+00
2.187500000000000000e-01 1.000000000000000000e+00
8.437500000000000000e-01 1.000000000000000000e+00
3.437500000000000000e-01 1.000000000000000000e+00
5.937500000000000000e-01 1.000000000000000000e+00
9.375000000000000000e-02 1.000000000000000000e+00
9.062500000000000000e-01 1.000000000000000000e+00
4.062500000000000000e-01 1.000000000000000000e+00
5.000000000000000000e-01 0.000000000000000000e+00
2.500000000000000000e-01 0.000000000000000000e+00
7.500000000000000000e-01 0.000000000000000000e+00
1.250000000000000000e-01 0.000000000000000000e+00
6.250000000000000000e-01 0.000000000000000000e+00
3.750000000000000000e-01 0.000000000000000000e+00
8.750000000000000000e-01 0.000000000000000000e+00
6.250000000000000000e-02 0.000000000000000000e+00
5.625000000000000000e-01 0.000000000000000000e+00
3.125000000000000000e-01 0.000000000000000000e+00
8.125000000000000000e-01 0.000000000000000000e+00
1.875000000000000000e-01 0.000000000000000000e+00
6.875000000000000000e-01 0.000000000000000000e+00
4.375000000000000000e-01 0.000000000000000000e+00
9.375000000000000000e-01 0.000000000000000000e+00
3.125000000000000000e-02 0.000000000000000000e+00
5.312500000000000000e-01 0.000000000000000000e+00
2.812500000000000000e-01 0.000000000000000000e+00
7.812500000000000000e-01 0.000000000000000000e+00
1.562500000000000000e-01 0.000000000000000000e+00
6.562500000000000000e-01 0.000000000000000000e+00
4.062500000000000000e-01 0.000000000000000000e+00
9.062500000000000000e-01 0.000000000000000000e+00
9.375000000000000000e-02 0.000000000000000000e+00
5.937500000000000000e-01 0.000000000000000000e+00
1.000000000000000000e+00 1.000000000000000000e+00
5.000000000000000000e-01 1.000000000000000000e+00
7.500000000000000000e-01 1.000000000000000000e+00
2.500000000000000000e-01 1.000000000000000000e+00
8.750000000000000000e-01 1.000000000000000000e+00
3.750000000000000000e-01 1.000000000000000000e+00
6.250000000000000000e-01 1.000000000000000000e+00
1.250000000000000000e-01 1.000000000000000000e+00
9.375000000000000000e-01 1.000000000000000000e+00
4.375000000000000000e-01 1.000000000000000000e+00
6.875000000000000000e-01 1.000000000000000000e+00
1.875000000000000000e-01 1.000000000000000000e+00
8.125000000000000000e-01 1.000000000000000000e+00
3.125000000000000000e-01 1.000000000000000000e+00
5.625000000000000000e-01 1.000000000000000000e+00
6.250000000000000000e-02 1.000000000000000000e+00
9.687500000000000000e-01 1.000000000000000000e+00
4.687500000000000000e-01 1.000000000000000000e+00
7.187500000000000000e-01 1.000000000000000000e+00
2.187500000000000000e-01 1.000000000000000000e+00
8.437500000000000000e-01 1.000000000000000000e+00
3.437500000000000000e-01 1.000000000000000000e+00
5.937500000000000000e-01 1.000000000000000000e+00
9.375000000000000000e-02 1.000000000000000000e+00
9.062500000000000000e-01 1.000000000000000000e+00
4.062500000000000000e-01 1.000000000000000000e+00
0.000000000000000000e+00 5.000000000000000000e-01
0.000000000000000000e+00 7.500000000000000000e-01
0.000000000000000000e+00 2.500000000000000000e-01
0.000000000000000000e+00 8.750000000000000000e-01
0.000000000000000000e+00 3.750000000000000000e-01
0.000000000000000000e+00 6.250000000000000000e-01
0.000000000000000000e+00 1.250000000000000000e-01
0.000000000000000000e+00 9.375000000000000000e-01
0.000000000000000000e+00 4.375000000000000000e-01
0.000000000000000000e+00 6.875000000000000000e-01
0.000000000000000000e+00 1.875000000000000000e-01
0.000000000000000000e+00 8.125000000000000000e-01
0.000000000000000000e+00 3.125000000000000000e-01
0.000000000000000000e+00 5.625000000000000000e-01
0.000000000000000000e+00 6.250000000000000000e-02
0.000000000000000000e+00 9.687500000000000000e-01
0.000000000000000000e+00 4.687500000000000000e-01
0.000000000000000000e+00 7.187500000000000000e-01
0.000000000000000000e+00 2.187500000000000000e-01
0.000000000000000000e+00 8.437500000000000000e-01
0.000000000000000000e+00 3.437500000000000000e-01
0.000000000000000000e+00 5.937500000000000000e-01
0.000000000000000000e+00 9.375000000000000000e-02
0.000000000000000000e+00 9.062500000000000000e-01
1.000000000000000000e+00 1.000000000000000000e+00
1.000000000000000000e+00 5.000000000000000000e-01
1.000000000000000000e+00 2.500000000000000000e-01
1.000000000000000000e+00 7.500000000000000000e-01
1.000000000000000000e+00 1.250000000000000000e-01
1.000000000000000000e+00 6.250000000000000000e-01
1.000000000000000000e+00 3.750000000000000000e-01
1.000000000000000000e+00 8.750000000000000000e-01
1.000000000000000000e+00 6.250000000000000000e-02
1.000000000000000000e+00 5.625000000000000000e-01
1.000000000000000000e+00 3.125000000000000000e-01
1.000000000000000000e+00 8.125000000000000000e-01
1.000000000000000000e+00 1.875000000000000000e-01
1.000000000000000000e+00 6.875000000000000000e-01
1.000000000000000000e+00 4.375000000000000000e-01
1.000000000000000000e+00 9.375000000000000000e-01
1.000000000000000000e+00 3.125000000000000000e-02
1.000000000000000000e+00 5.312500000000000000e-01
1.000000000000000000e+00 2.812500000000000000e-01
1.000000000000000000e+00 7.812500000000000000e-01
1.000000000000000000e+00 1.562500000000000000e-01
1.000000000000000000e+00 6.562500000000000000e-01
1.000000000000000000e+00 4.062500000000000000e-01
1.000000000000000000e+00 9.062500000000000000e-01
1.000000000000000000e+00 9.375000000000000000e-02
1.000000000000000000e+00 5.937500000000000000e-01
5.000000000000000000e-01 0.000000000000000000e+00
2.500000000000000000e-01 0.000000000000000000e+00
7.500000000000000000e-01 0.000000000000000000e+00
1.250000000000000000e-01 0.000000000000000000e+00
6.250000000000000000e-01 0.000000000000000000e+00
3.750000000000000000e-01 0.000000000000000000e+00
8.750000000000000000e-01 0.000000000000000000e+00
6.250000000000000000e-02 0.000000000000000000e+00
5.625000000000000000e-01 0.000000000000000000e+00
3.125000000000000000e-01 0.000000000000000000e+00
8.125000000000000000e-01 0.000000000000000000e+00
1.875000000000000000e-01 0.000000000000000000e+00
6.875000000000000000e-01 0.000000000000000000e+00
4.375000000000000000e-01 0.000000000000000000e+00
9.375000000000000000e-01 0.000000000000000000e+00
3.125000000000000000e-02 0.000000000000000000e+00
5.312500000000000000e-01 0.000000000000000000e+00
2.812500000000000000e-01 0.000000000000000000e+00
7.812500000000000000e-01 0.000000000000000000e+00
1.562500000000000000e-01 0.000000000000000000e+00
6.562500000000000000e-01 0.000000000000000000e+00
4.062500000000000000e-01 0.000000000000000000e+00
9.062500000000000000e-01 0.000000000000000000e+00
9.375000000000000000e-02 0.000000000000000000e+00
5.937500000000000000e-01 0.000000000000000000e+00
1.000000000000000000e+00 1.000000000000000000e+00
5.000000000000000000e-01 0.000000000000000000e+00
5.000000000000000000e-01 1.000000000000000000e+00
1.000000000000000000e+00 5.000000000000000000e-01
0.000000000000000000e+00 5.000000000000000000e-01
2.500000000000000000e-01 0.000000000000000000e+00
7.500000000000000000e-01 1.000000000000000000e+00
1.000000000000000000e+00 2.500000000000000000e-01
0.000000000000000000e+00 7.500000000000000000e-01
7.500000000000000000e-01 0.000000000000000000e+00
2.500000000000000000e-01 1.000000000000000000e+00
1.000000000000000000e+00 7.500000000000000000e-01
0.000000000000000000e+00 2.500000000000000000e-01
1.250000000000000000e-01 0.000000000000000000e+00
8.750000000000000000e-01 1.000000000000000000e+00
1.000000000000000000e+00 1.250000000000000000e-01
0.000000000000000000e+00 8.750000000000000000e-01
6.250000000000000000e-01 0.000000000000000000e+00
3.750000000000000000e-01 1.000000000000000000e+00
1.000000000000000000e+00 6.250000000000000000e-01
0.000000000000000000e+00 3.750000000000000000e-01
3.750000000000000000e-01 0.000000000000000000e+00
6.250000000000000000e-01 1.000000000000000000e+00
1.000000000000000000e+00 3.750000000000000000e-01
0.000000000000000000e+00 6.250000000000000000e-01
8.750000000000000000e-01 0.000000000000000000e+00
1.250000000000000000e-01 1.000000000000000000e+00
1.000000000000000000e+00 8.750000000000000000e-01
0.000000000000000000e+00 1.250000000000000000e-01
6.250000000000000000e-02 0.000000000000000000e+00
9.375000000000000000e-01 1.000000000000000000e+00
1.000000000000000000e+00 6.250000000000000000e-02
0.000000000000000000e+00 9.375000000000000000e-01
5.625000000000000000e-01 0.000000000000000000e+00
4.375000000000000000e-01 1.000000000000000000e+00
1.000000000000000000e+00 5.625000000000000000e-01
0.000000000000000000e+00 4.375000000000000000e-01
3.125000000000000000e-01 0.000000000000000000e+00
6.875000000000000000e-01 1.000000000000000000e+00
1.000000000000000000e+00 3.125000000000000000e-01
0.000000000000000000e+00 6.875000000000000000e-01
8.125000000000000000e-01 0.000000000000000000e+00
1.875000000000000000e-01 1.000000000000000000e+00
1.000000000000000000e+00 8.125000000000000000e-01
0.000000000000000000e+00 1.875000000000000000e-01
1.875000000000000000e-01 0.000000000000000000e+00
8.125000000000000000e-01 1.000000000000000000e+00
1.000000000000000000e+00 1.875000000000000000e-01
0.000000000000000000e+00 8.125000000000000000e-01
6.875000000000000000e-01 0.000000000000000000e+00
3.125000000000000000e-01 1.000000000000000000e+00
1.000000000000000000e+00 6.875000000000000000e-01
0.000000000000000000e+00 3.125000000000000000e-01
4.375000000000000000e-01 0.000000000000000000e+00
5.625000000000000000e-01 1.000000000000000000e+00
1.000000000000000000e+00 4.375000000000000000e-01
0.000000000000000000e+00 5.625000000000000000e-01
9.375000000000000000e-01 0.000000000000000000e+00
6.250000000000000000e-02 1.000000000000000000e+00
1.000000000000000000e+00 9.375000000000000000e-01
0.000000000000000000e+00 6.250000000000000000e-02
3.125000000000000000e-02 0.000000000000000000e+00
9.687500000000000000e-01 1.000000000000000000e+00
1.000000000000000000e+00 3.125000000000000000e-02
0.000000000000000000e+00 9.687500000000000000e-01
5.312500000000000000e-01 0.000000000000000000e+00
4.687500000000000000e-01 1.000000000000000000e+00
1.000000000000000000e+00 5.312500000000000000e-01
0.000000000000000000e+00 4.687500000000000000e-01
2.812500000000000000e-01 0.000000000000000000e+00
7.187500000000000000e-01 1.000000000000000000e+00
1.000000000000000000e+00 2.812500000000000000e-01
0.000000000000000000e+00 7.187500000000000000e-01
7.812500000000000000e-01 0.000000000000000000e+00
2.187500000000000000e-01 1.000000000000000000e+00
1.000000000000000000e+00 7.812500000000000000e-01
0.000000000000000000e+00 2.187500000000000000e-01
1.562500000000000000e-01 0.000000000000000000e+00
8.437500000000000000e-01 1.000000000000000000e+00
1.000000000000000000e+00 1.562500000000000000e-01
0.000000000000000000e+00 8.437500000000000000e-01
6.562500000000000000e-01 0.000000000000000000e+00
3.437500000000000000e-01 1.000000000000000000e+00
1.000000000000000000e+00 6.562500000000000000e-01
0.000000000000000000e+00 3.437500000000000000e-01
4.062500000000000000e-01 0.000000000000000000e+00
5.937500000000000000e-01 1.000000000000000000e+00
1.000000000000000000e+00 4.062500000000000000e-01
0.000000000000000000e+00 5.937500000000000000e-01
9.062500000000000000e-01 0.000000000000000000e+00
9.375000000000000000e-02 1.000000000000000000e+00
1.000000000000000000e+00 9.062500000000000000e-01
0.000000000000000000e+00 9.375000000000000000e-02
9.375000000000000000e-02 0.000000000000000000e+00
9.062500000000000000e-01 1.000000000000000000e+00
1.000000000000000000e+00 9.375000000000000000e-02
0.000000000000000000e+00 9.062500000000000000e-01
5.937500000000000000e-01 0.000000000000000000e+00
4.062500000000000000e-01 1.000000000000000000e+00
1.000000000000000000e+00 5.937500000000000000e-01
5.000000000000000000e-01 3.332222592469177044e-04
2.500000000000000000e-01 6.664445184938354088e-04
7.500000000000000000e-01 9.996667777407530590e-04
1.250000000000000000e-01 1.332889036987670818e-03
6.250000000000000000e-01 1.666111296234588576e-03
3.750000000000000000e-01 1.999333555481506118e-03
8.750000000000000000e-01 2.332555814728424094e-03
6.250000000000000000e-02 2.665778073975341635e-03
5.625000000000000000e-01 2.999000333222259177e-03
3.125000000000000000e-01 3.332222592469177153e-03
8.125000000000000000e-01 3.665444851716094694e-03
1.875000000000000000e-01 3.998667110963012236e-03
6.875000000000000000e-01 4.331889370209929778e-03
4.375000000000000000e-01 4.665111629456848187e-03
9.375000000000000000e-01 4.998333888703765729e-03
3.125000000000000000e-02 5.331556147950683271e-03
5.312500000000000000e-01 5.664778407197600812e-03
2.812500000000000000e-01 5.998000666444518354e-03
7.812500000000000000e-01 6.331222925691436763e-03
1.562500000000000000e-01 6.664445184938354305e-03
6.562500000000000000e-01 6.997667444185271847e-03
4.062500000000000000e-01 7.330889703432189389e-03
9.062500000000000000e-01 7.664111962679106931e-03
9.375000000000000000e-02 7.997334221926024472e-03
5.937500000000000000e-01 8.330556481172942881e-03
3.437500000000000000e-01 8.663778740419859556e-03
8.437500000000000000e-01 8.997000999666777965e-03
2.187500000000000000e-01 9.330223258913696374e-03
7.187500000000000000e-01 9.663445518160613049e-03
4.687500000000000000e-01 9.996667777407531458e-03
9.687500000000000000e-01 1.032989003665444813e-02
1.562500000000000000e-02 1.066311229590136654e-02
5.156250000000000000e-01 1.099633455514828495e-02
2.656250000000000000e-01 1.132955681439520162e-02
7.656250000000000000e-01 1.166277907364212003e-02
1.406250000000000000e-01 1.199600133288903671e-02
6.406250000000000000e-01 1.232922359213595512e-02
3.906250000000000000e-01 1.266244585138287353e-02
8.906250000000000000e-01 1.299566811062979020e-02
7.812500000000000000e-02 1.332889036987670861e-02
5.781250000000000000e-01 1.366211262912362528e-02
3.281250000000000000e-01 1.399533488837054369e-02
8.281250000000000000e-01 1.432855714761746210e-02
2.031250000000000000e-01 1.466177940686437878e-02
7.031250000000000000e-01 1.499500166611129719e-02
4.531250000000000000e-01 1.532822392535821386e-02
9.531250000000000000e-01 1.566144618460513227e-02
4.687500000000000000e-02 1.599466844385204894e-02
5.468750000000000000e-01 1.632789070309896909e-02
2.968750000000000000e-01 1.666111296234588576e-02
7.968750000000000000e-01 1.699433522159280244e-02
1.718750000000000000e-01 1.732755748083971911e-02
6.718750000000000000e-01 1.766077974008663926e-02
4.218750000000000000e-01 1.799400199933355593e-02
9.218750000000000000e-01 1.832722425858047260e-02
1.093750000000000000e-01 1.866044651782739275e-02
6.093750000000000000e-01 1.899366877707430942e-02
3.593750000000000000e-01 1.932689103632122610e-02
8.593750000000000000e-01 1.966011329556814624e-02
2.343750000000000000e-01 1.999333555481506292e-02
7.343750000000000000e-01 2.032655781406197959e-02
4.843750000000000000e-01 2.065978007330889626e-02
9.843750000000000000e-01 2.099300233255581641e-02
7.812500000000000000e-03 2.132622459180273308e-02
5.078125000000000000e-01 2.165944685104964976e-02
2.578125000000000000e-01 2.199266911029656990e-02
7.578125000000000000e-01 2.232589136954348658e-02
1.328125000000000000e-01 2.265911362879040325e-02
6.328125000000000000e-01 2.299233588803731992e-02
3.828125000000000000e-01 2.332555814728424007e-02
8.828125000000000000e-01 2.365878040653115674e-02
7.031250000000000000e-02 2.399200266577807342e-02
5.703125000000000000e-01 2.432522492502499356e-02
3.203125000000000000e-01 2.465844718427191024e-02
8.203125000000000000e-01 2.499166944351882691e-02
1.953125000000000000e-01 2.532489170276574705e-02
6.953125000000000000e-01 2.565811396201266373e-02
4.453125000000000000e-01 2.599133622125958040e-02
9.453125000000000000e-01 2.632455848050649708e-02
3.906250000000000000e-02 2.665778073975341722e-02
5.390625000000000000e-01 2.699100299900033390e-02
2.890625000000000000e-01 2.732422525824725057e-02
7.890625000000000000e-01 2.765744751749417071e-02
1.640625000000000000e-01 2.799066977674108739e-02
6.640625000000000000e-01 2.832389203598800406e-02
4.140625000000000000e-01 2.865711429523492421e-02
9.140625000000000000e-01 2.899033655448184088e-02
1.015625000000000000e-01 2.932355881372875755e-02
6.015625000000000000e-01 2.965678107297567423e-02
3.515625000000000000e-01 2.999000333222259437e-02
8.515625000000000000e-01 3.032322559146951105e-02
2.265625000000000000e-01 3.065644785071642772e-02
7.265625000000000000e-01 3.098967010996334787e-02
4.765625000000000000e-01 3.132289236921026454e-02
9.765625000000000000e-01 3.165611462845718121e-02
2.343750000000000000e-02 3.198933688770409789e-02
5.234375000000000000e-01 3.232255914695101456e-02
2.734375000000000000e-01 3.265578140619793818e-02
7.734375000000000000e-01 3.298900366544485485e-02
1.484375000000000000e-01 3.332222592469177153e-02
6.484375000000000000e-01 3.365544818393868820e-02
3.984375000000000000e-01 3.398867044318560487e-02
8.984375000000000000e-01 3.432189270243252155e-02
8.593750000000000000e-02 3.465511496167943822e-02
5.859375000000000000e-01 3.498833722092636184e-02
3.359375000000000000e-01 3.532155948017327851e-02
8.359375000000000000e-01 3.565478173942019519e-02
2.109375000000000000e-01 3.598800399866711186e-02
7.109375000000000000e-01 3.632122625791402853e-02
4.609375000000000000e-01 3.665444851716094521e-02
9.609375000000000000e-01 3.698767077640786188e-02
5.468750000000000000e-02 3.732089303565478550e-02
5.546875000000000000e-01 3.765411529490170217e-02
3.046875000000000000e-01 3.798733755414861885e-02
8.046875000000000000e-01 3.832055981339553552e-02
1.796875000000000000e-01 3.865378207264245219e-02
6.796875000000000000e-01 3.898700433188936887e-02
4.296875000000000000e-01 3.932022659113629248e-02
9.296875000000000000e-01 3.965344885038320916e-02
1.171875000000000000e-01 3.998667110963012583e-02
6.171875000000000000e-01 4.031989336887704251e-02
3.671875000000000000e-01 4.065311562812395918e-02
8.671875000000000000e-01 4.098633788737087585e-02
2.421875000000000000e-01 4.131956014661779253e-02
7.421875000000000000e-01 4.165278240586471614e-02
4.921875000000000000e-01 4.198600466511163282e-02
9.921875000000000000e-01 4.231922692435854949e-02
3.906250000000000000e-03 4.265244918360546617e-02
5.039062500000000000e-01 4.298567144285238284e-02
2.539062500000000000e-01 4.331889370209929951e-02
7.539062500000000000e-01 4.365211596134621619e-02
1.289062500000000000e-01 4.398533822059313980e-02
6.289062500000000000e-01 4.431856047984005648e-02
3.789062500000000000e-01 4.465178273908697315e-02
8.789062500000000000e-01 4.498500499833388983e-02
6.640625000000000000e-02 4.531822725758080650e-02
5.664062500000000000e-01 4.565144951682772317e-02
3.164062500000000000e-01 4.598467177607463985e-02
8.164062500000000000e-01 4.631789403532156346e-02
1.914062500000000000e-01 4.665111629456848014e-02
6.914062500000000000e-01 4.698433855381539681e-02
4.414062500000000000e-01 4.731756081306231349e-02
9.414062500000000000e-01 4.765078307230923016e-02
3.515625000000000000e-02 4.798400533155614683e-02
5.351562500000000000e-01 4.831722759080307045e-02
2.851562500000000000e-01 4.865044985004998712e-02
7.851562500000000000e-01 4.898367210929690380e-02
1.601562500000000000e-01 4.931689436854382047e-02
6.601562500000000000e-01 4.965011662779073714e-02
4.101562500000000000e-01 4.998333888703765382e-02
9.101562500000000000e-01 5.031656114628457049e-02
9.765625000000000000e-02 5.064978340553149411e-02
5.976562500000000000e-01 5.098300566477841078e-02
3.476562500000000000e-01 5.131622792402532746e-02
8.476562500000000000e-01 5.164945018327224413e-02
2.226562500000000000e-01 5.198267244251916080e-02
7.226562500000000000e-01 5.231589470176607748e-02
4.726562500000000000e-01 5.264911696101299415e-02
9.726562500000000000e-01 5.298233922025991777e-02
1.953125000000000000e-02 5.331556147950683444e-02
5.195312500000000000e-01 5.364878373875375112e-02
2.695312500000000000e-01 5.398200599800066779e-02
7.695312500000000000e-01 5.431522825724758446e-02
1.445312500000000000e-01 5.464845051649450114e-02
6.445312500000000000e-01 5.498167277574141781e-02
3.945312500000000000e-01 5.531489503498834143e-02
8.945312500000000000e-01 5.564811729423525810e-02
8.203125000000000000e-02 5.598133955348217478e-02
5.820312500000000000e-01 5.631456181272909145e-02
3.320312500000000000e-01 5.664778407197600812e-02
8.320312500000000000e-01 5.698100633122292480e-02
2.070312500000000000e-01 5.731422859046984841e-02
7.070312500000000000e-01 5.764745084971676509e-02
4.570312500000000000e-01 5.798067310896368176e-02
9.570312500000000000e-01 5.831389536821059844e-02
5.078125000000000000e-02 5.864711762745751511e-02
5.507812500000000000e-01 5.898033988670443178e-02
3.007812500000000000e-01 5.931356214595134846e-02
8.007812500000000000e-01 5.964678440519827207e-02
1.757812500000000000e-01 5.998000666444518875e-02
6.757812500000000000e-01 6.031322892369210542e-02
4.257812500000000000e-01 6.064645118293902210e-02
9.257812500000000000e-01 6.097967344218593877e-02
1.132812500000000000e-01 6.131289570143285544e-02
6.132812500000000000e-01 6.164611796067977212e-02
3.632812500000000000e-01 6.197934021992669573e-02
8.632812500000000000e-01 6.231256247917361241e-02
2.382812500000000000e-01 6.264578473842052908e-02
7.382812500000000000e-01 6.297900699766745269e-02
4.882812500000000000e-01 6.331222925691436243e-02
9.882812500000000000e-01 6.364545151616128604e-02
1.171875000000000000e-02 6.397867377540819578e-02
5.117187500000000000e-01 6.431189603465511939e-02
2.617187500000000000e-01 6.464511829390202913e-02
7.617187500000000000e-01 6.497834055314895274e-02
1.367187500000000000e-01 6.531156281239587635e-02
6.367187500000000000e-01 6.564478507164278609e-02
3.867187500000000000e-01 6.597800733088970970e-02
8.867187500000000000e-01 6.631122959013661944e-02
7.421875000000000000e-02 6.664445184938354305e-02
5.742187500000000000e-01 6.697767410863045279e-02
3.242187500000000000e-01 6.731089636787737640e-02
8.242187500000000000e-01 6.764411862712430001e-02
1.992187500000000000e-01 6.797734088637120975e-02
6.992187500000000000e-01 6.831056314561813336e-02
4.492187500000000000e-01 6.864378540486504310e-02
9.492187500000000000e-01 6.897700766411196671e-02
4.296875000000000000e-02 6.931022992335887645e-02
5.429687500000000000e-01 6.964345218260580006e-02
2.929687500000000000e-01 6.997667444185272367e-02
7.929687500000000000e-01 7.030989670109963341e-02
1.679687500000000000e-01 7.064311896034655702e-02
6.679687500000000000e-01 7.097634121959346676e-02
4.179687500000000000e-01 7.130956347884039037e-02
9.179687500000000000e-01 7.164278573808730011e-02
1.054687500000000000e-01 7.197600799733422372e-02
6.054687500000000000e-01 7.230923025658114733e-02
3.554687500000000000e-01 7.264245251582805707e-02
8.554687500000000000e-01 7.297567477507498068e-02
2.304687500000000000e-01 7.330889703432189042e-02
7.304687500000000000e-01 7.364211929356881403e-02
4.804687500000000000e-01 7.397534155281572377e-02
9.804687500000000000e-01 7.430856381206264738e-02
2.734375000000000000e-02 7.464178607130957099e-02
5.273437500000000000e-01 7.497500833055648073e-02
2.773437500000000000e-01 7.530823058980340434e-02
7.773437500000000000e-01 7.564145284905031408e-02
1.523437500000000000e-01 7.597467510829723769e-02
6.523437500000000000e-01 7.630789736754414743e-02
4.023437500000000000e-01 7.664111962679107104e-02
9.023437500000000000e-01 7.697434188603799465e-02
8.984375000000000000e-02 7.730756414528490439e-02
5.898437500000000000e-01 7.764078640453182800e-02
3.398437500000000000e-01 7.797400866377873774e-02
8.398437500000000000e-01 7.830723092302566135e-02
2.148437500000000000e-01 7.864045318227258496e-02
7.148437500000000000e-01 7.897367544151949470e-02
4.648437500000000000e-01 7.930689770076641831e-02
9.648437500000000000e-01 7.964011996001332805e-02
5.859375000000000000e-02 7.997334221926025166e-02
5.585937500000000000e-01 8.030656447850716140e-02
3.085937500000000000e-01 8.063978673775408501e-02
8.085937500000000000e-01 8.097300899700100862e-02
1.835937500000000000e-01 8.130623125624791836e-02
6.835937500000000000e-01 8.163945351549484197e-02
4.335937500000000000e-01 8.197267577474175171e-02
9.335937500000000000e-01 8.230589803398867532e-02
1.210937500000000000e-01 8.263912029323558506e-02
6.210937500000000000e-01 8.297234255248250867e-02
3.710937500000000000e-01 8.330556481172943228e-02
8.710937500000000000e-01 8.363878707097634202e-02
2.460937500000000000e-01 8.397200933022326563e-02
7.460937500000000000e-01 8.430523158947017537e-02
4.960937500000000000e-01 8.463845384871709898e-02
9.960937500000000000e-01 8.497167610796400872e-02
1.953125000000000000e-03 8.530489836721093233e-02
5.019531250000000000e-01 8.563812062645785594e-02
2.519531250000000000e-01 8.597134288570476568e-02
7.519531250000000000e-01 8.630456514495168929e-02
1.269531250000000000e-01 8.663778740419859903e-02
6.269531250000000000e-01 8.697100966344552264e-02
3.769531250000000000e-01 8.730423192269243238e-02
8.769531250000000000e-01 8.763745418193935599e-02
6.445312500000000000e-02 8.797067644118627960e-02
5.644531250000000000e-01 8.830389870043318934e-02
3.144531250000000000e-01 8.863712095968011295e-02
8.144531250000000000e-01 8.897034321892702269e-02
1.894531250000000000e-01 8.930356547817394630e-02
6.894531250000000000e-01 8.963678773742085604e-02
4.394531250000000000e-01 8.997000999666777965e-02
9.394531250000000000e-01 9.030323225591470326e-02
3.320312500000000000e-02 9.063645451516161300e-02
5.332031250000000000e-01 9.096967677440853661e-02
2.832031250000000000e-01 9.130289903365544635e-02
7.832031250000000000e-01 9.163612129290236996e-02
1.582031250000000000e-01 9.196934355214927970e-02
6.582031250000000000e-01 9.230256581139620331e-02
4.082031250000000000e-01 9.263578807064312692e-02
9.082031250000000000e-01 9.296901032989003666e-02
9.570312500000000000e-02 9.330223258913696027e-02
5.957031250000000000e-01 9.363545484838387001e-02
3.457031250000000000e-01 9.396867710763079362e-02
8.457031250000000000e-01 9.430189936687771723e-02
2.207031250000000000e-01 9.463512162612462697e-02
7.207031250000000000e-01 9.496834388537155058e-02
4.707031250000000000e-01 9.530156614461846032e-02
9.707031250000000000e-01 9.563478840386538393e-02
1.757812500000000000e-02 9.596801066311229367e-02
5.175781250000000000e-01 9.630123292235921728e-02
2.675781250000000000e-01 9.663445518160614089e-02
7.675781250000000000e-01 9.696767744085305063e-02
1.425781250000000000e-01 9.730089970009997424e-02
6.425781250000000000e-01 9.763412195934688398e-02
3.925781250000000000e-01 9.796734421859380759e-02
8.925781250000000000e-01 9.830056647784071733e-02
8.007812500000000000e-02 9.863378873708764094e-02
5.800781250000000000e-01 9.896701099633456455e-02
3.300781250000000000e-01 9.930023325558147429e-02
8.300781250000000000e-01 9.963345551482839790e-02
2.050781250000000000e-01 9.996667777407530764e-02
7.050781250000000000e-01 1.002999000333222313e-01
4.550781250000000000e-01 1.006331222925691410e-01
9.550781250000000000e-01 1.009663445518160646e-01
4.882812500000000000e-02 1.012995668110629882e-01
5.488281250000000000e-01 1.016327890703098979e-01
2.988281250000000000e-01 1.019660113295568216e-01
7.988281250000000000e-01 1.022992335888037313e-01
1.738281250000000000e-01 1.026324558480506549e-01
6.738281250000000000e-01 1.029656781072975646e-01
4.238281250000000000e-01 1.032989003665444883e-01
9.238281250000000000e-01 1.036321226257914119e-01
1.113281250000000000e-01 1.039653448850383216e-01
6.113281250000000000e-01 1.042985671442852452e-01
3.613281250000000000e-01 1.046317894035321550e-01
8.613281250000000000e-01 1.049650116627790786e-01
2.363281250000000000e-01 1.052982339220259883e-01
7.363281250000000000e-01 1.056314561812729119e-01
4.863281250000000000e-01 1.059646784405198355e-01
9.863281250000000000e-01 1.062979006997667453e-01
9.765625000000000000e-03 1.066311229590136689e-01
5.097656250000000000e-01 1.069643452182605786e-01
2.597656250000000000e-01 1.072975674775075022e-01
7.597656250000000000e-01 1.076307897367544120e-01
1.347656250000000000e-01 1.079640119960013356e-01
6.347656250000000000e-01 1.082972342552482592e-01
3.847656250000000000e-01 1.086304565144951689e-01
8.847656250000000000e-01 1.089636787737420925e-01
7.226562500000000000e-02 1.092969010329890023e-01
5.722656250000000000e-01 1.096301232922359259e-01
3.222656250000000000e-01 1.099633455514828356e-01
8.222656250000000000e-01 1.102965678107297592e-01
1.972656250000000000e-01 1.106297900699766829e-01
6.972656250000000000e-01 1.109630123292235926e-01
4.472656250000000000e-01 1.112962345884705162e-01
9.472656250000000000e-01 1.116294568477174259e-01
4.101562500000000000e-02 1.119626791069643496e-01
5.410156250000000000e-01 1.122959013662112732e-01
2.910156250000000000e-01 1.126291236254581829e-01
7.910156250000000000e-01 1.129623458847051065e-01
1.660156250000000000e-01 1.132955681439520162e-01
6.660156250000000000e-01 1.136287904031989399e-01
4.160156250000000000e-01 1.139620126624458496e-01
9.160156250000000000e-01 1.142952349216927732e-01
1.035156250000000000e-01 1.146284571809396968e-01
6.035156250000000000e-01 1.149616794401866066e-01
3.535156250000000000e-01 1.152949016994335302e-01
8.535156250000000000e-01 1.156281239586804399e-01
2.285156250000000000e-01 1.159613462179273635e-01
7.285156250000000000e-01 1.162945684771742733e-01
4.785156250000000000e-01 1.166277907364211969e-01
9.785156250000000000e-01 1.169610129956681205e-01
2.539062500000000000e-02 1.172942352549150302e-01
5.253906250000000000e-01 1.176274575141619538e-01
2.753906250000000000e-01 1.179606797734088636e-01
7.753906250000000000e-01 1.182939020326557872e-01
1.503906250000000000e-01 1.186271242919026969e-01
6.503906250000000000e-01 1.189603465511496205e-01
4.003906250000000000e-01 1.192935688103965441e-01
9.003906250000000000e-01 1.196267910696434539e-01
8.789062500000000000e-02 1.199600133288903775e-01
5.878906250000000000e-01 1.202932355881372872e-01
3.378906250000000000e-01 1.206264578473842108e-01
8.378906250000000000e-01 1.209596801066311206e-01
2.128906250000000000e-01 1.212929023658780442e-01
7.128906250000000000e-01 1.216261246251249678e-01
4.628906250000000000e-01 1.219593468843718775e-01
9.628906250000000000e-01 1.222925691436188012e-01
5.664062500000000000e-02 1.226257914028657109e-01
5.566406250000000000e-01 1.229590136621126345e-01
3.066406250000000000e-01 1.232922359213595442e-01
8.066406250000000000e-01 1.236254581806064679e-01
1.816406250000000000e-01 1.239586804398533915e-01
6.816406250000000000e-01 1.242919026991003012e-01
4.316406250000000000e-01 1.246251249583472248e-01
9.316406250000000000e-01 1.249583472175941345e-01
1.191406250000000000e-01 1.252915694768410582e-01
6.191406250000000000e-01 1.256247917360879818e-01
3.691406250000000000e-01 1.259580139953349054e-01
8.691406250000000000e-01 1.262912362545818012e-01
2.441406250000000000e-01 1.266244585138287249e-01
7.441406250000000000e-01 1.269576807730756485e-01
4.941406250000000000e-01 1.272909030323225721e-01
9.941406250000000000e-01 1.276241252915694679e-01
5.859375000000000000e-03 1.279573475508163916e-01
5.058593750000000000e-01 1.282905698100633152e-01
2.558593750000000000e-01 1.286237920693102388e-01
7.558593750000000000e-01 1.289570143285571624e-01
1.308593750000000000e-01 1.292902365878040583e-01
6.308593750000000000e-01 1.296234588470509819e-01
3.808593750000000000e-01 1.299566811062979055e-01
8.808593750000000000e-01 1.302899033655448291e-01
6.835937500000000000e-02 1.306231256247917527e-01
5.683593750000000000e-01 1.309563478840386486e-01
3.183593750000000000e-01 1.312895701432855722e-01
8.183593750000000000e-01 1.316227924025324958e-01
1.933593750000000000e-01 1.319560146617794194e-01
6.933593750000000000e-01 1.322892369210263153e-01
4.433593750000000000e-01 1.326224591802732389e-01
9.433593750000000000e-01 1.329556814395201625e-01
3.710937500000000000e-02 1.332889036987670861e-01
5.371093750000000000e-01 1.336221259580140097e-01
2.871093750000000000e-01 1.339553482172609056e-01
7.871093750000000000e-01 1.342885704765078292e-01
1.621093750000000000e-01 1.346217927357547528e-01
6.621093750000000000e-01 1.349550149950016764e-01
4.121093750000000000e-01 1.352882372542486000e-01
9.121093750000000000e-01 1.356214595134954959e-01
9.960937500000000000e-02 1.359546817727424195e-01
5.996093750000000000e-01 1.362879040319893431e-01
3.496093750000000000e-01 1.366211262912362667e-01
8.496093750000000000e-01 1.369543485504831903e-01
2.246093750000000000e-01 1.372875708097300862e-01
7.246093750000000000e-01 1.376207930689770098e-01
4.746093750000000000e-01 1.379540153282239334e-01
9.746093750000000000e-01 1.382872375874708570e-01
2.148437500000000000e-02 1.386204598467177529e-01
5.214843750000000000e-01 1.389536821059646765e-01
2.714843750000000000e-01 1.392869043652116001e-01
7.714843750000000000e-01 1.396201266244585237e-01
1.464843750000000000e-01 1.399533488837054473e-01
6.464843750000000000e-01 1.402865711429523432e-01
3.964843750000000000e-01 1.406197934021992668e-01
8.964843750000000000e-01 1.409530156614461904e-01
8.398437500000000000e-02 1.412862379206931140e-01
5.839843750000000000e-01 1.416194601799400377e-01
3.339843750000000000e-01 1.419526824391869335e-01
8.339843750000000000e-01 1.422859046984338571e-01
2.089843750000000000e-01 1.426191269576807807e-01
7.089843750000000000e-01 1.429523492169277044e-01
4.589843750000000000e-01 1.432855714761746002e-01
9.589843750000000000e-01 1.436187937354215238e-01
5.273437500000000000e-02 1.439520159946684474e-01
5.527343750000000000e-01 1.442852382539153711e-01
3.027343750000000000e-01 1.446184605131622947e-01
8.027343750000000000e-01 1.449516827724091905e-01
1.777343750000000000e-01 1.452849050316561141e-01
6.777343750000000000e-01 1.456181272909030378e-01
4.277343750000000000e-01 1.459513495501499614e-01
9.277343750000000000e-01 1.462845718093968850e-01
1.152343750000000000e-01 1.466177940686437808e-01
6.152343750000000000e-01 1.469510163278907044e-01
3.652343750000000000e-01 1.472842385871376281e-01
8.652343750000000000e-01 1.476174608463845517e-01
2.402343750000000000e-01 1.479506831056314475e-01
7.402343750000000000e-01 1.482839053648783711e-01
4.902343750000000000e-01 1.486171276241252948e-01
9.902343750000000000e-01 1.489503498833722184e-01
1.367187500000000000e-02 1.492835721426191420e-01
5.136718750000000000e-01 1.496167944018660378e-01
2.636718750000000000e-01 1.499500166611129615e-01
7.636718750000000000e-01 1.502832389203598851e-01
1.386718750000000000e-01 1.506164611796068087e-01
6.386718750000000000e-01 1.509496834388537323e-01
3.886718750000000000e-01 1.512829056981006282e-01
8.886718750000000000e-01 1.516161279573475518e-01
7.617187500000000000e-02 1.519493502165944754e-01
5.761718750000000000e-01 1.522825724758413990e-01
3.261718750000000000e-01 1.526157947350882949e-01
8.261718750000000000e-01 1.529490169943352185e-01
2.011718750000000000e-01 1.532822392535821421e-01
7.011718750000000000e-01 1.536154615128290657e-01
4.511718750000000000e-01 1.539486837720759893e-01
9.511718750000000000e-01 1.542819060313228852e-01
4.492187500000000000e-02 1.546151282905698088e-01
5.449218750000000000e-01 1.549483505498167324e-01
2.949218750000000000e-01 1.552815728090636560e-01
7.949218750000000000e-01 1.556147950683105796e-01
1.699218750000000000e-01 1.559480173275574755e-01
6.699218750000000000e-01 1.562812395868043991e-01
4.199218750000000000e-01 1.566144618460513227e-01
9.199218750000000000e-01 1.569476841052982463e-01
1.074218750000000000e-01 1.572809063645451699e-01
6.074218750000000000e-01 1.576141286237920658e-01
3.574218750000000000e-01 1.579473508830389894e-01
8.574218750000000000e-01 1.582805731422859130e-01
2.324218750000000000e-01 1.586137954015328366e-01
7.324218750000000000e-01 1.589470176607797325e-01
4.824218750000000000e-01 1.592802399200266561e-01
9.824218750000000000e-01 1.596134621792735797e-01
2.929687500000000000e-02 1.599466844385205033e-01
5.292968750000000000e-01 1.602799066977674269e-01
2.792968750000000000e-01 1.606131289570143228e-01
7.792968750000000000e-01 1.609463512162612464e-01
1.542968750000000000e-01 1.612795734755081700e-01
6.542968750000000000e-01 1.616127957347550936e-01
4.042968750000000000e-01 1.619460179940020172e-01
9.042968750000000000e-01 1.622792402532489131e-01
9.179687500000000000e-02 1.626124625124958367e-01
5.917968750000000000e-01 1.629456847717427603e-01
3.417968750000000000e-01 1.632789070309896839e-01
8.417968750000000000e-01 1.636121292902365798e-01
2.167968750000000000e-01 1.639453515494835034e-01
7.167968750000000000e-01 1.642785738087304270e-01
4.667968750000000000e-01 1.646117960679773506e-01
9.667968750000000000e-01 1.649450183272242743e-01
6.054687500000000000e-02 1.652782405864711701e-01
5.605468750000000000e-01 1.656114628457180937e-01
3.105468750000000000e-01 1.659446851049650173e-01
8.105468750000000000e-01 1.662779073642119410e-01
1.855468750000000000e-01 1.666111296234588646e-01
6.855468750000000000e-01 1.669443518827057604e-01
4.355468750000000000e-01 1.672775741419526840e-01
9.355468750000000000e-01 1.676107964011996077e-01
1.230468750000000000e-01 1.679440186604465313e-01
6.230468750000000000e-01 1.682772409196934271e-01
3.730468750000000000e-01 1.686104631789403507e-01
8.730468750000000000e-01 1.689436854381872744e-01
2.480468750000000000e-01 1.692769076974341980e-01
7.480468750000000000e-01 1.696101299566811216e-01
4.980468750000000000e-01 1.699433522159280174e-01
9.980468750000000000e-01 1.702765744751749410e-01
9.765625000000000000e-04 1.706097967344218647e-01
5.009765625000000000e-01 1.709430189936687883e-01
2.509765625000000000e-01 1.712762412529157119e-01
7.509765625000000000e-01 1.716094635121626077e-01
1.259765625000000000e-01 1.719426857714095314e-01
6.259765625000000000e-01 1.722759080306564550e-01
3.759765625000000000e-01 1.726091302899033786e-01
8.759765625000000000e-01 1.729423525491503022e-01
6.347656250000000000e-02 1.732755748083971981e-01
5.634765625000000000e-01 1.736087970676441217e-01
3.134765625000000000e-01 1.739420193268910453e-01
8.134765625000000000e-01 1.742752415861379689e-01
1.884765625000000000e-01 1.746084638453848648e-01
6.884765625000000000e-01 1.749416861046317884e-01
4.384765625000000000e-01 1.752749083638787120e-01
9.384765625000000000e-01 1.756081306231256356e-01
3.222656250000000000e-02 1.759413528823725592e-01
5.322265625000000000e-01 1.762745751416194551e-01
2.822265625000000000e-01 1.766077974008663787e-01
7.822265625000000000e-01 1.769410196601133023e-01
1.572265625000000000e-01 1.772742419193602259e-01
6.572265625000000000e-01 1.776074641786071495e-01
4.072265625000000000e-01 1.779406864378540454e-01
9.072265625000000000e-01 1.782739086971009690e-01
9.472656250000000000e-02 1.786071309563478926e-01
5.947265625000000000e-01 1.789403532155948162e-01
3.447265625000000000e-01 1.792735754748417121e-01
8.447265625000000000e-01 1.796067977340886357e-01
2.197265625000000000e-01 1.799400199933355593e-01
7.197265625000000000e-01 1.802732422525824829e-01
4.697265625000000000e-01 1.806064645118294065e-01
9.697265625000000000e-01 1.809396867710763024e-01
1.660156250000000000e-02 1.812729090303232260e-01
5.166015625000000000e-01 1.816061312895701496e-01
2.666015625000000000e-01 1.819393535488170732e-01
7.666015625000000000e-01 1.822725758080639968e-01
1.416015625000000000e-01 1.826057980673108927e-01
6.416015625000000000e-01 1.829390203265578163e-01
3.916015625000000000e-01 1.832722425858047399e-01
8.916015625000000000e-01 1.836054648450516635e-01
7.910156250000000000e-02 1.839386871042985594e-01
5.791015625000000000e-01 1.842719093635454830e-01
3.291015625000000000e-01 1.846051316227924066e-01
8.291015625000000000e-01 1.849383538820393302e-01
2.041015625000000000e-01 1.852715761412862538e-01
7.041015625000000000e-01 1.856047984005331497e-01
4.541015625000000000e-01 1.859380206597800733e-01
9.541015625000000000e-01 1.862712429190269969e-01
4.785156250000000000e-02 1.866044651782739205e-01
5.478515625000000000e-01 1.869376874375208442e-01
2.978515625000000000e-01 1.872709096967677400e-01
7.978515625000000000e-01 1.876041319560146636e-01
1.728515625000000000e-01 1.879373542152615872e-01
6.728515625000000000e-01 1.882705764745085109e-01
4.228515625000000000e-01 1.886037987337554345e-01
9.228515625000000000e-01 1.889370209930023303e-01
1.103515625000000000e-01 1.892702432522492539e-01
6.103515625000000000e-01 1.896034655114961776e-01
3.603515625000000000e-01 1.899366877707431012e-01
8.603515625000000000e-01 1.902699100299899970e-01
2.353515625000000000e-01 1.906031322892369206e-01
7.353515625000000000e-01 1.909363545484838443e-01
4.853515625000000000e-01 1.912695768077307679e-01
9.853515625000000000e-01 1.916027990669776915e-01
8.789062500000000000e-03 1.919360213262245873e-01
5.087890625000000000e-01 1.922692435854715109e-01
2.587890625000000000e-01 1.926024658447184346e-01
7.587890625000000000e-01 1.929356881039653582e-01
1.337890625000000000e-01 1.932689103632122818e-01
6.337890625000000000e-01 1.936021326224591776e-01
3.837890625000000000e-01 1.939353548817061013e-01
8.837890625000000000e-01 1.942685771409530249e-01
7.128906250000000000e-02 1.946017994001999485e-01
5.712890625000000000e-01 1.949350216594468443e-01
3.212890625000000000e-01 1.952682439186937680e-01
8.212890625000000000e-01 1.956014661779406916e-01
1.962890625000000000e-01 1.959346884371876152e-01
6.962890625000000000e-01 1.962679106964345388e-01
4.462890625000000000e-01 1.966011329556814347e-01
9.462890625000000000e-01 1.969343552149283583e-01
4.003906250000000000e-02 1.972675774741752819e-01
5.400390625000000000e-01 1.976007997334222055e-01
2.900390625000000000e-01 1.979340219926691291e-01
7.900390625000000000e-01 1.982672442519160250e-01
1.650390625000000000e-01 1.986004665111629486e-01
6.650390625000000000e-01 1.989336887704098722e-01
4.150390625000000000e-01 1.992669110296567958e-01
9.150390625000000000e-01 1.996001332889036917e-01
1.025390625000000000e-01 1.999333555481506153e-01
6.025390625000000000e-01 2.002665778073975389e-01
3.525390625000000000e-01 2.005998000666444625e-01
8.525390625000000000e-01 2.009330223258913861e-01
2.275390625000000000e-01 2.012662445851382820e-01
7.275390625000000000e-01 2.015994668443852056e-01
4.775390625000000000e-01 2.019326891036321292e-01
9.775390625000000000e-01 2.022659113628790528e-01
2.441406250000000000e-02 2.025991336221259764e-01
5.244140625000000000e-01 2.029323558813728723e-01
2.744140625000000000e-01 2.032655781406197959e-01
7.744140625000000000e-01 2.035988003998667195e-01
1.494140625000000000e-01 2.039320226591136431e-01
6.494140625000000000e-01 2.042652449183605390e-01
3.994140625000000000e-01 2.045984671776074626e-01
8.994140625000000000e-01 2.049316894368543862e-01
8.691406250000000000e-02 2.052649116961013098e-01
5.869140625000000000e-01 2.055981339553482334e-01
3.369140625000000000e-01 2.059313562145951293e-01
8.369140625000000000e-01 2.062645784738420529e-01
2.119140625000000000e-01 2.065978007330889765e-01
7.119140625000000000e-01 2.069310229923359001e-01
4.619140625000000000e-01 2.072642452515828237e-01
9.619140625000000000e-01 2.075974675108297196e-01
5.566406250000000000e-02 2.079306897700766432e-01
5.556640625000000000e-01 2.082639120293235668e-01
3.056640625000000000e-01 2.085971342885704904e-01
8.056640625000000000e-01 2.089303565478174141e-01
1.806640625000000000e-01 2.092635788070643099e-01
6.806640625000000000e-01 2.095968010663112335e-01
4.306640625000000000e-01 2.099300233255581571e-01
9.306640625000000000e-01 2.102632455848050808e-01
1.181640625000000000e-01 2.105964678440519766e-01
6.181640625000000000e-01 2.109296901032989002e-01
3.681640625000000000e-01 2.112629123625458238e-01
8.681640625000000000e-01 2.115961346217927475e-01
2.431640625000000000e-01 2.119293568810396711e-01
7.431640625000000000e-01 2.122625791402865669e-01
4.931640625000000000e-01 2.125958013995334905e-01
9.931640625000000000e-01 2.129290236587804142e-01
4.882812500000000000e-03 2.132622459180273378e-01
5.048828125000000000e-01 2.135954681772742614e-01
2.548828125000000000e-01 2.139286904365211572e-01
7.548828125000000000e-01 2.142619126957680808e-01
1.298828125000000000e-01 2.145951349550150045e-01
6.298828125000000000e-01 2.149283572142619281e-01
3.798828125000000000e-01 2.152615794735088239e-01
8.798828125000000000e-01 2.155948017327557475e-01
6.738281250000000000e-02 2.159280239920026712e-01
5.673828125000000000e-01 2.162612462512495948e-01
3.173828125000000000e-01 2.165944685104965184e-01
8.173828125000000000e-01 2.169276907697434142e-01
1.923828125000000000e-01 2.172609130289903379e-01
6.923828125000000000e-01 2.175941352882372615e-01
4.423828125000000000e-01 2.179273575474841851e-01
9.423828125000000000e-01 2.182605798067311087e-01
3.613281250000000000e-02 2.185938020659780046e-01
5.361328125000000000e-01 2.189270243252249282e-01
2.861328125000000000e-01 2.192602465844718518e-01
7.861328125000000000e-01 2.195934688437187754e-01
1.611328125000000000e-01 2.199266911029656713e-01
6.611328125000000000e-01 2.202599133622125949e-01
4.111328125000000000e-01 2.205931356214595185e-01
9.111328125000000000e-01 2.209263578807064421e-01
9.863281250000000000e-02 2.212595801399533657e-01
5.986328125000000000e-01 2.215928023992002616e-01
3.486328125000000000e-01 2.219260246584471852e-01
8.486328125000000000e-01 2.222592469176941088e-01
2.236328125000000000e-01 2.225924691769410324e-01
7.236328125000000000e-01 2.229256914361879560e-01
4.736328125000000000e-01 2.232589136954348519e-01
9.736328125000000000e-01 2.235921359546817755e-01
2.050781250000000000e-02 2.239253582139286991e-01
5.205078125000000000e-01 2.242585804731756227e-01
2.705078125000000000e-01 2.245918027324225463e-01
7.705078125000000000e-01 2.249250249916694422e-01
1.455078125000000000e-01 2.252582472509163658e-01
6.455078125000000000e-01 2.255914695101632894e-01
3.955078125000000000e-01 2.259246917694102130e-01
8.955078125000000000e-01 2.262579140286571089e-01
8.300781250000000000e-02 2.265911362879040325e-01
5.830078125000000000e-01 2.269243585471509561e-01
3.330078125000000000e-01 2.272575808063978797e-01
8.330078125000000000e-01 2.275908030656448033e-01
2.080078125000000000e-01 2.279240253248916992e-01
7.080078125000000000e-01 2.282572475841386228e-01
4.580078125000000000e-01 2.285904698433855464e-01
9.580078125000000000e-01 2.289236921026324700e-01
5.175781250000000000e-02 2.292569143618793936e-01
5.517578125000000000e-01 2.295901366211262895e-01
3.017578125000000000e-01 2.299233588803732131e-01
8.017578125000000000e-01 2.302565811396201367e-01
1.767578125000000000e-01 2.305898033988670603e-01
6.767578125000000000e-01 2.309230256581139562e-01
4.267578125000000000e-01 2.312562479173608798e-01
9.267578125000000000e-01 2.315894701766078034e-01
1.142578125000000000e-01 2.319226924358547270e-01
6.142578125000000000e-01 2.322559146951016507e-01
3.642578125000000000e-01 2.325891369543485465e-01
8.642578125000000000e-01 2.329223592135954701e-01
2.392578125000000000e-01 2.332555814728423937e-01
7.392578125000000000e-01 2.335888037320893174e-01
4.892578125000000000e-01 2.339220259913362410e-01
9.892578125000000000e-01 2.342552482505831368e-01
1.269531250000000000e-02 2.345884705098300604e-01
5.126953125000000000e-01 2.349216927690769841e-01
2.626953125000000000e-01 2.352549150283239077e-01
7.626953125000000000e-01 2.355881372875708035e-01
1.376953125000000000e-01 2.359213595468177271e-01
6.376953125000000000e-01 2.362545818060646508e-01
3.876953125000000000e-01 2.365878040653115744e-01
8.876953125000000000e-01 2.369210263245584980e-01
7.519531250000000000e-02 2.372542485838053938e-01
5.751953125000000000e-01 2.375874708430523174e-01
3.251953125000000000e-01 2.379206931022992411e-01
8.251953125000000000e-01 2.382539153615461647e-01
2.001953125000000000e-01 2.385871376207930883e-01
7.001953125000000000e-01 2.389203598800399841e-01
4.501953125000000000e-01 2.392535821392869078e-01
9.501953125000000000e-01 2.395868043985338314e-01
4.394531250000000000e-02 2.399200266577807550e-01
5.439453125000000000e-01 2.402532489170276786e-01
2.939453125000000000e-01 2.405864711762745745e-01
7.939453125000000000e-01 2.409196934355214981e-01
1.689453125000000000e-01 2.412529156947684217e-01
6.689453125000000000e-01 2.415861379540153453e-01
4.189453125000000000e-01 2.419193602132622412e-01
9.189453125000000000e-01 2.422525824725091648e-01
1.064453125000000000e-01 2.425858047317560884e-01
6.064453125000000000e-01 2.429190269910030120e-01
3.564453125000000000e-01 2.432522492502499356e-01
8.564453125000000000e-01 2.435854715094968315e-01
2.314453125000000000e-01 2.439186937687437551e-01
7.314453125000000000e-01 2.442519160279906787e-01
4.814453125000000000e-01 2.445851382872376023e-01
9.814453125000000000e-01 2.449183605464845259e-01
2.832031250000000000e-02 2.452515828057314218e-01
5.283203125000000000e-01 2.455848050649783454e-01
2.783203125000000000e-01 2.459180273242252690e-01
7.783203125000000000e-01 2.462512495834721926e-01
1.533203125000000000e-01 2.465844718427190885e-01
6.533203125000000000e-01 2.469176941019660121e-01
4.033203125000000000e-01 2.472509163612129357e-01
9.033203125000000000e-01 2.475841386204598593e-01
9.082031250000000000e-02 2.479173608797067829e-01
5.908203125000000000e-01 2.482505831389536788e-01
3.408203125000000000e-01 2.485838053982006024e-01
8.408203125000000000e-01 2.489170276574475260e-01
2.158203125000000000e-01 2.492502499166944496e-01
7.158203125000000000e-01 2.495834721759413732e-01
4.658203125000000000e-01 2.499166944351882691e-01
9.658203125000000000e-01 2.502499166944351927e-01
5.957031250000000000e-02 2.505831389536821163e-01
5.595703125000000000e-01 2.509163612129290399e-01
3.095703125000000000e-01 2.512495834721759635e-01
8.095703125000000000e-01 2.515828057314228872e-01
1.845703125000000000e-01 2.519160279906698108e-01
6.845703125000000000e-01 2.522492502499166789e-01
4.345703125000000000e-01 2.525824725091636025e-01
9.345703125000000000e-01 2.529156947684105261e-01
1.220703125000000000e-01 2.532489170276574497e-01
6.220703125000000000e-01 2.535821392869043733e-01
3.720703125000000000e-01 2.539153615461512969e-01
8.720703125000000000e-01 2.542485838053982206e-01
2.470703125000000000e-01 2.545818060646451442e-01
7.470703125000000000e-01 2.549150283238920678e-01
4.970703125000000000e-01 2.552482505831389359e-01
9.970703125000000000e-01 2.555814728423858595e-01
2.929687500000000000e-03 2.559146951016327831e-01
5.029296875000000000e-01 2.562479173608797067e-01
2.529296875000000000e-01 2.565811396201266303e-01
7.529296875000000000e-01 2.569143618793735540e-01
1.279296875000000000e-01 2.572475841386204776e-01
6.279296875000000000e-01 2.575808063978674012e-01
3.779296875000000000e-01 2.579140286571143248e-01
8.779296875000000000e-01 2.582472509163612484e-01
6.542968750000000000e-02 2.585804731756081165e-01
5.654296875000000000e-01 2.589136954348550401e-01
3.154296875000000000e-01 2.592469176941019637e-01
8.154296875000000000e-01 2.595801399533488873e-01
1.904296875000000000e-01 2.599133622125958110e-01
6.904296875000000000e-01 2.602465844718427346e-01
4.404296875000000000e-01 2.605798067310896582e-01
9.404296875000000000e-01 2.609130289903365818e-01
3.417968750000000000e-02 2.612462512495835054e-01
5.341796875000000000e-01 2.615794735088303735e-01
2.841796875000000000e-01 2.619126957680772971e-01
7.841796875000000000e-01 2.622459180273242207e-01
1.591796875000000000e-01 2.625791402865711444e-01
6.591796875000000000e-01 2.629123625458180680e-01
4.091796875000000000e-01 2.632455848050649916e-01
9.091796875000000000e-01 2.635788070643119152e-01
9.667968750000000000e-02 2.639120293235588388e-01
5.966796875000000000e-01 2.642452515828057624e-01
3.466796875000000000e-01 2.645784738420526305e-01
8.466796875000000000e-01 2.649116961012995541e-01
2.216796875000000000e-01 2.652449183605464778e-01
7.216796875000000000e-01 2.655781406197934014e-01
4.716796875000000000e-01 2.659113628790403250e-01
9.716796875000000000e-01 2.662445851382872486e-01
1.855468750000000000e-02 2.665778073975341722e-01
5.185546875000000000e-01 2.669110296567810958e-01
2.685546875000000000e-01 2.672442519160280194e-01
7.685546875000000000e-01 2.675774741752749430e-01
1.435546875000000000e-01 2.679106964345218111e-01
6.435546875000000000e-01 2.682439186937687348e-01
3.935546875000000000e-01 2.685771409530156584e-01
8.935546875000000000e-01 2.689103632122625820e-01
8.105468750000000000e-02 2.692435854715095056e-01
5.810546875000000000e-01 2.695768077307564292e-01
3.310546875000000000e-01 2.699100299900033528e-01
8.310546875000000000e-01 2.702432522492502764e-01
2.060546875000000000e-01 2.705764745084972001e-01
7.060546875000000000e-01 2.709096967677440682e-01
4.560546875000000000e-01 2.712429190269909918e-01
9.560546875000000000e-01 2.715761412862379154e-01
4.980468750000000000e-02 2.719093635454848390e-01
5.498046875000000000e-01 2.722425858047317626e-01
2.998046875000000000e-01 2.725758080639786862e-01
7.998046875000000000e-01 2.729090303232256098e-01
1.748046875000000000e-01 2.732422525824725335e-01
6.748046875000000000e-01 2.735754748417194571e-01
4.248046875000000000e-01 2.739086971009663807e-01
9.248046875000000000e-01 2.742419193602132488e-01
1.123046875000000000e-01 2.745751416194601724e-01
6.123046875000000000e-01 2.749083638787070960e-01
3.623046875000000000e-01 2.752415861379540196e-01
8.623046875000000000e-01 2.755748083972009432e-01
2.373046875000000000e-01 2.759080306564478668e-01
7.373046875000000000e-01 2.762412529156947905e-01
4.873046875000000000e-01 2.765744751749417141e-01
9.873046875000000000e-01 2.769076974341886377e-01
1.074218750000000000e-02 2.772409196934355058e-01
5.107421875000000000e-01 2.775741419526824294e-01
2.607421875000000000e-01 2.779073642119293530e-01
7.607421875000000000e-01 2.782405864711762766e-01
1.357421875000000000e-01 2.785738087304232002e-01
6.357421875000000000e-01 2.789070309896701239e-01
3.857421875000000000e-01 2.792402532489170475e-01
8.857421875000000000e-01 2.795734755081639711e-01
7.324218750000000000e-02 2.799066977674108947e-01
5.732421875000000000e-01 2.802399200266577628e-01
3.232421875000000000e-01 2.805731422859046864e-01
8.232421875000000000e-01 2.809063645451516100e-01
1.982421875000000000e-01 2.812395868043985336e-01
6.982421875000000000e-01 2.815728090636454573e-01
4.482421875000000000e-01 2.819060313228923809e-01
9.482421875000000000e-01 2.822392535821393045e-01
4.199218750000000000e-02 2.825724758413862281e-01
5.419921875000000000e-01 2.829056981006331517e-01
2.919921875000000000e-01 2.832389203598800753e-01
7.919921875000000000e-01 2.835721426191269434e-01
1.669921875000000000e-01 2.839053648783738670e-01
6.669921875000000000e-01 2.842385871376207906e-01
4.169921875000000000e-01 2.845718093968677143e-01
9.169921875000000000e-01 2.849050316561146379e-01
1.044921875000000000e-01 2.852382539153615615e-01
6.044921875000000000e-01 2.855714761746084851e-01
3.544921875000000000e-01 2.859046984338554087e-01
8.544921875000000000e-01 2.862379206931023323e-01
2.294921875000000000e-01 2.865711429523492004e-01
7.294921875000000000e-01 2.869043652115961240e-01
4.794921875000000000e-01 2.872375874708430477e-01
9.794921875000000000e-01 2.875708097300899713e-01
2.636718750000000000e-02 2.879040319893368949e-01
5.263671875000000000e-01 2.882372542485838185e-01
2.763671875000000000e-01 2.885704765078307421e-01
7.763671875000000000e-01 2.889036987670776657e-01
1.513671875000000000e-01 2.892369210263245893e-01
6.513671875000000000e-01 2.895701432855714574e-01
4.013671875000000000e-01 2.899033655448183810e-01
9.013671875000000000e-01 2.902365878040653047e-01
8.886718750000000000e-02 2.905698100633122283e-01
5.888671875000000000e-01 2.909030323225591519e-01
3.388671875000000000e-01 2.912362545818060755e-01
8.388671875000000000e-01 2.915694768410529991e-01
2.138671875000000000e-01 2.919026991002999227e-01
7.138671875000000000e-01 2.922359213595468463e-01
4.638671875000000000e-01 2.925691436187937700e-01
9.638671875000000000e-01 2.929023658780406381e-01
5.761718750000000000e-02 2.932355881372875617e-01
5.576171875000000000e-01 2.935688103965344853e-01
3.076171875000000000e-01 2.939020326557814089e-01
8.076171875000000000e-01 2.942352549150283325e-01
1.826171875000000000e-01 2.945684771742752561e-01
6.826171875000000000e-01 2.949016994335221797e-01
4.326171875000000000e-01 2.952349216927691034e-01
9.326171875000000000e-01 2.955681439520160270e-01
1.201171875000000000e-01 2.959013662112628951e-01
6.201171875000000000e-01 2.962345884705098187e-01
3.701171875000000000e-01 2.965678107297567423e-01
8.701171875000000000e-01 2.969010329890036659e-01
2.451171875000000000e-01 2.972342552482505895e-01
7.451171875000000000e-01 2.975674775074975131e-01
4.951171875000000000e-01 2.979006997667444367e-01
9.951171875000000000e-01 2.982339220259913604e-01
6.835937500000000000e-03 2.985671442852382840e-01
5.068359375000000000e-01 2.989003665444852076e-01
2.568359375000000000e-01 2.992335888037320757e-01
7.568359375000000000e-01 2.995668110629789993e-01
1.318359375000000000e-01 2.999000333222259229e-01
6.318359375000000000e-01 3.002332555814728465e-01
3.818359375000000000e-01 3.005664778407197701e-01
8.818359375000000000e-01 3.008997000999666938e-01
6.933593750000000000e-02 3.012329223592136174e-01
5.693359375000000000e-01 3.015661446184605410e-01
3.193359375000000000e-01 3.018993668777074646e-01
8.193359375000000000e-01 3.022325891369543327e-01
1.943359375000000000e-01 3.025658113962012563e-01
6.943359375000000000e-01 3.028990336554481799e-01
4.443359375000000000e-01 3.032322559146951035e-01
9.443359375000000000e-01 3.035654781739420272e-01
3.808593750000000000e-02 3.038987004331889508e-01
5.380859375000000000e-01 3.042319226924358744e-01
2.880859375000000000e-01 3.045651449516827980e-01
7.880859375000000000e-01 3.048983672109297216e-01
1.630859375000000000e-01 3.052315894701765897e-01
6.630859375000000000e-01 3.055648117294235133e-01
4.130859375000000000e-01 3.058980339886704369e-01
9.130859375000000000e-01 3.062312562479173605e-01
1.005859375000000000e-01 3.065644785071642842e-01
6.005859375000000000e-01 3.068977007664112078e-01
3.505859375000000000e-01 3.072309230256581314e-01
8.505859375000000000e-01 3.075641452849050550e-01
2.255859375000000000e-01 3.078973675441519786e-01
7.255859375000000000e-01 3.082305898033989022e-01
4.755859375000000000e-01 3.085638120626457703e-01
9.755859375000000000e-01 3.088970343218926939e-01
2.246093750000000000e-02 3.092302565811396176e-01
5.224609375000000000e-01 3.095634788403865412e-01
2.724609375000000000e-01 3.098967010996334648e-01
7.724609375000000000e-01 3.102299233588803884e-01
1.474609375000000000e-01 3.105631456181273120e-01
6.474609375000000000e-01 3.108963678773742356e-01
3.974609375000000000e-01 3.112295901366211592e-01
8.974609375000000000e-01 3.115628123958680273e-01
8.496093750000000000e-02 3.118960346551149510e-01
5.849609375000000000e-01 3.122292569143618746e-01
3.349609375000000000e-01 3.125624791736087982e-01
8.349609375000000000e-01 3.128957014328557218e-01
2.099609375000000000e-01 3.132289236921026454e-01
7.099609375000000000e-01 3.135621459513495690e-01
4.599609375000000000e-01 3.138953682105964926e-01
9.599609375000000000e-01 3.142285904698434162e-01
5.371093750000000000e-02 3.145618127290903399e-01
5.537109375000000000e-01 3.148950349883372080e-01
3.037109375000000000e-01 3.152282572475841316e-01
8.037109375000000000e-01 3.155614795068310552e-01
1.787109375000000000e-01 3.158947017660779788e-01
6.787109375000000000e-01 3.162279240253249024e-01
4.287109375000000000e-01 3.165611462845718260e-01
9.287109375000000000e-01 3.168943685438187496e-01
1.162109375000000000e-01 3.172275908030656733e-01
6.162109375000000000e-01 3.175608130623125969e-01
3.662109375000000000e-01 3.178940353215594650e-01
8.662109375000000000e-01 3.182272575808063886e-01
2.412109375000000000e-01 3.185604798400533122e-01
7.412109375000000000e-01 3.188937020993002358e-01
4.912109375000000000e-01 3.192269243585471594e-01
9.912109375000000000e-01 3.195601466177940830e-01
1.464843750000000000e-02 3.198933688770410066e-01
5.146484375000000000e-01 3.202265911362879303e-01
2.646484375000000000e-01 3.205598133955348539e-01
7.646484375000000000e-01 3.208930356547817220e-01
1.396484375000000000e-01 3.212262579140286456e-01
6.396484375000000000e-01 3.215594801732755692e-01
3.896484375000000000e-01 3.218927024325224928e-01
8.896484375000000000e-01 3.222259246917694164e-01
7.714843750000000000e-02 3.225591469510163400e-01
5.771484375000000000e-01 3.228923692102632637e-01
3.271484375000000000e-01 3.232255914695101873e-01
8.271484375000000000e-01 3.235588137287571109e-01
2.021484375000000000e-01 3.238920359880040345e-01
7.021484375000000000e-01 3.242252582472509026e-01
4.521484375000000000e-01 3.245584805064978262e-01
9.521484375000000000e-01 3.248917027657447498e-01
4.589843750000000000e-02 3.252249250249916734e-01
5.458984375000000000e-01 3.255581472842385971e-01
2.958984375000000000e-01 3.258913695434855207e-01
7.958984375000000000e-01 3.262245918027324443e-01
1.708984375000000000e-01 3.265578140619793679e-01
6.708984375000000000e-01 3.268910363212262915e-01
4.208984375000000000e-01 3.272242585804731596e-01
9.208984375000000000e-01 3.275574808397200832e-01
1.083984375000000000e-01 3.278907030989670068e-01
6.083984375000000000e-01 3.282239253582139304e-01
3.583984375000000000e-01 3.285571476174608541e-01
8.583984375000000000e-01 3.288903698767077777e-01
2.333984375000000000e-01 3.292235921359547013e-01
7.333984375000000000e-01 3.295568143952016249e-01
4.833984375000000000e-01 3.298900366544485485e-01
9.833984375000000000e-01 3.302232589136954721e-01
3.027343750000000000e-02 3.305564811729423402e-01
5.302734375000000000e-01 3.308897034321892638e-01
2.802734375000000000e-01 3.312229256914361875e-01
7.802734375000000000e-01 3.315561479506831111e-01
1.552734375000000000e-01 3.318893702099300347e-01
6.552734375000000000e-01 3.322225924691769583e-01
4.052734375000000000e-01 3.325558147284238819e-01
9.052734375000000000e-01 3.328890369876708055e-01
9.277343750000000000e-02 3.332222592469177291e-01
5.927734375000000000e-01 3.335554815061645972e-01
3.427734375000000000e-01 3.338887037654115209e-01
8.427734375000000000e-01 3.342219260246584445e-01
2.177734375000000000e-01 3.345551482839053681e-01
7.177734375000000000e-01 3.348883705431522917e-01
4.677734375000000000e-01 3.352215928023992153e-01
9.677734375000000000e-01 3.355548150616461389e-01
6.152343750000000000e-02 3.358880373208930625e-01
5.615234375000000000e-01 3.362212595801399861e-01
3.115234375000000000e-01 3.365544818393868542e-01
8.115234375000000000e-01 3.368877040986337779e-01
1.865234375000000000e-01 3.372209263578807015e-01
6.865234375000000000e-01 3.375541486171276251e-01
4.365234375000000000e-01 3.378873708763745487e-01
9.365234375000000000e-01 3.382205931356214723e-01
1.240234375000000000e-01 3.385538153948683959e-01
6.240234375000000000e-01 3.388870376541153195e-01
3.740234375000000000e-01 3.392202599133622432e-01
8.740234375000000000e-01 3.395534821726091668e-01
2.490234375000000000e-01 3.398867044318560349e-01
7.490234375000000000e-01 3.402199266911029585e-01
4.990234375000000000e-01 3.405531489503498821e-01
9.990234375000000000e-01 3.408863712095968057e-01
4.882812500000000000e-04 3.412195934688437293e-01
5.004882812500000000e-01 3.415528157280906529e-01
2.504882812500000000e-01 3.418860379873375765e-01
7.504882812500000000e-01 3.422192602465845002e-01
1.254882812500000000e-01 3.425524825058314238e-01
6.254882812500000000e-01 3.428857047650782919e-01
3.754882812500000000e-01 3.432189270243252155e-01
8.754882812500000000e-01 3.435521492835721391e-01
6.298828125000000000e-02 3.438853715428190627e-01
5.629882812500000000e-01 3.442185938020659863e-01
3.129882812500000000e-01 3.445518160613129099e-01
8.129882812500000000e-01 3.448850383205598336e-01
1.879882812500000000e-01 3.452182605798067572e-01
6.879882812500000000e-01 3.455514828390536808e-01
4.379882812500000000e-01 3.458847050983006044e-01
9.379882812500000000e-01 3.462179273575474725e-01
3.173828125000000000e-02 3.465511496167943961e-01
5.317382812500000000e-01 3.468843718760413197e-01
2.817382812500000000e-01 3.472175941352882433e-01
7.817382812500000000e-01 3.475508163945351670e-01
1.567382812500000000e-01 3.478840386537820906e-01
6.567382812500000000e-01 3.482172609130290142e-01
4.067382812500000000e-01 3.485504831722759378e-01
9.067382812500000000e-01 3.488837054315228614e-01
9.423828125000000000e-02 3.492169276907697295e-01
5.942382812500000000e-01 3.495501499500166531e-01
3.442382812500000000e-01 3.498833722092635767e-01
8.442382812500000000e-01 3.502165944685105003e-01
2.192382812500000000e-01 3.505498167277574240e-01
7.192382812500000000e-01 3.508830389870043476e-01
4.692382812500000000e-01 3.512162612462512712e-01
9.692382812500000000e-01 3.515494835054981948e-01
1.611328125000000000e-02 3.518827057647451184e-01
5.161132812500000000e-01 3.522159280239919865e-01
2.661132812500000000e-01 3.525491502832389101e-01
7.661132812500000000e-01 3.528823725424858337e-01
1.411132812500000000e-01 3.532155948017327574e-01
6.411132812500000000e-01 3.535488170609796810e-01
3.911132812500000000e-01 3.538820393202266046e-01
8.911132812500000000e-01 3.542152615794735282e-01
7.861328125000000000e-02 3.545484838387204518e-01
5.786132812500000000e-01 3.548817060979673754e-01
3.286132812500000000e-01 3.552149283572142990e-01
8.286132812500000000e-01 3.555481506164611671e-01
2.036132812500000000e-01 3.558813728757080908e-01
7.036132812500000000e-01 3.562145951349550144e-01
4.536132812500000000e-01 3.565478173942019380e-01
9.536132812500000000e-01 3.568810396534488616e-01
4.736328125000000000e-02 3.572142619126957852e-01
5.473632812500000000e-01 3.575474841719427088e-01
2.973632812500000000e-01 3.578807064311896324e-01
7.973632812500000000e-01 3.582139286904365560e-01
1.723632812500000000e-01 3.585471509496834241e-01
6.723632812500000000e-01 3.588803732089303478e-01
4.223632812500000000e-01 3.592135954681772714e-01
9.223632812500000000e-01 3.595468177274241950e-01
1.098632812500000000e-01 3.598800399866711186e-01
6.098632812500000000e-01 3.602132622459180422e-01
3.598632812500000000e-01 3.605464845051649658e-01
8.598632812500000000e-01 3.608797067644118894e-01
2.348632812500000000e-01 3.612129290236588131e-01
7.348632812500000000e-01 3.615461512829057367e-01
4.848632812500000000e-01 3.618793735421526048e-01
9.848632812500000000e-01 3.622125958013995284e-01
8.300781250000000000e-03 3.625458180606464520e-01
5.083007812500000000e-01 3.628790403198933756e-01
2.583007812500000000e-01 3.632122625791402992e-01
7.583007812500000000e-01 3.635454848383872228e-01
1.333007812500000000e-01 3.638787070976341465e-01
6.333007812500000000e-01 3.642119293568810701e-01
3.833007812500000000e-01 3.645451516161279937e-01
8.833007812500000000e-01 3.648783738753748618e-01
7.080078125000000000e-02 3.652115961346217854e-01
5.708007812500000000e-01 3.655448183938687090e-01
3.208007812500000000e-01 3.658780406531156326e-01
8.208007812500000000e-01 3.662112629123625562e-01
1.958007812500000000e-01 3.665444851716094798e-01
6.958007812500000000e-01 3.668777074308564035e-01
4.458007812500000000e-01 3.672109296901033271e-01
9.458007812500000000e-01 3.675441519493502507e-01
3.955078125000000000e-02 3.678773742085971188e-01
5.395507812500000000e-01 3.682105964678440424e-01
2.895507812500000000e-01 3.685438187270909660e-01
7.895507812500000000e-01 3.688770409863378896e-01
1.645507812500000000e-01 3.692102632455848132e-01
6.645507812500000000e-01 3.695434855048317369e-01
4.145507812500000000e-01 3.698767077640786605e-01
9.145507812500000000e-01 3.702099300233255841e-01
1.020507812500000000e-01 3.705431522825725077e-01
6.020507812500000000e-01 3.708763745418194313e-01
3.520507812500000000e-01 3.712095968010662994e-01
8.520507812500000000e-01 3.715428190603132230e-01
2.270507812500000000e-01 3.718760413195601466e-01
7.270507812500000000e-01 3.722092635788070702e-01
4.770507812500000000e-01 3.725424858380539939e-01
9.770507812500000000e-01 3.728757080973009175e-01
2.392578125000000000e-02 3.732089303565478411e-01
5.239257812500000000e-01 3.735421526157947647e-01
2.739257812500000000e-01 3.738753748750416883e-01
7.739257812500000000e-01 3.742085971342885564e-01
1.489257812500000000e-01 3.745418193935354800e-01
6.489257812500000000e-01 3.748750416527824036e-01
3.989257812500000000e-01 3.752082639120293273e-01
8.989257812500000000e-01 3.755414861712762509e-01
8.642578125000000000e-02 3.758747084305231745e-01
5.864257812500000000e-01 3.762079306897700981e-01
3.364257812500000000e-01 3.765411529490170217e-01
8.364257812500000000e-01 3.768743752082639453e-01
2.114257812500000000e-01 3.772075974675108689e-01
7.114257812500000000e-01 3.775408197267577370e-01
4.614257812500000000e-01 3.778740419860046607e-01
9.614257812500000000e-01 3.782072642452515843e-01
5.517578125000000000e-02 3.785404865044985079e-01
5.551757812500000000e-01 3.788737087637454315e-01
3.051757812500000000e-01 3.792069310229923551e-01
8.051757812500000000e-01 3.795401532822392787e-01
1.801757812500000000e-01 3.798733755414862023e-01
6.801757812500000000e-01 3.802065978007331259e-01
4.301757812500000000e-01 3.805398200599799940e-01
9.301757812500000000e-01 3.808730423192269177e-01
1.176757812500000000e-01 3.812062645784738413e-01
6.176757812500000000e-01 3.815394868377207649e-01
3.676757812500000000e-01 3.818727090969676885e-01
8.676757812500000000e-01 3.822059313562146121e-01
2.426757812500000000e-01 3.825391536154615357e-01
7.426757812500000000e-01 3.828723758747084593e-01
4.926757812500000000e-01 3.832055981339553830e-01
9.926757812500000000e-01 3.835388203932022511e-01
4.394531250000000000e-03 3.838720426524491747e-01
5.043945312500000000e-01 3.842052649116960983e-01
2.543945312500000000e-01 3.845384871709430219e-01
7.543945312500000000e-01 3.848717094301899455e-01
1.293945312500000000e-01 3.852049316894368691e-01
6.293945312500000000e-01 3.855381539486837927e-01
3.793945312500000000e-01 3.858713762079307164e-01
8.793945312500000000e-01 3.862045984671776400e-01
6.689453125000000000e-02 3.865378207264245636e-01
5.668945312500000000e-01 3.868710429856714317e-01
3.168945312500000000e-01 3.872042652449183553e-01
8.168945312500000000e-01 3.875374875041652789e-01
1.918945312500000000e-01 3.878707097634122025e-01
6.918945312500000000e-01 3.882039320226591261e-01
4.418945312500000000e-01 3.885371542819060497e-01
9.418945312500000000e-01 3.888703765411529734e-01
3.564453125000000000e-02 3.892035988003998970e-01
5.356445312500000000e-01 3.895368210596468206e-01
2.856445312500000000e-01 3.898700433188936887e-01
7.856445312500000000e-01 3.902032655781406123e-01
1.606445312500000000e-01 3.905364878373875359e-01
6.606445312500000000e-01 3.908697100966344595e-01
4.106445312500000000e-01 3.912029323558813831e-01
9.106445312500000000e-01 3.915361546151283068e-01
9.814453125000000000e-02 3.918693768743752304e-01
5.981445312500000000e-01 3.922025991336221540e-01
3.481445312500000000e-01 3.925358213928690776e-01
8.481445312500000000e-01 3.928690436521160012e-01
2.231445312500000000e-01 3.932022659113628693e-01
7.231445312500000000e-01 3.935354881706097929e-01
4.731445312500000000e-01 3.938687104298567165e-01
9.731445312500000000e-01 3.942019326891036402e-01
2.001953125000000000e-02 3.945351549483505638e-01
5.200195312500000000e-01 3.948683772075974874e-01
2.700195312500000000e-01 3.952015994668444110e-01
7.700195312500000000e-01 3.955348217260913346e-01
1.450195312500000000e-01 3.958680439853382582e-01
6.450195312500000000e-01 3.962012662445851263e-01
3.950195312500000000e-01 3.965344885038320499e-01
8.950195312500000000e-01 3.968677107630789735e-01
8.251953125000000000e-02 3.972009330223258972e-01
5.825195312500000000e-01 3.975341552815728208e-01
3.325195312500000000e-01 3.978673775408197444e-01
8.325195312500000000e-01 3.982005998000666680e-01
2.075195312500000000e-01 3.985338220593135916e-01
7.075195312500000000e-01 3.988670443185605152e-01
4.575195312500000000e-01 3.992002665778073833e-01
9.575195312500000000e-01 3.995334888370543069e-01
5.126953125000000000e-02 3.998667110963012306e-01
5.512695312500000000e-01 4.001999333555481542e-01
3.012695312500000000e-01 4.005331556147950778e-01
8.012695312500000000e-01 4.008663778740420014e-01
1.762695312500000000e-01 4.011996001332889250e-01
6.762695312500000000e-01 4.015328223925358486e-01
4.262695312500000000e-01 4.018660446517827722e-01
9.262695312500000000e-01 4.021992669110296958e-01
1.137695312500000000e-01 4.025324891702765640e-01
6.137695312500000000e-01 4.028657114295234876e-01
3.637695312500000000e-01 4.031989336887704112e-01
8.637695312500000000e-01 4.035321559480173348e-01
2.387695312500000000e-01 4.038653782072642584e-01
7.387695312500000000e-01 4.041986004665111820e-01
4.887695312500000000e-01 4.045318227257581056e-01
9.887695312500000000e-01 4.048650449850050292e-01
1.220703125000000000e-02 4.051982672442519529e-01
5.122070312500000000e-01 4.055314895034988210e-01
2.622070312500000000e-01 4.058647117627457446e-01
7.622070312500000000e-01 4.061979340219926682e-01
1.372070312500000000e-01 4.065311562812395918e-01
6.372070312500000000e-01 4.068643785404865154e-01
3.872070312500000000e-01 4.071976007997334390e-01
8.872070312500000000e-01 4.075308230589803626e-01
7.470703125000000000e-02 4.078640453182272863e-01
5.747070312500000000e-01 4.081972675774742099e-01
3.247070312500000000e-01 4.085304898367210780e-01
8.247070312500000000e-01 4.088637120959680016e-01
1.997070312500000000e-01 4.091969343552149252e-01
6.997070312500000000e-01 4.095301566144618488e-01
4.497070312500000000e-01 4.098633788737087724e-01
9.497070312500000000e-01 4.101966011329556960e-01
4.345703125000000000e-02 4.105298233922026196e-01
5.434570312500000000e-01 4.108630456514495433e-01
2.934570312500000000e-01 4.111962679106964669e-01
7.934570312500000000e-01 4.115294901699433905e-01
1.684570312500000000e-01 4.118627124291902586e-01
6.684570312500000000e-01 4.121959346884371822e-01
4.184570312500000000e-01 4.125291569476841058e-01
9.184570312500000000e-01 4.128623792069310294e-01
1.059570312500000000e-01 4.131956014661779530e-01
6.059570312500000000e-01 4.135288237254248767e-01
3.559570312500000000e-01 4.138620459846718003e-01
8.559570312500000000e-01 4.141952682439187239e-01
2.309570312500000000e-01 4.145284905031656475e-01
7.309570312500000000e-01 4.148617127624125156e-01
4.809570312500000000e-01 4.151949350216594392e-01
9.809570312500000000e-01 4.155281572809063628e-01
2.783203125000000000e-02 4.158613795401532864e-01
5.278320312500000000e-01 4.161946017994002101e-01
2.778320312500000000e-01 4.165278240586471337e-01
7.778320312500000000e-01 4.168610463178940573e-01
1.528320312500000000e-01 4.171942685771409809e-01
6.528320312500000000e-01 4.175274908363879045e-01
4.028320312500000000e-01 4.178607130956348281e-01
9.028320312500000000e-01 4.181939353548816962e-01
9.033203125000000000e-02 4.185271576141286198e-01
5.903320312500000000e-01 4.188603798733755434e-01
3.403320312500000000e-01 4.191936021326224671e-01
8.403320312500000000e-01 4.195268243918693907e-01
2.153320312500000000e-01 4.198600466511163143e-01
7.153320312500000000e-01 4.201932689103632379e-01
4.653320312500000000e-01 4.205264911696101615e-01
9.653320312500000000e-01 4.208597134288570851e-01
5.908203125000000000e-02 4.211929356881039532e-01
5.590820312500000000e-01 4.215261579473508768e-01
3.090820312500000000e-01 4.218593802065978005e-01
8.090820312500000000e-01 4.221926024658447241e-01
1.840820312500000000e-01 4.225258247250916477e-01
6.840820312500000000e-01 4.228590469843385713e-01
4.340820312500000000e-01 4.231922692435854949e-01
9.340820312500000000e-01 4.235254915028324185e-01
1.215820312500000000e-01 4.238587137620793421e-01
6.215820312500000000e-01 4.241919360213262102e-01
3.715820312500000000e-01 4.245251582805731339e-01
8.715820312500000000e-01 4.248583805398200575e-01
2.465820312500000000e-01 4.251916027990669811e-01
7.465820312500000000e-01 4.255248250583139047e-01
4.965820312500000000e-01 4.258580473175608283e-01
9.965820312500000000e-01 4.261912695768077519e-01
2.441406250000000000e-03 4.265244918360546755e-01
5.024414062500000000e-01 4.268577140953015991e-01
2.524414062500000000e-01 4.271909363545485228e-01
7.524414062500000000e-01 4.275241586137953909e-01
1.274414062500000000e-01 4.278573808730423145e-01
6.274414062500000000e-01 4.281906031322892381e-01
3.774414062500000000e-01 4.285238253915361617e-01
8.774414062500000000e-01 4.288570476507830853e-01
6.494140625000000000e-02 4.291902699100300089e-01
5.649414062500000000e-01 4.295234921692769325e-01
3.149414062500000000e-01 4.298567144285238562e-01
8.149414062500000000e-01 4.301899366877707798e-01
1.899414062500000000e-01 4.305231589470176479e-01
6.899414062500000000e-01 4.308563812062645715e-01
4.399414062500000000e-01 4.311896034655114951e-01
9.399414062500000000e-01 4.315228257247584187e-01
3.369140625000000000e-02 4.318560479840053423e-01
5.336914062500000000e-01 4.321892702432522659e-01
2.836914062500000000e-01 4.325224925024991895e-01
7.836914062500000000e-01 4.328557147617461132e-01
1.586914062500000000e-01 4.331889370209930368e-01
6.586914062500000000e-01 4.335221592802399604e-01
4.086914062500000000e-01 4.338553815394868285e-01
9.086914062500000000e-01 4.341886037987337521e-01
9.619140625000000000e-02 4.345218260579806757e-01
5.961914062500000000e-01 4.348550483172275993e-01
3.461914062500000000e-01 4.351882705764745229e-01
8.461914062500000000e-01 4.355214928357214466e-01
2.211914062500000000e-01 4.358547150949683702e-01
7.211914062500000000e-01 4.361879373542152938e-01
4.711914062500000000e-01 4.365211596134622174e-01
9.711914062500000000e-01 4.368543818727090855e-01
1.806640625000000000e-02 4.371876041319560091e-01
5.180664062500000000e-01 4.375208263912029327e-01
2.680664062500000000e-01 4.378540486504498563e-01
7.680664062500000000e-01 4.381872709096967800e-01
1.430664062500000000e-01 4.385204931689437036e-01
6.430664062500000000e-01 4.388537154281906272e-01
3.930664062500000000e-01 4.391869376874375508e-01
8.930664062500000000e-01 4.395201599466844744e-01
8.056640625000000000e-02 4.398533822059313425e-01
5.805664062500000000e-01 4.401866044651782661e-01
3.305664062500000000e-01 4.405198267244251897e-01
8.305664062500000000e-01 4.408530489836721133e-01
2.055664062500000000e-01 4.411862712429190370e-01
7.055664062500000000e-01 4.415194935021659606e-01
4.555664062500000000e-01 4.418527157614128842e-01
9.555664062500000000e-01 4.421859380206598078e-01
4.931640625000000000e-02 4.425191602799067314e-01
5.493164062500000000e-01 4.428523825391536550e-01
2.993164062500000000e-01 4.431856047984005231e-01
7.993164062500000000e-01 4.435188270576474467e-01
1.743164062500000000e-01 4.438520493168943704e-01
6.743164062500000000e-01 4.441852715761412940e-01
4.243164062500000000e-01 4.445184938353882176e-01
9.243164062500000000e-01 4.448517160946351412e-01
1.118164062500000000e-01 4.451849383538820648e-01
6.118164062500000000e-01 4.455181606131289884e-01
3.618164062500000000e-01 4.458513828723759120e-01
8.618164062500000000e-01 4.461846051316227801e-01
2.368164062500000000e-01 4.465178273908697038e-01
7.368164062500000000e-01 4.468510496501166274e-01
4.868164062500000000e-01 4.471842719093635510e-01
9.868164062500000000e-01 4.475174941686104746e-01
1.025390625000000000e-02 4.478507164278573982e-01
5.102539062500000000e-01 4.481839386871043218e-01
2.602539062500000000e-01 4.485171609463512454e-01
7.602539062500000000e-01 4.488503832055981690e-01
1.352539062500000000e-01 4.491836054648450927e-01
6.352539062500000000e-01 4.495168277240919608e-01
3.852539062500000000e-01 4.498500499833388844e-01
8.852539062500000000e-01 4.501832722425858080e-01
7.275390625000000000e-02 4.505164945018327316e-01
5.727539062500000000e-01 4.508497167610796552e-01
3.227539062500000000e-01 4.511829390203265788e-01
8.227539062500000000e-01 4.515161612795735024e-01
1.977539062500000000e-01 4.518493835388204261e-01
6.977539062500000000e-01 4.521826057980673497e-01
4.477539062500000000e-01 4.525158280573142178e-01
9.477539062500000000e-01 4.528490503165611414e-01
4.150390625000000000e-02 4.531822725758080650e-01
5.415039062500000000e-01 4.535154948350549886e-01
2.915039062500000000e-01 4.538487170943019122e-01
7.915039062500000000e-01 4.541819393535488358e-01
1.665039062500000000e-01 4.545151616127957594e-01
6.665039062500000000e-01 4.548483838720426831e-01
4.165039062500000000e-01 4.551816061312896067e-01
9.165039062500000000e-01 4.555148283905364748e-01
1.040039062500000000e-01 4.558480506497833984e-01
6.040039062500000000e-01 4.561812729090303220e-01
3.540039062500000000e-01 4.565144951682772456e-01
8.540039062500000000e-01 4.568477174275241692e-01
2.290039062500000000e-01 4.571809396867710928e-01
7.290039062500000000e-01 4.575141619460180165e-01
4.790039062500000000e-01 4.578473842052649401e-01
9.790039062500000000e-01 4.581806064645118637e-01
2.587890625000000000e-02 4.585138287237587873e-01
5.258789062500000000e-01 4.588470509830056554e-01
2.758789062500000000e-01 4.591802732422525790e-01
7.758789062500000000e-01 4.595134955014995026e-01
1.508789062500000000e-01 4.598467177607464262e-01
6.508789062500000000e-01 4.601799400199933499e-01
4.008789062500000000e-01 4.605131622792402735e-01
9.008789062500000000e-01 4.608463845384871971e-01
8.837890625000000000e-02 4.611796067977341207e-01
5.883789062500000000e-01 4.615128290569810443e-01
3.383789062500000000e-01 4.618460513162279124e-01
8.383789062500000000e-01 4.621792735754748360e-01
2.133789062500000000e-01 4.625124958347217596e-01
7.133789062500000000e-01 4.628457180939686832e-01
4.633789062500000000e-01 4.631789403532156069e-01
9.633789062500000000e-01 4.635121626124625305e-01
5.712890625000000000e-02 4.638453848717094541e-01
5.571289062500000000e-01 4.641786071309563777e-01
3.071289062500000000e-01 4.645118293902033013e-01
8.071289062500000000e-01 4.648450516494502249e-01
1.821289062500000000e-01 4.651782739086970930e-01
6.821289062500000000e-01 4.655114961679440166e-01
4.321289062500000000e-01 4.658447184271909403e-01
9.321289062500000000e-01 4.661779406864378639e-01
1.196289062500000000e-01 4.665111629456847875e-01
6.196289062500000000e-01 4.668443852049317111e-01
3.696289062500000000e-01 4.671776074641786347e-01
8.696289062500000000e-01 4.675108297234255583e-01
2.446289062500000000e-01 4.678440519826724819e-01
7.446289062500000000e-01 4.681772742419193500e-01
4.946289062500000000e-01 4.685104965011662737e-01
9.946289062500000000e-01 4.688437187604131973e-01
6.347656250000000000e-03 4.691769410196601209e-01
5.063476562500000000e-01 4.695101632789070445e-01
2.563476562500000000e-01 4.698433855381539681e-01
7.563476562500000000e-01 4.701766077974008917e-01
1.313476562500000000e-01 4.705098300566478153e-01
6.313476562500000000e-01 4.708430523158947389e-01
3.813476562500000000e-01 4.711762745751416070e-01
8.813476562500000000e-01 4.715094968343885307e-01
6.884765625000000000e-02 4.718427190936354543e-01
5.688476562500000000e-01 4.721759413528823779e-01
3.188476562500000000e-01 4.725091636121293015e-01
8.188476562500000000e-01 4.728423858713762251e-01
1.938476562500000000e-01 4.731756081306231487e-01
6.938476562500000000e-01 4.735088303898700723e-01
4.438476562500000000e-01 4.738420526491169960e-01
9.438476562500000000e-01 4.741752749083639196e-01
3.759765625000000000e-02 4.745084971676107877e-01
5.375976562500000000e-01 4.748417194268577113e-01
2.875976562500000000e-01 4.751749416861046349e-01
7.875976562500000000e-01 4.755081639453515585e-01
1.625976562500000000e-01 4.758413862045984821e-01
6.625976562500000000e-01 4.761746084638454057e-01
4.125976562500000000e-01 4.765078307230923294e-01
9.125976562500000000e-01 4.768410529823392530e-01
1.000976562500000000e-01 4.771742752415861766e-01
6.000976562500000000e-01 4.775074975008330447e-01
3.500976562500000000e-01 4.778407197600799683e-01
8.500976562500000000e-01 4.781739420193268919e-01
2.250976562500000000e-01 4.785071642785738155e-01
7.250976562500000000e-01 4.788403865378207391e-01
4.750976562500000000e-01 4.791736087970676627e-01
9.750976562500000000e-01 4.795068310563145864e-01
2.197265625000000000e-02 4.798400533155615100e-01
5.219726562500000000e-01 4.801732755748084336e-01
2.719726562500000000e-01 4.805064978340553572e-01
7.719726562500000000e-01 4.808397200933022253e-01
1.469726562500000000e-01 4.811729423525491489e-01
6.469726562500000000e-01 4.815061646117960725e-01
3.969726562500000000e-01 4.818393868710429961e-01
8.969726562500000000e-01 4.821726091302899198e-01
8.447265625000000000e-02 4.825058313895368434e-01
5.844726562500000000e-01 4.828390536487837670e-01
3.344726562500000000e-01 4.831722759080306906e-01
8.344726562500000000e-01 4.835054981672776142e-01
2.094726562500000000e-01 4.838387204265244823e-01
7.094726562500000000e-01 4.841719426857714059e-01
4.594726562500000000e-01 4.845051649450183295e-01
9.594726562500000000e-01 4.848383872042652531e-01
5.322265625000000000e-02 4.851716094635121768e-01
5.532226562500000000e-01 4.855048317227591004e-01
3.032226562500000000e-01 4.858380539820060240e-01
8.032226562500000000e-01 4.861712762412529476e-01
1.782226562500000000e-01 4.865044985004998712e-01
6.782226562500000000e-01 4.868377207597467393e-01
4.282226562500000000e-01 4.871709430189936629e-01
9.282226562500000000e-01 4.875041652782405865e-01
1.157226562500000000e-01 4.878373875374875102e-01
6.157226562500000000e-01 4.881706097967344338e-01
3.657226562500000000e-01 4.885038320559813574e-01
8.657226562500000000e-01 4.888370543152282810e-01
2.407226562500000000e-01 4.891702765744752046e-01
7.407226562500000000e-01 4.895034988337221282e-01
4.907226562500000000e-01 4.898367210929690518e-01
9.907226562500000000e-01 4.901699433522159199e-01
1.416015625000000000e-02 4.905031656114628436e-01
5.141601562500000000e-01 4.908363878707097672e-01
2.641601562500000000e-01 4.911696101299566908e-01
7.641601562500000000e-01 4.915028323892036144e-01
1.391601562500000000e-01 4.918360546484505380e-01
6.391601562500000000e-01 4.921692769076974616e-01
3.891601562500000000e-01 4.925024991669443852e-01
8.891601562500000000e-01 4.928357214261913088e-01
7.666015625000000000e-02 4.931689436854381769e-01
5.766601562500000000e-01 4.935021659446851006e-01
3.266601562500000000e-01 4.938353882039320242e-01
8.266601562500000000e-01 4.941686104631789478e-01
2.016601562500000000e-01 4.945018327224258714e-01
7.016601562500000000e-01 4.948350549816727950e-01
4.516601562500000000e-01 4.951682772409197186e-01
9.516601562500000000e-01 4.955014995001666422e-01
4.541015625000000000e-02 4.958347217594135659e-01
5.454101562500000000e-01 4.961679440186604895e-01
2.954101562500000000e-01 4.965011662779073576e-01
7.954101562500000000e-01 4.968343885371542812e-01
1.704101562500000000e-01 4.971676107964012048e-01
6.704101562500000000e-01 4.975008330556481284e-01
4.204101562500000000e-01 4.978340553148950520e-01
9.204101562500000000e-01 4.981672775741419756e-01
1.079101562500000000e-01 4.985004998333888993e-01
6.079101562500000000e-01 4.988337220926358229e-01
3.579101562500000000e-01 4.991669443518827465e-01
8.579101562500000000e-01 4.995001666111296146e-01
2.329101562500000000e-01 4.998333888703765382e-01
7.329101562500000000e-01 5.001666111296234618e-01
4.829101562500000000e-01 5.004998333888703854e-01
9.829101562500000000e-01 5.008330556481173090e-01
2.978515625000000000e-02 5.011662779073642326e-01
5.297851562500000000e-01 5.014995001666111563e-01
2.797851562500000000e-01 5.018327224258580799e-01
7.797851562500000000e-01 5.021659446851050035e-01
1.547851562500000000e-01 5.024991669443519271e-01
6.547851562500000000e-01 5.028323892035988507e-01
4.047851562500000000e-01 5.031656114628457743e-01
9.047851562500000000e-01 5.034988337220926979e-01
9.228515625000000000e-02 5.038320559813396216e-01
5.922851562500000000e-01 5.041652782405864341e-01
3.422851562500000000e-01 5.044985004998333578e-01
8.422851562500000000e-01 5.048317227590802814e-01
2.172851562500000000e-01 5.051649450183272050e-01
7.172851562500000000e-01 5.054981672775741286e-01
4.672851562500000000e-01 5.058313895368210522e-01
9.672851562500000000e-01 5.061646117960679758e-01
6.103515625000000000e-02 5.064978340553148994e-01
5.610351562500000000e-01 5.068310563145618231e-01
3.110351562500000000e-01 5.071642785738087467e-01
8.110351562500000000e-01 5.074975008330556703e-01
1.860351562500000000e-01 5.078307230923025939e-01
6.860351562500000000e-01 5.081639453515495175e-01
4.360351562500000000e-01 5.084971676107964411e-01
9.360351562500000000e-01 5.088303898700433647e-01
1.235351562500000000e-01 5.091636121292902883e-01
6.235351562500000000e-01 5.094968343885372120e-01
3.735351562500000000e-01 5.098300566477841356e-01
8.735351562500000000e-01 5.101632789070310592e-01
2.485351562500000000e-01 5.104965011662778718e-01
7.485351562500000000e-01 5.108297234255247954e-01
4.985351562500000000e-01 5.111629456847717190e-01
9.985351562500000000e-01 5.114961679440186426e-01
1.464843750000000000e-03 5.118293902032655662e-01
5.014648437500000000e-01 5.121626124625124898e-01
2.514648437500000000e-01 5.124958347217594135e-01
7.514648437500000000e-01 5.128290569810063371e-01
1.264648437500000000e-01 5.131622792402532607e-01
6.264648437500000000e-01 5.134955014995001843e-01
3.764648437500000000e-01 5.138287237587471079e-01
8.764648437500000000e-01 5.141619460179940315e-01
6.396484375000000000e-02 5.144951682772409551e-01
5.639648437500000000e-01 5.148283905364878787e-01
3.139648437500000000e-01 5.151616127957348024e-01
8.139648437500000000e-01 5.154948350549817260e-01
1.889648437500000000e-01 5.158280573142286496e-01
6.889648437500000000e-01 5.161612795734755732e-01
4.389648437500000000e-01 5.164945018327224968e-01
9.389648437500000000e-01 5.168277240919693094e-01
3.271484375000000000e-02 5.171609463512162330e-01
5.327148437500000000e-01 5.174941686104631566e-01
2.827148437500000000e-01 5.178273908697100802e-01
7.827148437500000000e-01 5.181606131289570039e-01
1.577148437500000000e-01 5.184938353882039275e-01
6.577148437500000000e-01 5.188270576474508511e-01
4.077148437500000000e-01 5.191602799066977747e-01
9.077148437500000000e-01 5.194935021659446983e-01
9.521484375000000000e-02 5.198267244251916219e-01
5.952148437500000000e-01 5.201599466844385455e-01
3.452148437500000000e-01 5.204931689436854692e-01
8.452148437500000000e-01 5.208263912029323928e-01
2.202148437500000000e-01 5.211596134621793164e-01
7.202148437500000000e-01 5.214928357214262400e-01
4.702148437500000000e-01 5.218260579806731636e-01
9.702148437500000000e-01 5.221592802399200872e-01
1.708984375000000000e-02 5.224925024991670108e-01
5.170898437500000000e-01 5.228257247584138234e-01
2.670898437500000000e-01 5.231589470176607470e-01
7.670898437500000000e-01 5.234921692769076706e-01
1.420898437500000000e-01 5.238253915361545943e-01
6.420898437500000000e-01 5.241586137954015179e-01
3.920898437500000000e-01 5.244918360546484415e-01
8.920898437500000000e-01 5.248250583138953651e-01
7.958984375000000000e-02 5.251582805731422887e-01
5.795898437500000000e-01 5.254915028323892123e-01
3.295898437500000000e-01 5.258247250916361359e-01
8.295898437500000000e-01 5.261579473508830596e-01
2.045898437500000000e-01 5.264911696101299832e-01
7.045898437500000000e-01 5.268243918693769068e-01
4.545898437500000000e-01 5.271576141286238304e-01
9.545898437500000000e-01 5.274908363878707540e-01
4.833984375000000000e-02 5.278240586471176776e-01
5.483398437500000000e-01 5.281572809063646012e-01
2.983398437500000000e-01 5.284905031656115248e-01
7.983398437500000000e-01 5.288237254248584485e-01
1.733398437500000000e-01 5.291569476841052611e-01
6.733398437500000000e-01 5.294901699433521847e-01
4.233398437500000000e-01 5.298233922025991083e-01
9.233398437500000000e-01 5.301566144618460319e-01
1.108398437500000000e-01 5.304898367210929555e-01
6.108398437500000000e-01 5.308230589803398791e-01
3.608398437500000000e-01 5.311562812395868027e-01
8.608398437500000000e-01 5.314895034988337263e-01
2.358398437500000000e-01 5.318227257580806500e-01
7.358398437500000000e-01 5.321559480173275736e-01
4.858398437500000000e-01 5.324891702765744972e-01
9.858398437500000000e-01 5.328223925358214208e-01
9.277343750000000000e-03 5.331556147950683444e-01
5.092773437500000000e-01 5.334888370543152680e-01
2.592773437500000000e-01 5.338220593135621916e-01
7.592773437500000000e-01 5.341552815728091153e-01
1.342773437500000000e-01 5.344885038320560389e-01
6.342773437500000000e-01 5.348217260913029625e-01
3.842773437500000000e-01 5.351549483505498861e-01
8.842773437500000000e-01 5.354881706097966987e-01
7.177734375000000000e-02 5.358213928690436223e-01
5.717773437500000000e-01 5.361546151282905459e-01
3.217773437500000000e-01 5.364878373875374695e-01
8.217773437500000000e-01 5.368210596467843931e-01
1.967773437500000000e-01 5.371542819060313168e-01
6.967773437500000000e-01 5.374875041652782404e-01
4.467773437500000000e-01 5.378207264245251640e-01
9.467773437500000000e-01 5.381539486837720876e-01
4.052734375000000000e-02 5.384871709430190112e-01
5.405273437500000000e-01 5.388203932022659348e-01
2.905273437500000000e-01 5.391536154615128584e-01
7.905273437500000000e-01 5.394868377207597820e-01
1.655273437500000000e-01 5.398200599800067057e-01
6.655273437500000000e-01 5.401532822392536293e-01
4.155273437500000000e-01 5.404865044985005529e-01
9.155273437500000000e-01 5.408197267577474765e-01
1.030273437500000000e-01 5.411529490169944001e-01
6.030273437500000000e-01 5.414861712762413237e-01
3.530273437500000000e-01 5.418193935354881363e-01
8.530273437500000000e-01 5.421526157947350599e-01
2.280273437500000000e-01 5.424858380539819835e-01
7.280273437500000000e-01 5.428190603132289072e-01
4.780273437500000000e-01 5.431522825724758308e-01
9.780273437500000000e-01 5.434855048317227544e-01
2.490234375000000000e-02 5.438187270909696780e-01
5.249023437500000000e-01 5.441519493502166016e-01
2.749023437500000000e-01 5.444851716094635252e-01
7.749023437500000000e-01 5.448183938687104488e-01
1.499023437500000000e-01 5.451516161279573724e-01
6.499023437500000000e-01 5.454848383872042961e-01
3.999023437500000000e-01 5.458180606464512197e-01
8.999023437500000000e-01 5.461512829056981433e-01
8.740234375000000000e-02 5.464845051649450669e-01
5.874023437500000000e-01 5.468177274241919905e-01
3.374023437500000000e-01 5.471509496834389141e-01
8.374023437500000000e-01 5.474841719426858377e-01
2.124023437500000000e-01 5.478173942019327614e-01
7.124023437500000000e-01 5.481506164611795739e-01
4.624023437500000000e-01 5.484838387204264976e-01
9.624023437500000000e-01 5.488170609796734212e-01
5.615234375000000000e-02 5.491502832389203448e-01
5.561523437500000000e-01 5.494835054981672684e-01
3.061523437500000000e-01 5.498167277574141920e-01
8.061523437500000000e-01 5.501499500166611156e-01
1.811523437500000000e-01 5.504831722759080392e-01
6.811523437500000000e-01 5.508163945351549629e-01
4.311523437500000000e-01 5.511496167944018865e-01
9.311523437500000000e-01 5.514828390536488101e-01
1.186523437500000000e-01 5.518160613128957337e-01
6.186523437500000000e-01 5.521492835721426573e-01
3.686523437500000000e-01 5.524825058313895809e-01
8.686523437500000000e-01 5.528157280906365045e-01
2.436523437500000000e-01 5.531489503498834281e-01
7.436523437500000000e-01 5.534821726091303518e-01
4.936523437500000000e-01 5.538153948683772754e-01
9.936523437500000000e-01 5.541486171276240880e-01
5.371093750000000000e-03 5.544818393868710116e-01
5.053710937500000000e-01 5.548150616461179352e-01
2.553710937500000000e-01 5.551482839053648588e-01
7.553710937500000000e-01 5.554815061646117824e-01
1.303710937500000000e-01 5.558147284238587060e-01
6.303710937500000000e-01 5.561479506831056296e-01
3.803710937500000000e-01 5.564811729423525533e-01
8.803710937500000000e-01 5.568143952015994769e-01
6.787109375000000000e-02 5.571476174608464005e-01
5.678710937500000000e-01 5.574808397200933241e-01
3.178710937500000000e-01 5.578140619793402477e-01
8.178710937500000000e-01 5.581472842385871713e-01
1.928710937500000000e-01 5.584805064978340949e-01
6.928710937500000000e-01 5.588137287570810185e-01
4.428710937500000000e-01 5.591469510163279422e-01
9.428710937500000000e-01 5.594801732755748658e-01
3.662109375000000000e-02 5.598133955348217894e-01
5.366210937500000000e-01 5.601466177940687130e-01
2.866210937500000000e-01 5.604798400533155256e-01
7.866210937500000000e-01 5.608130623125624492e-01
1.616210937500000000e-01 5.611462845718093728e-01
6.616210937500000000e-01 5.614795068310562964e-01
4.116210937500000000e-01 5.618127290903032200e-01
9.116210937500000000e-01 5.621459513495501437e-01
9.912109375000000000e-02 5.624791736087970673e-01
5.991210937500000000e-01 5.628123958680439909e-01
3.491210937500000000e-01 5.631456181272909145e-01
8.491210937500000000e-01 5.634788403865378381e-01
2.241210937500000000e-01 5.638120626457847617e-01
7.241210937500000000e-01 5.641452849050316853e-01
4.741210937500000000e-01 5.644785071642786090e-01
9.741210937500000000e-01 5.648117294235255326e-01
2.099609375000000000e-02 5.651449516827724562e-01
5.209960937500000000e-01 5.654781739420193798e-01
2.709960937500000000e-01 5.658113962012663034e-01
7.709960937500000000e-01 5.661446184605132270e-01
1.459960937500000000e-01 5.664778407197601506e-01
6.459960937500000000e-01 5.668110629790069632e-01
3.959960937500000000e-01 5.671442852382538868e-01
8.959960937500000000e-01 5.674775074975008105e-01
8.349609375000000000e-02 5.678107297567477341e-01
5.834960937500000000e-01 5.681439520159946577e-01
3.334960937500000000e-01 5.684771742752415813e-01
8.334960937500000000e-01 5.688103965344885049e-01
2.084960937500000000e-01 5.691436187937354285e-01
7.084960937500000000e-01 5.694768410529823521e-01
4.584960937500000000e-01 5.698100633122292757e-01
9.584960937500000000e-01 5.701432855714761994e-01
5.224609375000000000e-02 5.704765078307231230e-01
5.522460937500000000e-01 5.708097300899700466e-01
3.022460937500000000e-01 5.711429523492169702e-01
8.022460937500000000e-01 5.714761746084638938e-01
1.772460937500000000e-01 5.718093968677108174e-01
6.772460937500000000e-01 5.721426191269577410e-01
4.272460937500000000e-01 5.724758413862046647e-01
9.272460937500000000e-01 5.728090636454515883e-01
1.147460937500000000e-01 5.731422859046984009e-01
6.147460937500000000e-01 5.734755081639453245e-01
3.647460937500000000e-01 5.738087304231922481e-01
8.647460937500000000e-01 5.741419526824391717e-01
2.397460937500000000e-01 5.744751749416860953e-01
7.397460937500000000e-01 5.748083972009330189e-01
4.897460937500000000e-01 5.751416194601799425e-01
9.897460937500000000e-01 5.754748417194268661e-01
1.318359375000000000e-02 5.758080639786737898e-01
5.131835937500000000e-01 5.761412862379207134e-01
2.631835937500000000e-01 5.764745084971676370e-01
7.631835937500000000e-01 5.768077307564145606e-01
1.381835937500000000e-01 5.771409530156614842e-01
6.381835937500000000e-01 5.774741752749084078e-01
3.881835937500000000e-01 5.778073975341553314e-01
8.881835937500000000e-01 5.781406197934022551e-01
7.568359375000000000e-02 5.784738420526491787e-01
5.756835937500000000e-01 5.788070643118961023e-01
3.256835937500000000e-01 5.791402865711429149e-01
8.256835937500000000e-01 5.794735088303898385e-01
2.006835937500000000e-01 5.798067310896367621e-01
7.006835937500000000e-01 5.801399533488836857e-01
4.506835937500000000e-01 5.804731756081306093e-01
9.506835937500000000e-01 5.808063978673775329e-01
4.443359375000000000e-02 5.811396201266244566e-01
5.444335937500000000e-01 5.814728423858713802e-01
2.944335937500000000e-01 5.818060646451183038e-01
7.944335937500000000e-01 5.821392869043652274e-01
1.694335937500000000e-01 5.824725091636121510e-01
6.694335937500000000e-01 5.828057314228590746e-01
4.194335937500000000e-01 5.831389536821059982e-01
9.194335937500000000e-01 5.834721759413529218e-01
1.069335937500000000e-01 5.838053982005998455e-01
6.069335937500000000e-01 5.841386204598467691e-01
3.569335937500000000e-01 5.844718427190936927e-01
8.569335937500000000e-01 5.848050649783406163e-01
2.319335937500000000e-01 5.851382872375875399e-01
7.319335937500000000e-01 5.854715094968343525e-01
4.819335937500000000e-01 5.858047317560812761e-01
9.819335937500000000e-01 5.861379540153281997e-01
2.880859375000000000e-02 5.864711762745751233e-01
5.288085937500000000e-01 5.868043985338220470e-01
2.788085937500000000e-01 5.871376207930689706e-01
7.788085937500000000e-01 5.874708430523158942e-01
1.538085937500000000e-01 5.878040653115628178e-01
6.538085937500000000e-01 5.881372875708097414e-01
4.038085937500000000e-01 5.884705098300566650e-01
9.038085937500000000e-01 5.888037320893035886e-01
9.130859375000000000e-02 5.891369543485505123e-01
5.913085937500000000e-01 5.894701766077974359e-01
3.413085937500000000e-01 5.898033988670443595e-01
8.413085937500000000e-01 5.901366211262912831e-01
2.163085937500000000e-01 5.904698433855382067e-01
7.163085937500000000e-01 5.908030656447851303e-01
4.663085937500000000e-01 5.911362879040320539e-01
9.663085937500000000e-01 5.914695101632789775e-01
6.005859375000000000e-02 5.918027324225257901e-01
5.600585937500000000e-01 5.921359546817727137e-01
3.100585937500000000e-01 5.924691769410196374e-01
8.100585937500000000e-01 5.928023992002665610e-01
1.850585937500000000e-01 5.931356214595134846e-01
6.850585937500000000e-01 5.934688437187604082e-01
4.350585937500000000e-01 5.938020659780073318e-01
9.350585937500000000e-01 5.941352882372542554e-01
1.225585937500000000e-01 5.944685104965011790e-01
6.225585937500000000e-01 5.948017327557481027e-01
3.725585937500000000e-01 5.951349550149950263e-01
8.725585937500000000e-01 5.954681772742419499e-01
2.475585937500000000e-01 5.958013995334888735e-01
7.475585937500000000e-01 5.961346217927357971e-01
4.975585937500000000e-01 5.964678440519827207e-01
9.975585937500000000e-01 5.968010663112296443e-01
3.417968750000000000e-03 5.971342885704765679e-01
5.034179687500000000e-01 5.974675108297234916e-01
2.534179687500000000e-01 5.978007330889704152e-01
7.534179687500000000e-01 5.981339553482172278e-01
1.284179687500000000e-01 5.984671776074641514e-01
6.284179687500000000e-01 5.988003998667110750e-01
3.784179687500000000e-01 5.991336221259579986e-01
8.784179687500000000e-01 5.994668443852049222e-01
6.591796875000000000e-02 5.998000666444518458e-01
5.659179687500000000e-01 6.001332889036987694e-01
3.159179687500000000e-01 6.004665111629456931e-01
8.159179687500000000e-01 6.007997334221926167e-01
1.909179687500000000e-01 6.011329556814395403e-01
6.909179687500000000e-01 6.014661779406864639e-01
4.409179687500000000e-01 6.017994001999333875e-01
9.409179687500000000e-01 6.021326224591803111e-01
3.466796875000000000e-02 6.024658447184272347e-01
5.346679687500000000e-01 6.027990669776741584e-01
2.846679687500000000e-01 6.031322892369210820e-01
7.846679687500000000e-01 6.034655114961680056e-01
1.596679687500000000e-01 6.037987337554149292e-01
6.596679687500000000e-01 6.041319560146618528e-01
4.096679687500000000e-01 6.044651782739086654e-01
9.096679687500000000e-01 6.047984005331555890e-01
9.716796875000000000e-02 6.051316227924025126e-01
5.971679687500000000e-01 6.054648450516494362e-01
3.471679687500000000e-01 6.057980673108963598e-01
8.471679687500000000e-01 6.061312895701432835e-01
2.221679687500000000e-01 6.064645118293902071e-01
7.221679687500000000e-01 6.067977340886371307e-01
4.721679687500000000e-01 6.071309563478840543e-01
9.721679687500000000e-01 6.074641786071309779e-01
1.904296875000000000e-02 6.077974008663779015e-01
5.190429687500000000e-01 6.081306231256248251e-01
2.690429687500000000e-01 6.084638453848717488e-01
7.690429687500000000e-01 6.087970676441186724e-01
1.440429687500000000e-01 6.091302899033655960e-01
6.440429687500000000e-01 6.094635121626125196e-01
3.940429687500000000e-01 6.097967344218594432e-01
8.940429687500000000e-01 6.101299566811063668e-01
8.154296875000000000e-02 6.104631789403531794e-01
5.815429687500000000e-01 6.107964011996001030e-01
3.315429687500000000e-01 6.111296234588470266e-01
8.315429687500000000e-01 6.114628457180939503e-01
2.065429687500000000e-01 6.117960679773408739e-01
7.065429687500000000e-01 6.121292902365877975e-01
4.565429687500000000e-01 6.124625124958347211e-01
9.565429687500000000e-01 6.127957347550816447e-01
5.029296875000000000e-02 6.131289570143285683e-01
5.502929687500000000e-01 6.134621792735754919e-01
3.002929687500000000e-01 6.137954015328224155e-01
8.002929687500000000e-01 6.141286237920693392e-01
1.752929687500000000e-01 6.144618460513162628e-01
6.752929687500000000e-01 6.147950683105631864e-01
4.252929687500000000e-01 6.151282905698101100e-01
9.252929687500000000e-01 6.154615128290570336e-01
1.127929687500000000e-01 6.157947350883039572e-01
6.127929687500000000e-01 6.161279573475508808e-01
3.627929687500000000e-01 6.164611796067978045e-01
8.627929687500000000e-01 6.167944018660446170e-01
2.377929687500000000e-01 6.171276241252915407e-01
7.377929687500000000e-01 6.174608463845384643e-01
4.877929687500000000e-01 6.177940686437853879e-01
9.877929687500000000e-01 6.181272909030323115e-01
1.123046875000000000e-02 6.184605131622792351e-01
5.112304687500000000e-01 6.187937354215261587e-01
2.612304687500000000e-01 6.191269576807730823e-01
7.612304687500000000e-01 6.194601799400200060e-01
1.362304687500000000e-01 6.197934021992669296e-01
6.362304687500000000e-01 6.201266244585138532e-01
3.862304687500000000e-01 6.204598467177607768e-01
8.862304687500000000e-01 6.207930689770077004e-01
7.373046875000000000e-02 6.211262912362546240e-01
5.737304687500000000e-01 6.214595134955015476e-01
3.237304687500000000e-01 6.217927357547484712e-01
8.237304687500000000e-01 6.221259580139953949e-01
1.987304687500000000e-01 6.224591802732423185e-01
6.987304687500000000e-01 6.227924025324892421e-01
4.487304687500000000e-01 6.231256247917360547e-01
9.487304687500000000e-01 6.234588470509829783e-01
4.248046875000000000e-02 6.237920693102299019e-01
5.424804687500000000e-01 6.241252915694768255e-01
2.924804687500000000e-01 6.244585138287237491e-01
7.924804687500000000e-01 6.247917360879706727e-01
1.674804687500000000e-01 6.251249583472175964e-01
6.674804687500000000e-01 6.254581806064645200e-01
4.174804687500000000e-01 6.257914028657114436e-01
9.174804687500000000e-01 6.261246251249583672e-01
1.049804687500000000e-01 6.264578473842052908e-01
6.049804687500000000e-01 6.267910696434522144e-01
3.549804687500000000e-01 6.271242919026991380e-01
8.549804687500000000e-01 6.274575141619460616e-01
2.299804687500000000e-01 6.277907364211929853e-01
7.299804687500000000e-01 6.281239586804399089e-01
4.799804687500000000e-01 6.284571809396868325e-01
9.799804687500000000e-01 6.287904031989337561e-01
2.685546875000000000e-02 6.291236254581806797e-01
5.268554687500000000e-01 6.294568477174274923e-01
2.768554687500000000e-01 6.297900699766744159e-01
7.768554687500000000e-01 6.301232922359213395e-01
1.518554687500000000e-01 6.304565144951682631e-01
6.518554687500000000e-01 6.307897367544151868e-01
4.018554687500000000e-01 6.311229590136621104e-01
9.018554687500000000e-01 6.314561812729090340e-01
8.935546875000000000e-02 6.317894035321559576e-01
5.893554687500000000e-01 6.321226257914028812e-01
3.393554687500000000e-01 6.324558480506498048e-01
8.393554687500000000e-01 6.327890703098967284e-01
2.143554687500000000e-01 6.331222925691436521e-01
7.143554687500000000e-01 6.334555148283905757e-01
4.643554687500000000e-01 6.337887370876374993e-01
9.643554687500000000e-01 6.341219593468844229e-01
5.810546875000000000e-02 6.344551816061313465e-01
5.581054687500000000e-01 6.347884038653782701e-01
3.081054687500000000e-01 6.351216261246251937e-01
8.081054687500000000e-01 6.354548483838721173e-01
1.831054687500000000e-01 6.357880706431189299e-01
6.831054687500000000e-01 6.361212929023658535e-01
4.331054687500000000e-01 6.364545151616127772e-01
9.331054687500000000e-01 6.367877374208597008e-01
1.206054687500000000e-01 6.371209596801066244e-01
6.206054687500000000e-01 6.374541819393535480e-01
3.706054687500000000e-01 6.377874041986004716e-01
8.706054687500000000e-01 6.381206264578473952e-01
2.456054687500000000e-01 6.384538487170943188e-01
7.456054687500000000e-01 6.387870709763412425e-01
4.956054687500000000e-01 6.391202932355881661e-01
9.956054687500000000e-01 6.394535154948350897e-01
7.324218750000000000e-03 6.397867377540820133e-01
5.073242187500000000e-01 6.401199600133289369e-01
2.573242187500000000e-01 6.404531822725758605e-01
7.573242187500000000e-01 6.407864045318227841e-01
1.323242187500000000e-01 6.411196267910697077e-01
6.323242187500000000e-01 6.414528490503166314e-01
3.823242187500000000e-01 6.417860713095634440e-01
8.823242187500000000e-01 6.421192935688103676e-01
6.982421875000000000e-02 6.424525158280572912e-01
5.698242187500000000e-01 6.427857380873042148e-01
3.198242187500000000e-01 6.431189603465511384e-01
8.198242187500000000e-01 6.434521826057980620e-01
1.948242187500000000e-01 6.437854048650449856e-01
6.948242187500000000e-01 6.441186271242919092e-01
4.448242187500000000e-01 6.444518493835388329e-01
9.448242187500000000e-01 6.447850716427857565e-01
3.857421875000000000e-02 6.451182939020326801e-01
5.385742187500000000e-01 6.454515161612796037e-01
2.885742187500000000e-01 6.457847384205265273e-01
7.885742187500000000e-01 6.461179606797734509e-01
1.635742187500000000e-01 6.464511829390203745e-01
6.635742187500000000e-01 6.467844051982672982e-01
4.135742187500000000e-01 6.471176274575142218e-01
9.135742187500000000e-01 6.474508497167611454e-01
1.010742187500000000e-01 6.477840719760080690e-01
6.010742187500000000e-01 6.481172942352548816e-01
3.510742187500000000e-01 6.484505164945018052e-01
8.510742187500000000e-01 6.487837387537487288e-01
2.260742187500000000e-01 6.491169610129956524e-01
7.260742187500000000e-01 6.494501832722425760e-01
4.760742187500000000e-01 6.497834055314894997e-01
9.760742187500000000e-01 6.501166277907364233e-01
2.294921875000000000e-02 6.504498500499833469e-01
5.229492187500000000e-01 6.507830723092302705e-01
2.729492187500000000e-01 6.511162945684771941e-01
7.729492187500000000e-01 6.514495168277241177e-01
1.479492187500000000e-01 6.517827390869710413e-01
6.479492187500000000e-01 6.521159613462179649e-01
3.979492187500000000e-01 6.524491836054648886e-01
8.979492187500000000e-01 6.527824058647118122e-01
8.544921875000000000e-02 6.531156281239587358e-01
5.854492187500000000e-01 6.534488503832056594e-01
3.354492187500000000e-01 6.537820726424525830e-01
8.354492187500000000e-01 6.541152949016995066e-01
2.104492187500000000e-01 6.544485171609463192e-01
7.104492187500000000e-01 6.547817394201932428e-01
4.604492187500000000e-01 6.551149616794401664e-01
9.604492187500000000e-01 6.554481839386870901e-01
5.419921875000000000e-02 6.557814061979340137e-01
5.541992187500000000e-01 6.561146284571809373e-01
3.041992187500000000e-01 6.564478507164278609e-01
8.041992187500000000e-01 6.567810729756747845e-01
1.791992187500000000e-01 6.571142952349217081e-01
6.791992187500000000e-01 6.574475174941686317e-01
4.291992187500000000e-01 6.577807397534155553e-01
9.291992187500000000e-01 6.581139620126624790e-01
1.166992187500000000e-01 6.584471842719094026e-01
6.166992187500000000e-01 6.587804065311563262e-01
3.666992187500000000e-01 6.591136287904032498e-01
8.666992187500000000e-01 6.594468510496501734e-01
2.416992187500000000e-01 6.597800733088970970e-01
7.416992187500000000e-01 6.601132955681440206e-01
4.916992187500000000e-01 6.604465178273909443e-01
9.916992187500000000e-01 6.607797400866377568e-01
1.513671875000000000e-02 6.611129623458846805e-01
5.151367187500000000e-01 6.614461846051316041e-01
2.651367187500000000e-01 6.617794068643785277e-01
7.651367187500000000e-01 6.621126291236254513e-01
1.401367187500000000e-01 6.624458513828723749e-01
6.401367187500000000e-01 6.627790736421192985e-01
3.901367187500000000e-01 6.631122959013662221e-01
8.901367187500000000e-01 6.634455181606131458e-01
7.763671875000000000e-02 6.637787404198600694e-01
5.776367187500000000e-01 6.641119626791069930e-01
3.276367187500000000e-01 6.644451849383539166e-01
8.276367187500000000e-01 6.647784071976008402e-01
2.026367187500000000e-01 6.651116294568477638e-01
7.026367187500000000e-01 6.654448517160946874e-01
4.526367187500000000e-01 6.657780739753416110e-01
9.526367187500000000e-01 6.661112962345885347e-01
4.638671875000000000e-02 6.664445184938354583e-01
5.463867187500000000e-01 6.667777407530823819e-01
2.963867187500000000e-01 6.671109630123291945e-01
7.963867187500000000e-01 6.674441852715761181e-01
1.713867187500000000e-01 6.677774075308230417e-01
6.713867187500000000e-01 6.681106297900699653e-01
4.213867187500000000e-01 6.684438520493168889e-01
9.213867187500000000e-01 6.687770743085638125e-01
1.088867187500000000e-01 6.691102965678107362e-01
6.088867187500000000e-01 6.694435188270576598e-01
3.588867187500000000e-01 6.697767410863045834e-01
8.588867187500000000e-01 6.701099633455515070e-01
2.338867187500000000e-01 6.704431856047984306e-01
7.338867187500000000e-01 6.707764078640453542e-01
4.838867187500000000e-01 6.711096301232922778e-01
9.838867187500000000e-01 6.714428523825392015e-01
3.076171875000000000e-02 6.717760746417861251e-01
5.307617187500000000e-01 6.721092969010330487e-01
2.807617187500000000e-01 6.724425191602799723e-01
7.807617187500000000e-01 6.727757414195268959e-01
1.557617187500000000e-01 6.731089636787737085e-01
6.557617187500000000e-01 6.734421859380206321e-01
4.057617187500000000e-01 6.737754081972675557e-01
9.057617187500000000e-01 6.741086304565144793e-01
9.326171875000000000e-02 6.744418527157614029e-01
5.932617187500000000e-01 6.747750749750083266e-01
3.432617187500000000e-01 6.751082972342552502e-01
8.432617187500000000e-01 6.754415194935021738e-01
2.182617187500000000e-01 6.757747417527490974e-01
7.182617187500000000e-01 6.761079640119960210e-01
4.682617187500000000e-01 6.764411862712429446e-01
9.682617187500000000e-01 6.767744085304898682e-01
6.201171875000000000e-02 6.771076307897367919e-01
5.620117187500000000e-01 6.774408530489837155e-01
3.120117187500000000e-01 6.777740753082306391e-01
8.120117187500000000e-01 6.781072975674775627e-01
1.870117187500000000e-01 6.784405198267244863e-01
6.870117187500000000e-01 6.787737420859714099e-01
4.370117187500000000e-01 6.791069643452183335e-01
9.370117187500000000e-01 6.794401866044651461e-01
1.245117187500000000e-01 6.797734088637120697e-01
6.245117187500000000e-01 6.801066311229589934e-01
3.745117187500000000e-01 6.804398533822059170e-01
8.745117187500000000e-01 6.807730756414528406e-01
2.495117187500000000e-01 6.811062979006997642e-01
7.495117187500000000e-01 6.814395201599466878e-01
4.995117187500000000e-01 6.817727424191936114e-01
9.995117187500000000e-01 6.821059646784405350e-01
2.441406250000000000e-04 6.824391869376874586e-01
5.002441406250000000e-01 6.827724091969343823e-01
2.502441406250000000e-01 6.831056314561813059e-01
7.502441406250000000e-01 6.834388537154282295e-01
1.252441406250000000e-01 6.837720759746751531e-01
6.252441406250000000e-01 6.841052982339220767e-01
3.752441406250000000e-01 6.844385204931690003e-01
8.752441406250000000e-01 6.847717427524159239e-01
6.274414062500000000e-02 6.851049650116628476e-01
5.627441406250000000e-01 6.854381872709097712e-01
3.127441406250000000e-01 6.857714095301565838e-01
8.127441406250000000e-01 6.861046317894035074e-01
1.877441406250000000e-01 6.864378540486504310e-01
6.877441406250000000e-01 6.867710763078973546e-01
4.377441406250000000e-01 6.871042985671442782e-01
9.377441406250000000e-01 6.874375208263912018e-01
3.149414062500000000e-02 6.877707430856381254e-01
5.314941406250000000e-01 6.881039653448850490e-01
2.814941406250000000e-01 6.884371876041319727e-01
7.814941406250000000e-01 6.887704098633788963e-01
1.564941406250000000e-01 6.891036321226258199e-01
6.564941406250000000e-01 6.894368543818727435e-01
4.064941406250000000e-01 6.897700766411196671e-01
9.064941406250000000e-01 6.901032989003665907e-01
9.399414062500000000e-02 6.904365211596135143e-01
5.939941406250000000e-01 6.907697434188604380e-01
3.439941406250000000e-01 6.911029656781073616e-01
8.439941406250000000e-01 6.914361879373542852e-01
2.189941406250000000e-01 6.917694101966012088e-01
7.189941406250000000e-01 6.921026324558480214e-01
4.689941406250000000e-01 6.924358547150949450e-01
9.689941406250000000e-01 6.927690769743418686e-01
1.586914062500000000e-02 6.931022992335887922e-01
5.158691406250000000e-01 6.934355214928357158e-01
2.658691406250000000e-01 6.937687437520826395e-01
7.658691406250000000e-01 6.941019660113295631e-01
1.408691406250000000e-01 6.944351882705764867e-01
6.408691406250000000e-01 6.947684105298234103e-01
3.908691406250000000e-01 6.951016327890703339e-01
8.908691406250000000e-01 6.954348550483172575e-01
7.836914062500000000e-02 6.957680773075641811e-01
5.783691406250000000e-01 6.961012995668111047e-01
3.283691406250000000e-01 6.964345218260580284e-01
8.283691406250000000e-01 6.967677440853049520e-01
2.033691406250000000e-01 6.971009663445518756e-01
7.033691406250000000e-01 6.974341886037987992e-01
4.533691406250000000e-01 6.977674108630457228e-01
9.533691406250000000e-01 6.981006331222925354e-01
4.711914062500000000e-02 6.984338553815394590e-01
5.471191406250000000e-01 6.987670776407863826e-01
2.971191406250000000e-01 6.991002999000333062e-01
7.971191406250000000e-01 6.994335221592802299e-01
1.721191406250000000e-01 6.997667444185271535e-01
6.721191406250000000e-01 7.000999666777740771e-01
4.221191406250000000e-01 7.004331889370210007e-01
9.221191406250000000e-01 7.007664111962679243e-01
1.096191406250000000e-01 7.010996334555148479e-01
6.096191406250000000e-01 7.014328557147617715e-01
3.596191406250000000e-01 7.017660779740086952e-01
8.596191406250000000e-01 7.020993002332556188e-01
2.346191406250000000e-01 7.024325224925025424e-01
7.346191406250000000e-01 7.027657447517494660e-01
4.846191406250000000e-01 7.030989670109963896e-01
9.846191406250000000e-01 7.034321892702433132e-01
8.056640625000000000e-03 7.037654115294902368e-01
5.080566406250000000e-01 7.040986337887371604e-01
2.580566406250000000e-01 7.044318560479839730e-01
7.580566406250000000e-01 7.047650783072308966e-01
1.330566406250000000e-01 7.050983005664778203e-01
6.330566406250000000e-01 7.054315228257247439e-01
3.830566406250000000e-01 7.057647450849716675e-01
8.830566406250000000e-01 7.060979673442185911e-01
7.055664062500000000e-02 7.064311896034655147e-01
5.705566406250000000e-01 7.067644118627124383e-01
3.205566406250000000e-01 7.070976341219593619e-01
8.205566406250000000e-01 7.074308563812062856e-01
1.955566406250000000e-01 7.077640786404532092e-01
6.955566406250000000e-01 7.080973008997001328e-01
4.455566406250000000e-01 7.084305231589470564e-01
9.455566406250000000e-01 7.087637454181939800e-01
3.930664062500000000e-02 7.090969676774409036e-01
5.393066406250000000e-01 7.094301899366878272e-01
2.893066406250000000e-01 7.097634121959347508e-01
7.893066406250000000e-01 7.100966344551816745e-01
1.643066406250000000e-01 7.104298567144285981e-01
6.643066406250000000e-01 7.107630789736754107e-01
4.143066406250000000e-01 7.110963012329223343e-01
9.143066406250000000e-01 7.114295234921692579e-01
1.018066406250000000e-01 7.117627457514161815e-01
6.018066406250000000e-01 7.120959680106631051e-01
3.518066406250000000e-01 7.124291902699100287e-01
8.518066406250000000e-01 7.127624125291569523e-01
2.268066406250000000e-01 7.130956347884038760e-01
7.268066406250000000e-01 7.134288570476507996e-01
4.768066406250000000e-01 7.137620793068977232e-01
9.768066406250000000e-01 7.140953015661446468e-01
2.368164062500000000e-02 7.144285238253915704e-01
5.236816406250000000e-01 7.147617460846384940e-01
2.736816406250000000e-01 7.150949683438854176e-01
7.736816406250000000e-01 7.154281906031323413e-01
1.486816406250000000e-01 7.157614128623792649e-01
6.486816406250000000e-01 7.160946351216261885e-01
3.986816406250000000e-01 7.164278573808731121e-01
8.986816406250000000e-01 7.167610796401200357e-01
8.618164062500000000e-02 7.170943018993668483e-01
5.861816406250000000e-01 7.174275241586137719e-01
3.361816406250000000e-01 7.177607464178606955e-01
8.361816406250000000e-01 7.180939686771076191e-01
2.111816406250000000e-01 7.184271909363545427e-01
7.111816406250000000e-01 7.187604131956014664e-01
4.611816406250000000e-01 7.190936354548483900e-01
9.611816406250000000e-01 7.194268577140953136e-01
5.493164062500000000e-02 7.197600799733422372e-01
5.549316406250000000e-01 7.200933022325891608e-01
3.049316406250000000e-01 7.204265244918360844e-01
8.049316406250000000e-01 7.207597467510830080e-01
1.799316406250000000e-01 7.210929690103299317e-01
6.799316406250000000e-01 7.214261912695768553e-01
4.299316406250000000e-01 7.217594135288237789e-01
9.299316406250000000e-01 7.220926357880707025e-01
1.174316406250000000e-01 7.224258580473176261e-01
6.174316406250000000e-01 7.227590803065645497e-01
3.674316406250000000e-01 7.230923025658114733e-01
8.674316406250000000e-01 7.234255248250582859e-01
2.424316406250000000e-01 7.237587470843052095e-01
7.424316406250000000e-01 7.240919693435521332e-01
4.924316406250000000e-01 7.244251916027990568e-01
9.924316406250000000e-01 7.247584138620459804e-01
4.150390625000000000e-03 7.250916361212929040e-01
5.041503906250000000e-01 7.254248583805398276e-01
2.541503906250000000e-01 7.257580806397867512e-01
7.541503906250000000e-01 7.260913028990336748e-01
1.291503906250000000e-01 7.264245251582805984e-01
6.291503906250000000e-01 7.267577474175275221e-01
3.791503906250000000e-01 7.270909696767744457e-01
8.791503906250000000e-01 7.274241919360213693e-01
6.665039062500000000e-02 7.277574141952682929e-01
5.666503906250000000e-01 7.280906364545152165e-01
3.166503906250000000e-01 7.284238587137621401e-01
8.166503906250000000e-01 7.287570809730090637e-01
1.916503906250000000e-01 7.290903032322559874e-01
6.916503906250000000e-01 7.294235254915027999e-01
4.416503906250000000e-01 7.297567477507497236e-01
9.416503906250000000e-01 7.300899700099966472e-01
3.540039062500000000e-02 7.304231922692435708e-01
5.354003906250000000e-01 7.307564145284904944e-01
2.854003906250000000e-01 7.310896367877374180e-01
7.854003906250000000e-01 7.314228590469843416e-01
1.604003906250000000e-01 7.317560813062312652e-01
6.604003906250000000e-01 7.320893035654781889e-01
4.104003906250000000e-01 7.324225258247251125e-01
9.104003906250000000e-01 7.327557480839720361e-01
9.790039062500000000e-02 7.330889703432189597e-01
5.979003906250000000e-01 7.334221926024658833e-01
3.479003906250000000e-01 7.337554148617128069e-01
8.479003906250000000e-01 7.340886371209597305e-01
2.229003906250000000e-01 7.344218593802066541e-01
7.229003906250000000e-01 7.347550816394535778e-01
4.729003906250000000e-01 7.350883038987005014e-01
9.729003906250000000e-01 7.354215261579474250e-01
1.977539062500000000e-02 7.357547484171942376e-01
5.197753906250000000e-01 7.360879706764411612e-01
2.697753906250000000e-01 7.364211929356880848e-01
7.697753906250000000e-01 7.367544151949350084e-01
1.447753906250000000e-01 7.370876374541819320e-01
6.447753906250000000e-01 7.374208597134288556e-01
3.947753906250000000e-01 7.377540819726757793e-01
8.947753906250000000e-01 7.380873042319227029e-01
8.227539062500000000e-02 7.384205264911696265e-01
5.822753906250000000e-01 7.387537487504165501e-01
3.322753906250000000e-01 7.390869710096634737e-01
8.322753906250000000e-01 7.394201932689103973e-01
2.072753906250000000e-01 7.397534155281573209e-01
7.072753906250000000e-01 7.400866377874042445e-01
4.572753906250000000e-01 7.404198600466511682e-01
9.572753906250000000e-01 7.407530823058980918e-01
5.102539062500000000e-02 7.410863045651450154e-01
5.510253906250000000e-01 7.414195268243919390e-01
3.010253906250000000e-01 7.417527490836388626e-01
8.010253906250000000e-01 7.420859713428856752e-01
1.760253906250000000e-01 7.424191936021325988e-01
6.760253906250000000e-01 7.427524158613795224e-01
4.260253906250000000e-01 7.430856381206264460e-01
9.260253906250000000e-01 7.434188603798733697e-01
1.135253906250000000e-01 7.437520826391202933e-01
6.135253906250000000e-01 7.440853048983672169e-01
3.635253906250000000e-01 7.444185271576141405e-01
8.635253906250000000e-01 7.447517494168610641e-01
2.385253906250000000e-01 7.450849716761079877e-01
7.385253906250000000e-01 7.454181939353549113e-01
4.885253906250000000e-01 7.457514161946018350e-01
9.885253906250000000e-01 7.460846384538487586e-01
1.196289062500000000e-02 7.464178607130956822e-01
5.119628906250000000e-01 7.467510829723426058e-01
2.619628906250000000e-01 7.470843052315895294e-01
7.619628906250000000e-01 7.474175274908364530e-01
1.369628906250000000e-01 7.477507497500833766e-01
6.369628906250000000e-01 7.480839720093303002e-01
3.869628906250000000e-01 7.484171942685771128e-01
8.869628906250000000e-01 7.487504165278240365e-01
7.446289062500000000e-02 7.490836387870709601e-01
5.744628906250000000e-01 7.494168610463178837e-01
3.244628906250000000e-01 7.497500833055648073e-01
8.244628906250000000e-01 7.500833055648117309e-01
1.994628906250000000e-01 7.504165278240586545e-01
6.994628906250000000e-01 7.507497500833055781e-01
4.494628906250000000e-01 7.510829723425525017e-01
9.494628906250000000e-01 7.514161946017994254e-01
4.321289062500000000e-02 7.517494168610463490e-01
5.432128906250000000e-01 7.520826391202932726e-01
2.932128906250000000e-01 7.524158613795401962e-01
7.932128906250000000e-01 7.527490836387871198e-01
1.682128906250000000e-01 7.530823058980340434e-01
6.682128906250000000e-01 7.534155281572809670e-01
4.182128906250000000e-01 7.537487504165278906e-01
9.182128906250000000e-01 7.540819726757748143e-01
1.057128906250000000e-01 7.544151949350217379e-01
6.057128906250000000e-01 7.547484171942685505e-01
3.557128906250000000e-01 7.550816394535154741e-01
8.557128906250000000e-01 7.554148617127623977e-01
2.307128906250000000e-01 7.557480839720093213e-01
7.307128906250000000e-01 7.560813062312562449e-01
4.807128906250000000e-01 7.564145284905031685e-01
9.807128906250000000e-01 7.567477507497500921e-01
2.758789062500000000e-02 7.570809730089970158e-01
5.275878906250000000e-01 7.574141952682439394e-01
2.775878906250000000e-01 7.577474175274908630e-01
7.775878906250000000e-01 7.580806397867377866e-01
1.525878906250000000e-01 7.584138620459847102e-01
6.525878906250000000e-01 7.587470843052316338e-01
4.025878906250000000e-01 7.590803065644785574e-01
9.025878906250000000e-01 7.594135288237254811e-01
9.008789062500000000e-02 7.597467510829724047e-01
5.900878906250000000e-01 7.600799733422193283e-01
3.400878906250000000e-01 7.604131956014662519e-01
8.400878906250000000e-01 7.607464178607130645e-01
2.150878906250000000e-01 7.610796401199599881e-01
7.150878906250000000e-01 7.614128623792069117e-01
4.650878906250000000e-01 7.617460846384538353e-01
9.650878906250000000e-01 7.620793068977007589e-01
5.883789062500000000e-02 7.624125291569476826e-01
5.588378906250000000e-01 7.627457514161946062e-01
3.088378906250000000e-01 7.630789736754415298e-01
8.088378906250000000e-01 7.634121959346884534e-01
1.838378906250000000e-01 7.637454181939353770e-01
6.838378906250000000e-01 7.640786404531823006e-01
4.338378906250000000e-01 7.644118627124292242e-01
9.338378906250000000e-01 7.647450849716761478e-01
1.213378906250000000e-01 7.650783072309230715e-01
6.213378906250000000e-01 7.654115294901699951e-01
3.713378906250000000e-01 7.657447517494169187e-01
8.713378906250000000e-01 7.660779740086638423e-01
2.463378906250000000e-01 7.664111962679107659e-01
7.463378906250000000e-01 7.667444185271576895e-01
4.963378906250000000e-01 7.670776407864045021e-01
9.963378906250000000e-01 7.674108630456514257e-01
2.197265625000000000e-03 7.677440853048983493e-01
5.021972656250000000e-01 7.680773075641452730e-01
2.521972656250000000e-01 7.684105298233921966e-01
7.521972656250000000e-01 7.687437520826391202e-01
1.271972656250000000e-01 7.690769743418860438e-01
6.271972656250000000e-01 7.694101966011329674e-01
3.771972656250000000e-01 7.697434188603798910e-01
8.771972656250000000e-01 7.700766411196268146e-01
6.469726562500000000e-02 7.704098633788737382e-01
5.646972656250000000e-01 7.707430856381206619e-01
3.146972656250000000e-01 7.710763078973675855e-01
8.146972656250000000e-01 7.714095301566145091e-01
1.896972656250000000e-01 7.717427524158614327e-01
6.896972656250000000e-01 7.720759746751083563e-01
4.396972656250000000e-01 7.724091969343552799e-01
9.396972656250000000e-01 7.727424191936022035e-01
3.344726562500000000e-02 7.730756414528491272e-01
5.334472656250000000e-01 7.734088637120959397e-01
2.834472656250000000e-01 7.737420859713428634e-01
7.834472656250000000e-01 7.740753082305897870e-01
1.584472656250000000e-01 7.744085304898367106e-01
6.584472656250000000e-01 7.747417527490836342e-01
4.084472656250000000e-01 7.750749750083305578e-01
9.084472656250000000e-01 7.754081972675774814e-01
9.594726562500000000e-02 7.757414195268244050e-01
5.959472656250000000e-01 7.760746417860713287e-01
3.459472656250000000e-01 7.764078640453182523e-01
8.459472656250000000e-01 7.767410863045651759e-01
2.209472656250000000e-01 7.770743085638120995e-01
7.209472656250000000e-01 7.774075308230590231e-01
4.709472656250000000e-01 7.777407530823059467e-01
9.709472656250000000e-01 7.780739753415528703e-01
1.782226562500000000e-02 7.784071976007997939e-01
5.178222656250000000e-01 7.787404198600467176e-01
2.678222656250000000e-01 7.790736421192936412e-01
7.678222656250000000e-01 7.794068643785405648e-01
1.428222656250000000e-01 7.797400866377873774e-01
6.428222656250000000e-01 7.800733088970343010e-01
3.928222656250000000e-01 7.804065311562812246e-01
8.928222656250000000e-01 7.807397534155281482e-01
8.032226562500000000e-02 7.810729756747750718e-01
5.803222656250000000e-01 7.814061979340219954e-01
3.303222656250000000e-01 7.817394201932689191e-01
8.303222656250000000e-01 7.820726424525158427e-01
2.053222656250000000e-01 7.824058647117627663e-01
7.053222656250000000e-01 7.827390869710096899e-01
4.553222656250000000e-01 7.830723092302566135e-01
9.553222656250000000e-01 7.834055314895035371e-01
4.907226562500000000e-02 7.837387537487504607e-01
5.490722656250000000e-01 7.840719760079973844e-01
2.990722656250000000e-01 7.844051982672443080e-01
7.990722656250000000e-01 7.847384205264912316e-01
1.740722656250000000e-01 7.850716427857381552e-01
6.740722656250000000e-01 7.854048650449850788e-01
4.240722656250000000e-01 7.857380873042320024e-01
9.240722656250000000e-01 7.860713095634788150e-01
1.115722656250000000e-01 7.864045318227257386e-01
6.115722656250000000e-01 7.867377540819726622e-01
3.615722656250000000e-01 7.870709763412195858e-01
8.615722656250000000e-01 7.874041986004665095e-01
2.365722656250000000e-01 7.877374208597134331e-01
7.365722656250000000e-01 7.880706431189603567e-01
4.865722656250000000e-01 7.884038653782072803e-01
9.865722656250000000e-01 7.887370876374542039e-01
1.000976562500000000e-02 7.890703098967011275e-01
5.100097656250000000e-01 7.894035321559480511e-01
2.600097656250000000e-01 7.897367544151949748e-01
7.600097656250000000e-01 7.900699766744418984e-01
1.350097656250000000e-01 7.904031989336888220e-01
6.350097656250000000e-01 7.907364211929357456e-01
3.850097656250000000e-01 7.910696434521826692e-01
8.850097656250000000e-01 7.914028657114295928e-01
7.250976562500000000e-02 7.917360879706765164e-01
5.725097656250000000e-01 7.920693102299233290e-01
3.225097656250000000e-01 7.924025324891702526e-01
8.225097656250000000e-01 7.927357547484171763e-01
1.975097656250000000e-01 7.930689770076640999e-01
6.975097656250000000e-01 7.934021992669110235e-01
4.475097656250000000e-01 7.937354215261579471e-01
9.475097656250000000e-01 7.940686437854048707e-01
4.125976562500000000e-02 7.944018660446517943e-01
5.412597656250000000e-01 7.947350883038987179e-01
2.912597656250000000e-01 7.950683105631456415e-01
7.912597656250000000e-01 7.954015328223925652e-01
1.662597656250000000e-01 7.957347550816394888e-01
6.662597656250000000e-01 7.960679773408864124e-01
4.162597656250000000e-01 7.964011996001333360e-01
9.162597656250000000e-01 7.967344218593802596e-01
1.037597656250000000e-01 7.970676441186271832e-01
6.037597656250000000e-01 7.974008663778741068e-01
3.537597656250000000e-01 7.977340886371210305e-01
8.537597656250000000e-01 7.980673108963679541e-01
2.287597656250000000e-01 7.984005331556147667e-01
7.287597656250000000e-01 7.987337554148616903e-01
4.787597656250000000e-01 7.990669776741086139e-01
9.787597656250000000e-01 7.994001999333555375e-01
2.563476562500000000e-02 7.997334221926024611e-01
5.256347656250000000e-01 8.000666444518493847e-01
2.756347656250000000e-01 8.003998667110963083e-01
7.756347656250000000e-01 8.007330889703432319e-01
1.506347656250000000e-01 8.010663112295901556e-01
6.506347656250000000e-01 8.013995334888370792e-01
4.006347656250000000e-01 8.017327557480840028e-01
9.006347656250000000e-01 8.020659780073309264e-01
8.813476562500000000e-02 8.023992002665778500e-01
5.881347656250000000e-01 8.027324225258247736e-01
3.381347656250000000e-01 8.030656447850716972e-01
8.381347656250000000e-01 8.033988670443186209e-01
2.131347656250000000e-01 8.037320893035655445e-01
7.131347656250000000e-01 8.040653115628124681e-01
4.631347656250000000e-01 8.043985338220593917e-01
9.631347656250000000e-01 8.047317560813062043e-01
5.688476562500000000e-02 8.050649783405531279e-01
5.568847656250000000e-01 8.053982005998000515e-01
3.068847656250000000e-01 8.057314228590469751e-01
8.068847656250000000e-01 8.060646451182938987e-01
1.818847656250000000e-01 8.063978673775408224e-01
6.818847656250000000e-01 8.067310896367877460e-01
4.318847656250000000e-01 8.070643118960346696e-01
9.318847656250000000e-01 8.073975341552815932e-01
1.193847656250000000e-01 8.077307564145285168e-01
6.193847656250000000e-01 8.080639786737754404e-01
3.693847656250000000e-01 8.083972009330223640e-01
8.693847656250000000e-01 8.087304231922692876e-01
2.443847656250000000e-01 8.090636454515162113e-01
7.443847656250000000e-01 8.093968677107631349e-01
4.943847656250000000e-01 8.097300899700100585e-01
9.943847656250000000e-01 8.100633122292569821e-01
6.103515625000000000e-03 8.103965344885039057e-01
5.061035156250000000e-01 8.107297567477508293e-01
2.561035156250000000e-01 8.110629790069976419e-01
7.561035156250000000e-01 8.113962012662445655e-01
1.311035156250000000e-01 8.117294235254914891e-01
6.311035156250000000e-01 8.120626457847384128e-01
3.811035156250000000e-01 8.123958680439853364e-01
8.811035156250000000e-01 8.127290903032322600e-01
6.860351562500000000e-02 8.130623125624791836e-01
5.686035156250000000e-01 8.133955348217261072e-01
3.186035156250000000e-01 8.137287570809730308e-01
8.186035156250000000e-01 8.140619793402199544e-01
1.936035156250000000e-01 8.143952015994668781e-01
6.936035156250000000e-01 8.147284238587138017e-01
4.436035156250000000e-01 8.150616461179607253e-01
9.436035156250000000e-01 8.153948683772076489e-01
3.735351562500000000e-02 8.157280906364545725e-01
5.373535156250000000e-01 8.160613128957014961e-01
2.873535156250000000e-01 8.163945351549484197e-01
7.873535156250000000e-01 8.167277574141953433e-01
1.623535156250000000e-01 8.170609796734421559e-01
6.623535156250000000e-01 8.173942019326890795e-01
4.123535156250000000e-01 8.177274241919360032e-01
9.123535156250000000e-01 8.180606464511829268e-01
9.985351562500000000e-02 8.183938687104298504e-01
5.998535156250000000e-01 8.187270909696767740e-01
3.498535156250000000e-01 8.190603132289236976e-01
8.498535156250000000e-01 8.193935354881706212e-01
2.248535156250000000e-01 8.197267577474175448e-01
7.248535156250000000e-01 8.200599800066644685e-01
4.748535156250000000e-01 8.203932022659113921e-01
9.748535156250000000e-01 8.207264245251583157e-01
2.172851562500000000e-02 8.210596467844052393e-01
5.217285156250000000e-01 8.213928690436521629e-01
2.717285156250000000e-01 8.217260913028990865e-01
7.717285156250000000e-01 8.220593135621460101e-01
1.467285156250000000e-01 8.223925358213929337e-01
6.467285156250000000e-01 8.227257580806398574e-01
3.967285156250000000e-01 8.230589803398867810e-01
8.967285156250000000e-01 8.233922025991335936e-01
8.422851562500000000e-02 8.237254248583805172e-01
5.842285156250000000e-01 8.240586471176274408e-01
3.342285156250000000e-01 8.243918693768743644e-01
8.342285156250000000e-01 8.247250916361212880e-01
2.092285156250000000e-01 8.250583138953682116e-01
7.092285156250000000e-01 8.253915361546151352e-01
4.592285156250000000e-01 8.257247584138620589e-01
9.592285156250000000e-01 8.260579806731089825e-01
5.297851562500000000e-02 8.263912029323559061e-01
5.529785156250000000e-01 8.267244251916028297e-01
3.029785156250000000e-01 8.270576474508497533e-01
8.029785156250000000e-01 8.273908697100966769e-01
1.779785156250000000e-01 8.277240919693436005e-01
6.779785156250000000e-01 8.280573142285905242e-01
4.279785156250000000e-01 8.283905364878374478e-01
9.279785156250000000e-01 8.287237587470843714e-01
1.154785156250000000e-01 8.290569810063312950e-01
6.154785156250000000e-01 8.293902032655782186e-01
3.654785156250000000e-01 8.297234255248250312e-01
8.654785156250000000e-01 8.300566477840719548e-01
2.404785156250000000e-01 8.303898700433188784e-01
7.404785156250000000e-01 8.307230923025658020e-01
4.904785156250000000e-01 8.310563145618127256e-01
9.904785156250000000e-01 8.313895368210596493e-01
1.391601562500000000e-02 8.317227590803065729e-01
5.139160156250000000e-01 8.320559813395534965e-01
2.639160156250000000e-01 8.323892035988004201e-01
7.639160156250000000e-01 8.327224258580473437e-01
1.389160156250000000e-01 8.330556481172942673e-01
6.389160156250000000e-01 8.333888703765411909e-01
3.889160156250000000e-01 8.337220926357881146e-01
8.889160156250000000e-01 8.340553148950350382e-01
7.641601562500000000e-02 8.343885371542819618e-01
5.764160156250000000e-01 8.347217594135288854e-01
3.264160156250000000e-01 8.350549816727758090e-01
8.264160156250000000e-01 8.353882039320227326e-01
2.014160156250000000e-01 8.357214261912696562e-01
7.014160156250000000e-01 8.360546484505164688e-01
4.514160156250000000e-01 8.363878707097633924e-01
9.514160156250000000e-01 8.367210929690103161e-01
4.516601562500000000e-02 8.370543152282572397e-01
5.451660156250000000e-01 8.373875374875041633e-01
2.951660156250000000e-01 8.377207597467510869e-01
7.951660156250000000e-01 8.380539820059980105e-01
1.701660156250000000e-01 8.383872042652449341e-01
6.701660156250000000e-01 8.387204265244918577e-01
4.201660156250000000e-01 8.390536487837387813e-01
9.201660156250000000e-01 8.393868710429857050e-01
1.076660156250000000e-01 8.397200933022326286e-01
6.076660156250000000e-01 8.400533155614795522e-01
3.576660156250000000e-01 8.403865378207264758e-01
8.576660156250000000e-01 8.407197600799733994e-01
2.326660156250000000e-01 8.410529823392203230e-01
7.326660156250000000e-01 8.413862045984672466e-01
4.826660156250000000e-01 8.417194268577141703e-01
9.826660156250000000e-01 8.420526491169610939e-01
2.954101562500000000e-02 8.423858713762079065e-01
5.295410156250000000e-01 8.427190936354548301e-01
2.795410156250000000e-01 8.430523158947017537e-01
7.795410156250000000e-01 8.433855381539486773e-01
1.545410156250000000e-01 8.437187604131956009e-01
6.545410156250000000e-01 8.440519826724425245e-01
4.045410156250000000e-01 8.443852049316894481e-01
9.045410156250000000e-01 8.447184271909363718e-01
9.204101562500000000e-02 8.450516494501832954e-01
5.920410156250000000e-01 8.453848717094302190e-01
3.420410156250000000e-01 8.457180939686771426e-01
8.420410156250000000e-01 8.460513162279240662e-01
2.170410156250000000e-01 8.463845384871709898e-01
7.170410156250000000e-01 8.467177607464179134e-01
4.670410156250000000e-01 8.470509830056648370e-01
9.670410156250000000e-01 8.473842052649117607e-01
6.079101562500000000e-02 8.477174275241586843e-01
5.607910156250000000e-01 8.480506497834056079e-01
3.107910156250000000e-01 8.483838720426524205e-01
8.107910156250000000e-01 8.487170943018993441e-01
1.857910156250000000e-01 8.490503165611462677e-01
6.857910156250000000e-01 8.493835388203931913e-01
4.357910156250000000e-01 8.497167610796401149e-01
9.357910156250000000e-01 8.500499833388870385e-01
1.232910156250000000e-01 8.503832055981339622e-01
6.232910156250000000e-01 8.507164278573808858e-01
3.732910156250000000e-01 8.510496501166278094e-01
8.732910156250000000e-01 8.513828723758747330e-01
2.482910156250000000e-01 8.517160946351216566e-01
7.482910156250000000e-01 8.520493168943685802e-01
4.982910156250000000e-01 8.523825391536155038e-01
9.982910156250000000e-01 8.527157614128624274e-01
1.220703125000000000e-03 8.530489836721093511e-01
5.012207031250000000e-01 8.533822059313562747e-01
2.512207031250000000e-01 8.537154281906031983e-01
7.512207031250000000e-01 8.540486504498501219e-01
1.262207031250000000e-01 8.543818727090970455e-01
6.262207031250000000e-01 8.547150949683438581e-01
3.762207031250000000e-01 8.550483172275907817e-01
8.762207031250000000e-01 8.553815394868377053e-01
6.372070312500000000e-02 8.557147617460846289e-01
5.637207031250000000e-01 8.560479840053315526e-01
3.137207031250000000e-01 8.563812062645784762e-01
8.137207031250000000e-01 8.567144285238253998e-01
1.887207031250000000e-01 8.570476507830723234e-01
6.887207031250000000e-01 8.573808730423192470e-01
4.387207031250000000e-01 8.577140953015661706e-01
9.387207031250000000e-01 8.580473175608130942e-01
3.247070312500000000e-02 8.583805398200600179e-01
5.324707031250000000e-01 8.587137620793069415e-01
2.824707031250000000e-01 8.590469843385538651e-01
7.824707031250000000e-01 8.593802065978007887e-01
1.574707031250000000e-01 8.597134288570477123e-01
6.574707031250000000e-01 8.600466511162946359e-01
4.074707031250000000e-01 8.603798733755415595e-01
9.074707031250000000e-01 8.607130956347884831e-01
9.497070312500000000e-02 8.610463178940352957e-01
5.949707031250000000e-01 8.613795401532822194e-01
3.449707031250000000e-01 8.617127624125291430e-01
8.449707031250000000e-01 8.620459846717760666e-01
2.199707031250000000e-01 8.623792069310229902e-01
7.199707031250000000e-01 8.627124291902699138e-01
4.699707031250000000e-01 8.630456514495168374e-01
9.699707031250000000e-01 8.633788737087637610e-01
1.684570312500000000e-02 8.637120959680106846e-01
5.168457031250000000e-01 8.640453182272576083e-01
2.668457031250000000e-01 8.643785404865045319e-01
7.668457031250000000e-01 8.647117627457514555e-01
1.418457031250000000e-01 8.650449850049983791e-01
6.418457031250000000e-01 8.653782072642453027e-01
3.918457031250000000e-01 8.657114295234922263e-01
8.918457031250000000e-01 8.660446517827391499e-01
7.934570312500000000e-02 8.663778740419860735e-01
5.793457031250000000e-01 8.667110963012329972e-01
3.293457031250000000e-01 8.670443185604799208e-01
8.293457031250000000e-01 8.673775408197267334e-01
2.043457031250000000e-01 8.677107630789736570e-01
7.043457031250000000e-01 8.680439853382205806e-01
4.543457031250000000e-01 8.683772075974675042e-01
9.543457031250000000e-01 8.687104298567144278e-01
4.809570312500000000e-02 8.690436521159613514e-01
5.480957031250000000e-01 8.693768743752082750e-01
2.980957031250000000e-01 8.697100966344551987e-01
7.980957031250000000e-01 8.700433188937021223e-01
1.730957031250000000e-01 8.703765411529490459e-01
6.730957031250000000e-01 8.707097634121959695e-01
4.230957031250000000e-01 8.710429856714428931e-01
9.230957031250000000e-01 8.713762079306898167e-01
1.105957031250000000e-01 8.717094301899367403e-01
6.105957031250000000e-01 8.720426524491836640e-01
3.605957031250000000e-01 8.723758747084305876e-01
8.605957031250000000e-01 8.727090969676775112e-01
2.355957031250000000e-01 8.730423192269244348e-01
7.355957031250000000e-01 8.733755414861713584e-01
4.855957031250000000e-01 8.737087637454181710e-01
9.855957031250000000e-01 8.740419860046650946e-01
9.033203125000000000e-03 8.743752082639120182e-01
5.090332031250000000e-01 8.747084305231589418e-01
2.590332031250000000e-01 8.750416527824058655e-01
7.590332031250000000e-01 8.753748750416527891e-01
1.340332031250000000e-01 8.757080973008997127e-01
6.340332031250000000e-01 8.760413195601466363e-01
3.840332031250000000e-01 8.763745418193935599e-01
8.840332031250000000e-01 8.767077640786404835e-01
7.153320312500000000e-02 8.770409863378874071e-01
5.715332031250000000e-01 8.773742085971343307e-01
3.215332031250000000e-01 8.777074308563812544e-01
8.215332031250000000e-01 8.780406531156281780e-01
1.965332031250000000e-01 8.783738753748751016e-01
6.965332031250000000e-01 8.787070976341220252e-01
4.465332031250000000e-01 8.790403198933689488e-01
9.465332031250000000e-01 8.793735421526158724e-01
4.028320312500000000e-02 8.797067644118626850e-01
5.402832031250000000e-01 8.800399866711096086e-01
2.902832031250000000e-01 8.803732089303565322e-01
7.902832031250000000e-01 8.807064311896034559e-01
1.652832031250000000e-01 8.810396534488503795e-01
6.652832031250000000e-01 8.813728757080973031e-01
4.152832031250000000e-01 8.817060979673442267e-01
9.152832031250000000e-01 8.820393202265911503e-01
1.027832031250000000e-01 8.823725424858380739e-01
6.027832031250000000e-01 8.827057647450849975e-01
3.527832031250000000e-01 8.830389870043319211e-01
8.527832031250000000e-01 8.833722092635788448e-01
2.277832031250000000e-01 8.837054315228257684e-01
7.277832031250000000e-01 8.840386537820726920e-01
4.777832031250000000e-01 8.843718760413196156e-01
9.777832031250000000e-01 8.847050983005665392e-01
2.465820312500000000e-02 8.850383205598134628e-01
5.246582031250000000e-01 8.853715428190603864e-01
2.746582031250000000e-01 8.857047650783073101e-01
7.746582031250000000e-01 8.860379873375541226e-01
1.496582031250000000e-01 8.863712095968010463e-01
6.496582031250000000e-01 8.867044318560479699e-01
3.996582031250000000e-01 8.870376541152948935e-01
8.996582031250000000e-01 8.873708763745418171e-01
8.715820312500000000e-02 8.877040986337887407e-01
5.871582031250000000e-01 8.880373208930356643e-01
3.371582031250000000e-01 8.883705431522825879e-01
8.371582031250000000e-01 8.887037654115295116e-01
2.121582031250000000e-01 8.890369876707764352e-01
7.121582031250000000e-01 8.893702099300233588e-01
4.621582031250000000e-01 8.897034321892702824e-01
9.621582031250000000e-01 8.900366544485172060e-01
5.590820312500000000e-02 8.903698767077641296e-01
5.559082031250000000e-01 8.907030989670110532e-01
3.059082031250000000e-01 8.910363212262579768e-01
8.059082031250000000e-01 8.913695434855049005e-01
1.809082031250000000e-01 8.917027657447518241e-01
6.809082031250000000e-01 8.920359880039987477e-01
4.309082031250000000e-01 8.923692102632455603e-01
9.309082031250000000e-01 8.927024325224924839e-01
1.184082031250000000e-01 8.930356547817394075e-01
6.184082031250000000e-01 8.933688770409863311e-01
3.684082031250000000e-01 8.937020993002332547e-01
8.684082031250000000e-01 8.940353215594801783e-01
2.434082031250000000e-01 8.943685438187271020e-01
7.434082031250000000e-01 8.947017660779740256e-01
4.934082031250000000e-01 8.950349883372209492e-01
9.934082031250000000e-01 8.953682105964678728e-01
5.126953125000000000e-03 8.957014328557147964e-01
5.051269531250000000e-01 8.960346551149617200e-01
2.551269531250000000e-01 8.963678773742086436e-01
7.551269531250000000e-01 8.967010996334555673e-01
1.301269531250000000e-01 8.970343218927024909e-01
6.301269531250000000e-01 8.973675441519494145e-01
3.801269531250000000e-01 8.977007664111963381e-01
8.801269531250000000e-01 8.980339886704432617e-01
6.762695312500000000e-02 8.983672109296901853e-01
5.676269531250000000e-01 8.987004331889369979e-01
3.176269531250000000e-01 8.990336554481839215e-01
8.176269531250000000e-01 8.993668777074308451e-01
1.926269531250000000e-01 8.997000999666777687e-01
6.926269531250000000e-01 9.000333222259246924e-01
4.426269531250000000e-01 9.003665444851716160e-01
9.426269531250000000e-01 9.006997667444185396e-01
3.637695312500000000e-02 9.010329890036654632e-01
5.363769531250000000e-01 9.013662112629123868e-01
2.863769531250000000e-01 9.016994335221593104e-01
7.863769531250000000e-01 9.020326557814062340e-01
1.613769531250000000e-01 9.023658780406531577e-01
6.613769531250000000e-01 9.026991002999000813e-01
4.113769531250000000e-01 9.030323225591470049e-01
9.113769531250000000e-01 9.033655448183939285e-01
9.887695312500000000e-02 9.036987670776408521e-01
5.988769531250000000e-01 9.040319893368877757e-01
3.488769531250000000e-01 9.043652115961346993e-01
8.488769531250000000e-01 9.046984338553816229e-01
2.238769531250000000e-01 9.050316561146284355e-01
7.238769531250000000e-01 9.053648783738753592e-01
4.738769531250000000e-01 9.056981006331222828e-01
9.738769531250000000e-01 9.060313228923692064e-01
2.075195312500000000e-02 9.063645451516161300e-01
5.207519531250000000e-01 9.066977674108630536e-01
2.707519531250000000e-01 9.070309896701099772e-01
7.707519531250000000e-01 9.073642119293569008e-01
1.457519531250000000e-01 9.076974341886038244e-01
6.457519531250000000e-01 9.080306564478507481e-01
3.957519531250000000e-01 9.083638787070976717e-01
8.957519531250000000e-01 9.086971009663445953e-01
8.325195312500000000e-02 9.090303232255915189e-01
5.832519531250000000e-01 9.093635454848384425e-01
3.332519531250000000e-01 9.096967677440853661e-01
8.332519531250000000e-01 9.100299900033322897e-01
2.082519531250000000e-01 9.103632122625792134e-01
7.082519531250000000e-01 9.106964345218261370e-01
4.582519531250000000e-01 9.110296567810729496e-01
9.582519531250000000e-01 9.113628790403198732e-01
5.200195312500000000e-02 9.116961012995667968e-01
5.520019531250000000e-01 9.120293235588137204e-01
3.020019531250000000e-01 9.123625458180606440e-01
8.020019531250000000e-01 9.126957680773075676e-01
1.770019531250000000e-01 9.130289903365544912e-01
6.770019531250000000e-01 9.133622125958014148e-01
4.270019531250000000e-01 9.136954348550483385e-01
9.270019531250000000e-01 9.140286571142952621e-01
1.145019531250000000e-01 9.143618793735421857e-01
6.145019531250000000e-01 9.146951016327891093e-01
3.645019531250000000e-01 9.150283238920360329e-01
8.645019531250000000e-01 9.153615461512829565e-01
2.395019531250000000e-01 9.156947684105298801e-01
7.395019531250000000e-01 9.160279906697768038e-01
4.895019531250000000e-01 9.163612129290237274e-01
9.895019531250000000e-01 9.166944351882706510e-01
1.293945312500000000e-02 9.170276574475175746e-01
5.129394531250000000e-01 9.173608797067643872e-01
2.629394531250000000e-01 9.176941019660113108e-01
7.629394531250000000e-01 9.180273242252582344e-01
1.379394531250000000e-01 9.183605464845051580e-01
6.379394531250000000e-01 9.186937687437520816e-01
3.879394531250000000e-01 9.190269910029990053e-01
8.879394531250000000e-01 9.193602132622459289e-01
7.543945312500000000e-02 9.196934355214928525e-01
5.754394531250000000e-01 9.200266577807397761e-01
3.254394531250000000e-01 9.203598800399866997e-01
8.254394531250000000e-01 9.206931022992336233e-01
2.004394531250000000e-01 9.210263245584805469e-01
7.004394531250000000e-01 9.213595468177274705e-01
4.504394531250000000e-01 9.216927690769743942e-01
9.504394531250000000e-01 9.220259913362213178e-01
4.418945312500000000e-02 9.223592135954682414e-01
5.441894531250000000e-01 9.226924358547151650e-01
2.941894531250000000e-01 9.230256581139620886e-01
7.941894531250000000e-01 9.233588803732090122e-01
1.691894531250000000e-01 9.236921026324558248e-01
6.691894531250000000e-01 9.240253248917027484e-01
4.191894531250000000e-01 9.243585471509496720e-01
9.191894531250000000e-01 9.246917694101965957e-01
1.066894531250000000e-01 9.250249916694435193e-01
6.066894531250000000e-01 9.253582139286904429e-01
3.566894531250000000e-01 9.256914361879373665e-01
8.566894531250000000e-01 9.260246584471842901e-01
2.316894531250000000e-01 9.263578807064312137e-01
7.316894531250000000e-01 9.266911029656781373e-01
4.816894531250000000e-01 9.270243252249250610e-01
9.816894531250000000e-01 9.273575474841719846e-01
2.856445312500000000e-02 9.276907697434189082e-01
5.285644531250000000e-01 9.280239920026658318e-01
2.785644531250000000e-01 9.283572142619127554e-01
7.785644531250000000e-01 9.286904365211596790e-01
1.535644531250000000e-01 9.290236587804066026e-01
6.535644531250000000e-01 9.293568810396535262e-01
4.035644531250000000e-01 9.296901032989004499e-01
9.035644531250000000e-01 9.300233255581472624e-01
9.106445312500000000e-02 9.303565478173941861e-01
5.910644531250000000e-01 9.306897700766411097e-01
3.410644531250000000e-01 9.310229923358880333e-01
8.410644531250000000e-01 9.313562145951349569e-01
2.160644531250000000e-01 9.316894368543818805e-01
7.160644531250000000e-01 9.320226591136288041e-01
4.660644531250000000e-01 9.323558813728757277e-01
9.660644531250000000e-01 9.326891036321226514e-01
5.981445312500000000e-02 9.330223258913695750e-01
5.598144531250000000e-01 9.333555481506164986e-01
3.098144531250000000e-01 9.336887704098634222e-01
8.098144531250000000e-01 9.340219926691103458e-01
1.848144531250000000e-01 9.343552149283572694e-01
6.848144531250000000e-01 9.346884371876041930e-01
4.348144531250000000e-01 9.350216594468511166e-01
9.348144531250000000e-01 9.353548817060980403e-01
1.223144531250000000e-01 9.356881039653449639e-01
6.223144531250000000e-01 9.360213262245917765e-01
3.723144531250000000e-01 9.363545484838387001e-01
8.723144531250000000e-01 9.366877707430856237e-01
2.473144531250000000e-01 9.370209930023325473e-01
7.473144531250000000e-01 9.373542152615794709e-01
4.973144531250000000e-01 9.376874375208263945e-01
9.973144531250000000e-01 9.380206597800733181e-01
3.173828125000000000e-03 9.383538820393202418e-01
5.031738281250000000e-01 9.386871042985671654e-01
2.531738281250000000e-01 9.390203265578140890e-01
7.531738281250000000e-01 9.393535488170610126e-01
1.281738281250000000e-01 9.396867710763079362e-01
6.281738281250000000e-01 9.400199933355548598e-01
3.781738281250000000e-01 9.403532155948017834e-01
8.781738281250000000e-01 9.406864378540487071e-01
6.567382812500000000e-02 9.410196601132956307e-01
5.656738281250000000e-01 9.413528823725425543e-01
3.156738281250000000e-01 9.416861046317894779e-01
8.156738281250000000e-01 9.420193268910364015e-01
1.906738281250000000e-01 9.423525491502832141e-01
6.906738281250000000e-01 9.426857714095301377e-01
4.406738281250000000e-01 9.430189936687770613e-01
9.406738281250000000e-01 9.433522159280239849e-01
3.442382812500000000e-02 9.436854381872709085e-01
5.344238281250000000e-01 9.440186604465178322e-01
2.844238281250000000e-01 9.443518827057647558e-01
7.844238281250000000e-01 9.446851049650116794e-01
1.594238281250000000e-01 9.450183272242586030e-01
6.594238281250000000e-01 9.453515494835055266e-01
4.094238281250000000e-01 9.456847717427524502e-01
9.094238281250000000e-01 9.460179940019993738e-01
9.692382812500000000e-02 9.463512162612462975e-01
5.969238281250000000e-01 9.466844385204932211e-01
3.469238281250000000e-01 9.470176607797401447e-01
8.469238281250000000e-01 9.473508830389870683e-01
2.219238281250000000e-01 9.476841052982339919e-01
7.219238281250000000e-01 9.480173275574809155e-01
4.719238281250000000e-01 9.483505498167278391e-01
9.719238281250000000e-01 9.486837720759746517e-01
1.879882812500000000e-02 9.490169943352215753e-01
5.187988281250000000e-01 9.493502165944684990e-01
2.687988281250000000e-01 9.496834388537154226e-01
7.687988281250000000e-01 9.500166611129623462e-01
1.437988281250000000e-01 9.503498833722092698e-01
6.437988281250000000e-01 9.506831056314561934e-01
3.937988281250000000e-01 9.510163278907031170e-01
8.937988281250000000e-01 9.513495501499500406e-01
8.129882812500000000e-02 9.516827724091969642e-01
5.812988281250000000e-01 9.520159946684438879e-01
3.312988281250000000e-01 9.523492169276908115e-01
8.312988281250000000e-01 9.526824391869377351e-01
2.062988281250000000e-01 9.530156614461846587e-01
7.062988281250000000e-01 9.533488837054315823e-01
4.562988281250000000e-01 9.536821059646785059e-01
9.562988281250000000e-01 9.540153282239254295e-01
5.004882812500000000e-02 9.543485504831723532e-01
5.500488281250000000e-01 9.546817727424192768e-01
3.000488281250000000e-01 9.550149950016660894e-01
8.000488281250000000e-01 9.553482172609130130e-01
1.750488281250000000e-01 9.556814395201599366e-01
6.750488281250000000e-01 9.560146617794068602e-01
4.250488281250000000e-01 9.563478840386537838e-01
9.250488281250000000e-01 9.566811062979007074e-01
1.125488281250000000e-01 9.570143285571476310e-01
6.125488281250000000e-01 9.573475508163945547e-01
3.625488281250000000e-01 9.576807730756414783e-01
8.625488281250000000e-01 9.580139953348884019e-01
2.375488281250000000e-01 9.583472175941353255e-01
7.375488281250000000e-01 9.586804398533822491e-01
4.875488281250000000e-01 9.590136621126291727e-01
9.875488281250000000e-01 9.593468843718760963e-01
1.098632812500000000e-02 9.596801066311230199e-01
5.109863281250000000e-01 9.600133288903699436e-01
2.609863281250000000e-01 9.603465511496168672e-01
7.609863281250000000e-01 9.606797734088637908e-01
1.359863281250000000e-01 9.610129956681107144e-01
6.359863281250000000e-01 9.613462179273575270e-01
3.859863281250000000e-01 9.616794401866044506e-01
8.859863281250000000e-01 9.620126624458513742e-01
7.348632812500000000e-02 9.623458847050982978e-01
5.734863281250000000e-01 9.626791069643452214e-01
3.234863281250000000e-01 9.630123292235921451e-01
8.234863281250000000e-01 9.633455514828390687e-01
1.984863281250000000e-01 9.636787737420859923e-01
6.984863281250000000e-01 9.640119960013329159e-01
4.484863281250000000e-01 9.643452182605798395e-01
9.484863281250000000e-01 9.646784405198267631e-01
4.223632812500000000e-02 9.650116627790736867e-01
5.422363281250000000e-01 9.653448850383206103e-01
2.922363281250000000e-01 9.656781072975675340e-01
7.922363281250000000e-01 9.660113295568144576e-01
1.672363281250000000e-01 9.663445518160613812e-01
6.672363281250000000e-01 9.666777740753083048e-01
4.172363281250000000e-01 9.670109963345552284e-01
9.172363281250000000e-01 9.673442185938020410e-01
1.047363281250000000e-01 9.676774408530489646e-01
6.047363281250000000e-01 9.680106631122958882e-01
3.547363281250000000e-01 9.683438853715428118e-01
8.547363281250000000e-01 9.686771076307897355e-01
2.297363281250000000e-01 9.690103298900366591e-01
7.297363281250000000e-01 9.693435521492835827e-01
4.797363281250000000e-01 9.696767744085305063e-01
9.797363281250000000e-01 9.700099966677774299e-01
2.661132812500000000e-02 9.703432189270243535e-01
5.266113281250000000e-01 9.706764411862712771e-01
2.766113281250000000e-01 9.710096634455182008e-01
7.766113281250000000e-01 9.713428857047651244e-01
1.516113281250000000e-01 9.716761079640120480e-01
6.516113281250000000e-01 9.720093302232589716e-01
4.016113281250000000e-01 9.723425524825058952e-01
9.016113281250000000e-01 9.726757747417528188e-01
8.911132812500000000e-02 9.730089970009997424e-01
5.891113281250000000e-01 9.733422192602466660e-01
3.391113281250000000e-01 9.736754415194934786e-01
8.391113281250000000e-01 9.740086637787404023e-01
2.141113281250000000e-01 9.743418860379873259e-01
7.141113281250000000e-01 9.746751082972342495e-01
4.641113281250000000e-01 9.750083305564811731e-01
9.641113281250000000e-01 9.753415528157280967e-01
5.786132812500000000e-02 9.756747750749750203e-01
5.578613281250000000e-01 9.760079973342219439e-01
3.078613281250000000e-01 9.763412195934688675e-01
8.078613281250000000e-01 9.766744418527157912e-01
1.828613281250000000e-01 9.770076641119627148e-01
6.828613281250000000e-01 9.773408863712096384e-01
4.328613281250000000e-01 9.776741086304565620e-01
9.328613281250000000e-01 9.780073308897034856e-01
1.203613281250000000e-01 9.783405531489504092e-01
6.203613281250000000e-01 9.786737754081973328e-01
3.703613281250000000e-01 9.790069976674442565e-01
8.703613281250000000e-01 9.793402199266911801e-01
2.453613281250000000e-01 9.796734421859381037e-01
7.453613281250000000e-01 9.800066644451849163e-01
4.953613281250000000e-01 9.803398867044318399e-01
9.953613281250000000e-01 9.806731089636787635e-01
7.080078125000000000e-03 9.810063312229256871e-01
5.070800781250000000e-01 9.813395534821726107e-01
2.570800781250000000e-01 9.816727757414195343e-01
7.570800781250000000e-01 9.820059980006664579e-01
1.320800781250000000e-01 9.823392202599133816e-01
6.320800781250000000e-01 9.826724425191603052e-01
3.820800781250000000e-01 9.830056647784072288e-01
8.820800781250000000e-01 9.833388870376541524e-01
6.958007812500000000e-02 9.836721092969010760e-01
5.695800781250000000e-01 9.840053315561479996e-01
3.195800781250000000e-01 9.843385538153949232e-01
8.195800781250000000e-01 9.846717760746418469e-01
1.945800781250000000e-01 9.850049983338887705e-01
6.945800781250000000e-01 9.853382205931356941e-01
4.445800781250000000e-01 9.856714428523826177e-01
9.445800781250000000e-01 9.860046651116295413e-01
3.833007812500000000e-02 9.863378873708763539e-01
5.383300781250000000e-01 9.866711096301232775e-01
2.883300781250000000e-01 9.870043318893702011e-01
7.883300781250000000e-01 9.873375541486171247e-01
1.633300781250000000e-01 9.876707764078640484e-01
6.633300781250000000e-01 9.880039986671109720e-01
4.133300781250000000e-01 9.883372209263578956e-01
9.133300781250000000e-01 9.886704431856048192e-01
1.008300781250000000e-01 9.890036654448517428e-01
6.008300781250000000e-01 9.893368877040986664e-01
3.508300781250000000e-01 9.896701099633455900e-01
8.508300781250000000e-01 9.900033322225925136e-01
2.258300781250000000e-01 9.903365544818394373e-01
7.258300781250000000e-01 9.906697767410863609e-01
4.758300781250000000e-01 9.910029990003332845e-01
9.758300781250000000e-01 9.913362212595802081e-01
2.270507812500000000e-02 9.916694435188271317e-01
5.227050781250000000e-01 9.920026657780740553e-01
2.727050781250000000e-01 9.923358880373209789e-01
7.727050781250000000e-01 9.926691102965677915e-01
1.477050781250000000e-01 9.930023325558147151e-01
6.477050781250000000e-01 9.933355548150616388e-01
3.977050781250000000e-01 9.936687770743085624e-01
8.977050781250000000e-01 9.940019993335554860e-01
8.520507812500000000e-02 9.943352215928024096e-01
5.852050781250000000e-01 9.946684438520493332e-01
3.352050781250000000e-01 9.950016661112962568e-01
8.352050781250000000e-01 9.953348883705431804e-01
2.102050781250000000e-01 9.956681106297901040e-01
7.102050781250000000e-01 9.960013328890370277e-01
4.602050781250000000e-01 9.963345551482839513e-01
9.602050781250000000e-01 9.966677774075308749e-01
5.395507812500000000e-02 9.970009996667777985e-01
5.539550781250000000e-01 9.973342219260247221e-01
3.039550781250000000e-01 9.976674441852716457e-01
8.039550781250000000e-01 9.980006664445185693e-01
1.789550781250000000e-01 9.983338887037654930e-01
6.789550781250000000e-01 9.986671109630123055e-01
4.289550781250000000e-01 9.990003332222592292e-01
9.289550781250000000e-01 9.993335554815061528e-01
1.164550781250000000e-01 9.996667777407530764e-01
