% Model:              eshape.mph
% Version:            COMSOL 6.2.0.290
% Date:               Jul 7 2025, 02:44
% Dimension:          2
% Nodes:              13095
% Expressions:        1
% Description:        磁矢势，z 分量
% Length unit:        cm
% x                       y                        mf.Adepz (Wb/m)
0.006501314371419627      0.00681393701796981      1.433716469164138E-9
0                         0.009999999999999995     0
0                         0                        0
0.01000000000000012       0                        0
0.007372831669649498      0.015165112098997093     3.6227726067146695E-9
0                         0.01999999999999999      0
0.02000000000000013       0                        0
0.015133740187448513      0.008904572990851956     4.356824396220463E-9
0.007772847092383592      0.024879224896729158     6.281927450591819E-9
0                         0.029999999999999985     0
0.02555610366173859       0.008061595911147967     6.641234604024239E-9
0.03000000000000003       0                        0
0.015299613977533435      0.019817567414811943     9.822867280131795E-9
0.022317867625874715      0.015462975804889156     1.1149021489768442E-8
0.007960813877992133      0.03489800915448276      9.060916611470552E-9
0                         0.03999999999999999      0
0.035251758753337324      0.008096870466975221     9.164673606059849E-9
0.04000000000000015       0                        0
0.015998626715046243      0.029738467432548824     1.5462456135392525E-8
0.030636505698411795      0.01612535736190783      1.591531620984676E-8
0.02496337460424125       0.02440578534572608      1.9713249574780007E-8
0.008004313317667591      0.04492790937128025      1.179206033896377E-8
0                         0.04999999999999999      0
0.04507967908016192       0.008130749650380723     1.1706733002073837E-8
0.050000000000000155      0                        0
0.015985884906941594      0.03984235217058713      2.0797336825092394E-8
0.040307391639524445      0.01627518127964676      2.1037425020920564E-8
0.023917516943640138      0.03472126155726085      2.6989530657221868E-8
0.03549857989748805       0.024491817607603102     2.80120171767491E-8
0.03142347768716103       0.03163533476756497      3.2173440553619657E-8
0.008030531359738599      0.054944116362919286     1.4565928967139825E-8
0                         0.05999999999999997      0
0.0550620269849236        0.00812599722295473      1.419546096558735E-8
0.06000000000000017       0                        0
0.016042423015587014      0.04988002026476901      2.628724615816561E-8
0.050188495561852536      0.01628302694875472      2.6050701342079427E-8
0.023991615571716446      0.04488844524318107      3.519023197807779E-8
0.045333878725899654      0.024534335267549914     3.564469976559328E-8
0.03203560885313775       0.04005347740821495      4.168506247216512E-8
0.04032685102969012       0.03397491162322304      4.419721068161137E-8
0.06504751758509893       0.008112116619841682     1.6607614771424945E-8
0.07000000000000017       0                        0
0.008048683976516901      0.06495738226950182      1.7399659190013367E-8
0                         0.06999999999999998      0
0.01607660324223017       0.05989225651275869      3.1865558785025755E-8
0.06014929768667437       0.016239268620400208     3.0908582532485676E-8
0.024029864893275975      0.054912020590530256     4.340658589464795E-8
0.055322614420762355      0.024401112310205933     4.296947010992143E-8
0.03187561152672466       0.04997564032083339      5.206501569727217E-8
0.05105383151749188       0.032577522482305        5.326622582826044E-8
0.03973231982049025       0.04473671496451076      5.768166273055379E-8
0.04800262241125812       0.04183058804829755      6.473321508048252E-8
0.0750226831649098        0.00810200802003834      1.8953257581643513E-8
0.0800000000000003        0                        0
0.07009841704200918       0.016207863017610204     3.56413611778203E-8
0.00806810987194659       0.07497282229834558      2.0322329570452898E-8
0                         0.07999999999999997      0
0.016107426303627635      0.06993850060557677      3.7610892076178607E-8
0.02410536375698499       0.06492747522537642      5.190036156924165E-8
0.06523211241443898       0.02430908942357691      5.007127429887149E-8
0.03198541722065126       0.06001398231492086      6.320070931833984E-8
0.06079610888877949       0.0323952935675409       6.261029546209313E-8
0.03978675521376818       0.05510708698732326      7.164045366940012E-8
0.0569983793441749        0.04047715173490703      7.384961718265261E-8
0.0477818428602594        0.05139319956245907      7.964600119262118E-8
0.05426138796575914       0.047592771341901166     8.317544577715211E-8
0.0850088441522454        0.008098435681503553     2.123977647065864E-8
0.0900000000000003        0                        0
0.08003038174856132       0.016196593492829463     4.0260762772203816E-8
0.008082932774180178      0.084984265951367        2.3329874670418975E-8
0                         0.08999999999999998      0
0.07511449804327137       0.024287329714972314     5.707304523778173E-8
0.01614356134730056       0.0799601802718036       4.353578345901851E-8
0.0241623686855373        0.07495444369266066      6.062570595190958E-8
0.032108261342592155      0.07001578001128404      7.46608719938236E-8
0.07038811966337047       0.03233708397931291      7.174773958689315E-8
0.03999456800514354       0.06516016682041081      8.583196778137701E-8
0.06598755768648448       0.04031299894313059      8.450947220699484E-8
0.04789599420570953       0.06046369253097008      9.455416839756062E-8
0.06191799972945347       0.04816481512362401      9.550935866139821E-8
0.056626601830223826      0.056106857555950136     1.0274314056488807E-7
0.0950000000000003        0.008097337525384503     2.34515654281815E-8
0.10000000000000031       0                        0
0.09001752611086582       0.01619358950069021      4.4768222721088795E-8
0.08505702555120209       0.024284264244376515     6.393634265383125E-8
0.00809156532849742       0.09499250699757789      2.6426162541794364E-8
0                         0.09999999999999996      0
0.016171007712112558      0.08997500489037363      4.963998703021491E-8
0.08015981807721147       0.032356251183708405     8.095527261499885E-8
0.024222320495891934      0.0849605762753189       6.963564228978335E-8
0.032212911524127946      0.07999375508043845      8.643951210080797E-8
0.04013083865723243       0.07510982264067635      1.0019799444313708E-7
0.07553135161884135       0.040354341757136515     9.595655629753108E-8
0.04797223721766636       0.07035316516805332      1.1114036851870643E-7
0.07102386181334644       0.04829182269729891      1.089559018943109E-7
0.05572075229462129       0.0658098982733905       1.1959633325367128E-7
0.06661447516078098       0.05620895030463041      1.200821076603788E-7
0.06261329783825395       0.0628001914417019       1.2720300202484907E-7
0.008095820910060857      0.10499727152907364      2.9625241093258903E-8
0                         0.10999999999999996      0
0.10500000000000026       0.008097337525384505     2.557973527220048E-8
0.11000000000000021       0                        0
0.10000000000000026       0.016194675050769013     4.9114605196480916E-8
0.09502878201519666       0.024286216619372872     7.058920680210577E-8
0.09008143182936179       0.03236868886449017      8.998899661761534E-8
0.016185339492057877      0.09998726342401258      5.592960268703262E-8
0.024262087812238303      0.09496971862741822      7.892119853613203E-8
0.08522500660318794       0.040422894455925354     1.0732950820169453E-7
0.03230074823958782       0.0899701456982926       9.860004543435251E-8
0.040275455863114325      0.08502688371362489      1.1504414091901283E-7
0.04815445695872112       0.08017669301281014      1.2838243327562177E-7
0.08057657937419416       0.0484314537938198       1.2277084126325433E-7
0.05592763611013509       0.07540758971278376      1.387633522682763E-7
0.07608323809099951       0.056525134752854256     1.3669135826565173E-7
0.0633590305778037        0.07068658347591057      1.4579350155912314E-7
0.07142185166240869       0.06536488025635324      1.5012861098358238E-7
0.008097159090121453      0.11499932961245508      3.294347434711516E-8
0                         0.11999999999999994      0
0.016191810356324585      0.10999494427937868      6.243829175242466E-8
0.008097325627960344      0.12499994732586765      3.640188080559814E-8
0                         0.12999999999999998      0
0.11500000000000021       0.008097337525384506     2.7612784106836617E-8
0.12000000000000023       0                        0
0.11000000000000022       0.016194675050769013     5.3281496408142315E-8
0.10500000000000026       0.024292012576153533     7.698924682782397E-8
0.10004162999920413       0.0323769088001183       9.871080428393532E-8
0.09511447807236202       0.04044880478023519      1.184380970974911E-7
0.12500000000000022       0.008097337525384506     2.9544825289038017E-8
0.13000000000000023       0                        0
0.02428037467798339       0.1049825420109583       8.850008048406066E-8
0.03235362310984789       0.09996774986219344      1.1114847997631444E-7
0.09027240881642691       0.04849024870029812      1.3618588042008055E-7
0.04038425084282227       0.09497694981716685      1.3040446929993578E-7
0.04834164919941491       0.0900439221579999       1.4635533741164848E-7
0.05625431496959595       0.08514451899980878      1.5919650683084035E-7
0.08563235126587668       0.05648151953133074      1.5211994587284628E-7
0.06410502464240206       0.08027467934672923      1.6900933741121253E-7
0.08123457469343913       0.06437384376976658      1.663115888973724E-7
0.07178807745653663       0.07554439522110018      1.7597330049560767E-7
0.07849136390861994       0.07145998593160635      1.8003711755386268E-7
0.016194088159431307      0.1199985129095207       6.920406518460817E-8
0.024287840401394575      0.11499227120187368      9.842999019771826E-8
0.008097337525384508      0.13499999999999993      4.002182700942029E-8
0                         0.13999999999999993      0
0.016194608739242337      0.12999977782682232      7.626801146630451E-8
0.008097337525384505      0.1449999999999999       4.382299956774469E-8
0                         0.14999999999999994      0
0.12000000000000023       0.016194675050769013     5.7251580619727335E-8
0.11500000000000024       0.024292012576153526     8.310386742677491E-8
0.11000000000000022       0.03238935010153804      1.0708032857188662E-7
0.10505348497449653       0.040466464140287116     1.2914420209117248E-7
0.10011782299679925       0.048534869487521684     1.4928783806659543E-7
0.13500000000000018       0.008097337525384505     3.137073166909956E-8
0.14000000000000012       0                        0
0.1300000000000002        0.016194675050769013     6.101382040163421E-8
0.14500000000000016       0.008097337525384505     3.308616073757387E-8
0.15000000000000013       0                        0
0.03237584545564542       0.10997849058389314      1.2411410137866893E-7
0.04044278019080778       0.10496694185171379      1.4627802490432836E-7
0.09525453036367794       0.056557871601233524     1.6746482357312935E-7
0.048471457692488694      0.09997420755771375      1.6498659933234618E-7
0.056418555631458756      0.09503800069081413      1.8031204241564338E-7
0.06434639354810445       0.09012109468873708      1.925293364380568E-7
0.0907377144333622        0.06447317853527751      1.840047074243218E-7
0.072352073908607         0.0852084626296226       2.0197003779994996E-7
0.08635952113270416       0.07226764185203113      1.9869163832387763E-7
0.08099912003937841       0.08027177968637911      2.0993075891176225E-7
0.02429091185722171       0.12499744259032305      1.087735739159919E-7
0.032383921374792825      0.11998953039253943      1.3757777890300494E-7
0.016194675050769013      0.13999999999999993      8.367170869455158E-8
0.02429185973749104       0.13499953375066295      1.1958994200376406E-7
0.008097337525384501      0.15499999999999992      4.782595126583219E-8
0                         0.15999999999999992      0
0.016194675050769013      0.14999999999999994      9.145655445069634E-8
0.008097337525384505      0.16499999999999992      5.2052853439128666E-8
0                         0.16999999999999996      0
0.1250000000000002        0.024292012576153526     8.891345569853557E-8
0.1200000000000002        0.03238935010153804      1.150495042118418E-7
0.1150021606437143        0.0404857759650103       1.393957186978715E-7
0.11005674087961885       0.04855803126437311      1.6190502969122938E-7
0.10511902973070841       0.0566215093189064       1.825697420309887E-7
0.1400000000000002        0.016194675050769013     6.455872919557109E-8
0.13500000000000018       0.024292012576153526     9.440257485432956E-8
0.15500000000000022       0.008097337525384506     3.468756837148972E-8
0.16000000000000025       0                        0
0.15000000000000022       0.016194675050769013     6.787841209274232E-8
0.040469659652888824      0.11497460858482089      1.6272773436391507E-7
0.04853313647767713       0.10996061739506666      1.8426259271929116E-7
0.10027450206391102       0.06463434092231593      2.0136572988307018E-7
0.05655394648981874       0.10496241088125498      2.0225243150917427E-7
0.06448762040110406       0.10002347483565822      2.1680468049870933E-7
0.07237864056880301       0.09509977367793854      2.2813938247670965E-7
0.09568348536442883       0.07252000545500153      2.184028188837823E-7
0.08019850448385268       0.09014222624485724      2.3618398515571895E-7
0.0910842538167523        0.08051521120570097      2.3401085213185196E-7
0.08721153374925644       0.08739828277228973      2.4620341613345303E-7
0.03238779908775818       0.12999625296542283      1.5162890612870572E-7
0.04047967297492445       0.12498647704101375      1.798417051821224E-7
0.024292012576153533      0.14499999999999993      1.3094113549663537E-7
0.03238913636706844       0.1399992759346189       1.6634292486108105E-7
0.016194675050769013      0.15999999999999992      9.966552478352461E-8
0.024292012576153533      0.15499999999999994      1.4289197267021012E-7
0.008097337525384501      0.17499999999999993      5.6527731317266036E-8
0                         0.17999999999999997      0
0.016194675050769013      0.16999999999999996      1.0834466821836243E-7
0.1300000000000002        0.03238935010153804      1.2259889262848985E-7
0.12500108689971512       0.0404861049398397       1.4912330104422813E-7
0.12000534375451655       0.04858128971215471      1.7394705627306175E-7
0.11506036534737539       0.05665006932129988      1.9701570274620019E-7
0.11012447826316252       0.06471315068242994      2.1833587578336495E-7
0.14500000000000016       0.024292012576153533     9.955816062115124E-8
0.14000000000000018       0.03238935010153804      1.297094305409473E-7
0.16500000000000023       0.008097337525384508     3.617221325528739E-8
0.17000000000000015       0                        0
0.16000000000000023       0.016194675050769013     7.09665839367663E-8
0.15500000000000017       0.024292012576153533     1.0436956913679342E-7
0.17500000000000024       0.008097337525384508     3.753815193323382E-8
0.18000000000000027       0                        0
0.008097337525384505      0.18499999999999994      6.127662481084194E-8
0                         0.18999999999999997      0
0.04856203392843641       0.11996872502392492      2.0428628047475105E-7
0.056628299267362125      0.11494505144578596      2.250398768761696E-7
0.10527536007464801       0.07275374557014685      2.3795955644826392E-7
0.06462438138491201       0.10995804354567441      2.4213503766888764E-7
0.07253815035477877       0.10501218991140321      2.5573936107453154E-7
0.08033809018905472       0.10009930929785771      2.65940353956656E-7
0.10060083397195352       0.08087031105776604      2.5643782537853207E-7
0.08765786778394968       0.09547184949038245      2.727538906251344E-7
0.0956510286427924        0.0897632464107383       2.750957503276924E-7
0.04048458283645943       0.1349947794384041       1.9772867961796407E-7
0.04857529386265772       0.12998240832881944      2.2516670238830648E-7
0.03238935010153804       0.14999999999999994      1.818035730901859E-7
0.04048638632245898       0.14499881020603453      2.164834409521231E-7
0.024292012576153533      0.16499999999999995      1.5550979748024537E-7
0.03238935010153804       0.15999999999999992      1.9810100673288878E-7
0.016194675050769013      0.17999999999999994      1.1754390655594645E-7
0.024292012576153533      0.17499999999999996      1.6886625779008232E-7
0.13500019414329756       0.04048654875665053      1.5831070817993785E-7
0.13000141036954826       0.04858294709823552      1.8533482610947826E-7
0.12500679875824133       0.056676601751302555     2.1074838366103895E-7
0.12006323368578145       0.06474484507260259      2.3450535258999466E-7
0.11513476645162661       0.072809134622273        2.566196273681762E-7
0.1500000000000002        0.03238935010153804      1.3636527962810055E-7
0.14500001388368022       0.04048667390735799      1.6693471085116656E-7
0.17000000000000023       0.016194675050769016     7.381856863088458E-8
0.16500000000000017       0.024292012576153533     1.0882858965486534E-7
0.1600000000000002        0.03238935010153804      1.4255387177981496E-7
0.18500000000000025       0.008097337525384508     3.878422477998995E-8
0.19000000000000028       0                        0
0.18000000000000024       0.016194675050769016     7.643127982507272E-8
0.19500000000000023       0.008097337525384508     3.991003334361596E-8
0.20000000000000032       0                        0
0.016194675050769013      0.18999999999999997      1.2731735961923318E-7
0.008097337525384503      0.19499999999999995      6.632774314842213E-8
0                         0.2                      0
0.05665761517446255       0.1249607920603506       2.4873997793251293E-7
0.06471618581980289       0.11993737969049753      2.685226995871329E-7
0.11034192810846521       0.08083962442179132      2.7719585888899605E-7
0.0727049257402547        0.11495208516783562      2.846059704758681E-7
0.08065482301970853       0.10996868356026607      2.9719209866106937E-7
0.08860055492323565       0.10490113290229865      3.062641973244323E-7
0.10556995595373453       0.08882976792577796      2.959988624283032E-7
0.09618271147297236       0.10021944372074876      3.125545330668368E-7
0.10290484156069513       0.09603944863166969      3.1579309575677153E-7
0.048581317164770176      0.13999255041313177      2.4701400892471875E-7
0.05667225548223981       0.13497742894239084      2.7348749869832713E-7
0.04048668253934306       0.15499992690621947      2.3621293129614748E-7
0.048583692435144654      0.14999770212525496      2.699487002459819E-7
0.03238935010153804       0.16999999999999993      2.1532862046162237E-7
0.040486687626922535      0.16499999999999995      2.570343466453094E-7
0.024292012576153533      0.18499999999999994      1.8303907399772014E-7
0.03238935010153804       0.17999999999999994      2.3358541216537442E-7
0.140000200159305         0.04858377760849554      1.9605440930768863E-7
0.13500124838517247       0.05667972088648556      2.2369417261896735E-7
0.13000677985685555       0.06477159283767495      2.4981558093452113E-7
0.12506665394095215       0.07284096419761212      2.743958042368315E-7
0.1201320084146032        0.08090181837993274      2.9739197587386606E-7
0.15500000377997653       0.04048668156035651      1.7497766419459004E-7
0.15000003196307615       0.0485839734208908       2.0608000916000456E-7
0.1750000000000002        0.024292012576153536     1.1292942896351779E-7
0.17000000000000023       0.03238935010153804      1.4826590604154574E-7
0.1650000002308265        0.04048668500892129      1.824262314836467E-7
0.19000000000000025       0.016194675050769016     7.880318374149885E-8
0.18500000000000022       0.024292012576153533     1.1666866810118933E-7
0.20500000000000024       0.008097337525384506     4.091590967984908E-8
0.21000000000000021       0                        0
0.20000000000000026       0.016194675050769013     8.093424521930225E-8
0.21500000000000022       0.008097337525384505     4.180287844623991E-8
0.2200000000000002        0                        0
0.02428983780945476       0.1949895194596829       1.9807863698953805E-7
0.01619394912719485       0.1999921527252959       1.3770904466808494E-7
0.008097492541821414      0.20499469948058036      7.171000779329197E-8
0                         0.21                     0
0.06475425412189406       0.12995407100496573      2.9600456033357807E-7
0.0728005733264857        0.12493929467543508      3.1464452551956977E-7
0.1153539123865162        0.08886879902943949      3.1876269217035754E-7
0.08082350521663563       0.1199393491532214       3.2965081594283405E-7
0.08883848812765353       0.11495309186339564      3.412460120638911E-7
0.09686510355838766       0.10999142110331356      3.4969329530857235E-7
0.11084885989916533       0.09664117296633976      3.384900290320622E-7
0.10548134618500814       0.10505284372003781      3.5678827828320865E-7
0.05667869947444183       0.14498836339507035      2.9940791984359894E-7
0.0647699475175353        0.13997070005722093      3.24708988961431E-7
0.04858403068949957       0.15999999111111324      2.9410308833585407E-7
0.05668182608761247       0.1549927624136234       3.266509484598175E-7
0.040486687626922535      0.17499999999999996      2.7906896132043787E-7
0.04858402601551922       0.16999999084030062      3.1962007568538847E-7
0.032385233897753156      0.1899863998152711       2.5292002213743575E-7
0.04048017571349218       0.184982169746017        3.0235475731364905E-7
0.1450001810672731        0.056681074675716106     2.3583669241958565E-7
0.140001214995173         0.06477724218260694      2.642173505247483E-7
0.13500885510667388       0.0728697441775625       2.9118655048202997E-7
0.1300719399458939        0.08094284434648363      3.167344098974366E-7
0.12515628365211037       0.08901054478574709      3.408444512854266E-7
0.16000000707715292       0.04858400187813767      2.1539347755594257E-7
0.1550000205142624        0.05668128568783929      2.471475980943879E-7
0.18000000000000024       0.03238935010153804      1.534953080684206E-7
0.17499999971799152       0.040486686537246686     1.8927088928393584E-7
0.1699999992418436        0.04858402022167797      2.2398150651545608E-7
0.1950000000000002        0.024292012576153533     1.2004519275081484E-7
0.19000000000000025       0.03238935010153804      1.5823915293196382E-7
0.21000000000000021       0.016194675050769013     8.282585838369963E-8
0.20500000000000024       0.024292012576153533     1.2306009920840643E-7
0.22500000000000026       0.008097337525384508     4.257261265193845E-8
0.2300000000000002        0                        0
0.22000000000000028       0.016194675050769013     8.448076362704166E-8
0.23500000000000024       0.008097337525384508     4.3227384058522126E-8
0.24000000000000032       0                        0
0.2450000000000003        0.008097337525384506     4.377000929614062E-8
0.25000000000000033       0                        0
0.032381034935026136      0.1999690712304508       2.734904821991624E-7
0.02428802781671174       0.20497593468116654      2.1410309486522678E-7
0.016194149252328937      0.20998228219002876      1.488009170264975E-7
0.008098793422446026      0.2149859146934535       7.746660564644601E-8
0                         0.21999999999999997      0
0.07284366278710856       0.13494779715269614      3.459427342422859E-7
0.08087988476535972       0.12993428582472344      3.632431648262511E-7
0.12045892591345815       0.09704674646566301      3.638472985128126E-7
0.08888515768880355       0.12494246062414938      3.768778447087208E-7
0.09686557002160999       0.11999487538665946      3.871548122431462E-7
0.1046775734681579        0.11540802750474516      3.950909806735662E-7
0.1158444799033428        0.10515694809908496      3.859485142938036E-7
0.1118003628553282        0.11208396031231156      4.033794019510836E-7
0.06477737138396501       0.1499788646841331       3.548050050133686E-7
0.0728646591120698        0.1449559658571506       3.786824076724534E-7
0.05668112846950779       0.16498965190073153      3.5535274260900304E-7
0.06478200523356557       0.15997575323276494      3.8646141128774584E-7
0.048575385753536114      0.17997661679225319      3.465287995091548E-7
0.056672715988472976      0.17496576779676876      3.855993654681368E-7
0.04047251346594113       0.19495985955413767      3.2708743613008554E-7
0.04856327953693695       0.18994684530908912      3.750500842317348E-7
0.1500001612635934        0.06477839732927435      2.776642661587262E-7
0.14500141172229458       0.07287477727117425      3.0691401241502977E-7
0.1400175512112762        0.08096771508402927      3.348756489970014E-7
0.135084333492314         0.08905816125878202      3.61595919008613E-7
0.13020165226766245       0.09717436674050317      3.8719315058051684E-7
0.16500000213362834       0.056681334669917406     2.576108132454917E-7
0.16000000767483158       0.06477863839465273      2.9013948035676434E-7
0.18499999985528848       0.040486687273144036     1.9550614588953706E-7
0.17999999928642377       0.04858402322416736      2.3183519559905267E-7
0.1749999973725771        0.05668135819516798      2.672136947010418E-7
0.20000000000000026       0.03238935010153804      1.6249755348801133E-7
0.1950000000000002        0.040486687626922535     2.011304208287708E-7
0.21500000000000022       0.024292012576153533     1.2571657829398215E-7
0.21000000000000021       0.03238935010153804      1.6627351724762155E-7
0.23000000000000026       0.016194675050769013     8.590295281975738E-8
0.22500000000000026       0.024292012576153533     1.2801977996573876E-7
0.24000000000000027       0.016194675050769013     8.709756483970915E-8
0.2550000000000003        0.008097337525384501     4.420379279589048E-8
0.26000000000000023       0                        0
0.2500000000000003        0.016194675050769013     8.807077361468071E-8
0.2650000000000003        0.008097337525384503     4.453246764371705E-8
0.27000000000000035       0                        0
0.2750000000000003        0.008097337525384508     4.476013543473487E-8
0.28000000000000025       0                        0
0.04045070289456609       0.20488131940649823      3.531602275699917E-7
0.032368358452250195      0.20990855478067094      2.9525520428175876E-7
0.008104932250923584      0.22495356099520294      8.366025469587184E-8
0                         0.22999999999999998      0
0.02428091586036725       0.21491356466483338      2.310757105887175E-7
0.01619662557226138       0.2199301088578622       1.6062632571288833E-7
0.08092583208322586       0.13992926110923312      3.983896238083914E-7
0.08895228867061672       0.13491234002747007      4.1413818131529123E-7
0.12538739176547245       0.10541277539607553      4.121306004347707E-7
0.09694320422767093       0.129921282716796        4.262040039292357E-7
0.1048278177874933        0.1250511293269893       4.3496058036745577E-7
0.11254959633552211       0.12031268615339409      4.4060072516045207E-7
0.12044881838461004       0.1144892960842957       4.390443066225218E-7
0.07287472129791024       0.1549500080175636       4.130186223387029E-7
0.08095710756997808       0.14992029246924204      4.352237657905192E-7
0.06477588882476408       0.16994709988013343      4.1974673296823493E-7
0.07287647869035359       0.1649208066472155       4.4909691800167126E-7
0.056656857031186975      0.18493109823032094      4.1757750697174893E-7
0.06475801574469951       0.17990114176532068      4.54843207392623E-7
0.048528121466717616      0.19984448881504402      4.049793561726979E-7
0.05661093015586657       0.19481185211987254      4.510264851454896E-7
0.04847748945967743       0.20964052964233282      4.363803921399123E-7
0.15500033488552578       0.07287580787303499      3.2154414319557207E-7
0.15000438787947076       0.08097248999655812      3.518009954724789E-7
0.14502505320397593       0.0890692849239831       3.809061195073838E-7
0.1401047418401182        0.09717007992242832      4.0894065607763746E-7
0.13521225794659164       0.10528453874866389      4.35876789811747E-7
0.16999999753417594       0.06477868419855412      3.01626686471442E-7
0.1650000243950937        0.07287600127783453      3.350562496052705E-7
0.19000000000000025       0.04858402515230703      2.3895058145828315E-7
0.18499999924162108       0.05668136141359985      2.759489969038936E-7
0.1799999979571556        0.06477869709222289      3.1211510235684316E-7
0.2049999999944462        0.04048668761849098      2.0614588115501327E-7
0.19999999995065684       0.04858402507728566      2.4532829677920615E-7
0.2200000000000002        0.03238935010153804      1.695727752610847E-7
0.214999999997034         0.0404866876224196       2.1055824330611136E-7
0.23500000000000024       0.024292012576153533     1.2997666170548912E-7
0.2300000000000002        0.03238935010153804      1.7240358701092418E-7
0.2450000000000003        0.024292012576153533     1.315958239539759E-7
0.2600000000000003        0.016194675050769013     8.882967091306966E-8
0.2550000000000003        0.024292012576153533     1.3288733598454918E-7
0.2700000000000003        0.016194675050769013     8.938214609386752E-8
0.28500000000000036       0.008097337525384508     4.489120615244514E-8
0.29000000000000037       0                        0
0.2800000000000003        0.016194675050769013     8.973676494311722E-8
0.2950000000000004        0.008097337525384506     4.493033901879487E-8
0.3000000000000004        0                        0
0.3050000000000004        0.008097337525384508     4.4882385163062675E-8
0.3100000000000004        0                        0
0.3150000000000004        0.008097337525384505     4.475233284529893E-8
0.3200000000000004        0                        0
0.04042264732371202       0.2147460908820304       3.807460638289182E-7
0.0323510161691478        0.21981587226453583      3.183746399307253E-7
0.008120062102502013      0.234910695888354        9.039239532609416E-8
0                         0.24                     0
0.016213966350523194      0.22986353422744257      1.7342320912681724E-7
0.024282606848196248      0.22484880375629362      2.493032573105624E-7
0.08901385844977398       0.14488597323357197      4.5320151632116366E-7
0.09703783695112567       0.1398709767706867       4.6723825344164897E-7
0.13045646457440702       0.11333804628435719      4.616282971119722E-7
0.10502218427621453       0.13489661654237106      4.7763799508297E-7
0.11292797299916654       0.12995540689519164      4.844813715693519E-7
0.12072597535254098       0.1250392951679341       4.879118875185003E-7
0.12764583036808377       0.12065348449674322      4.883821955980823E-7
0.08097311962509554       0.1598948585286645       4.738684587146378E-7
0.08905696329089506       0.15485877170437945      4.941836176972592E-7
0.07286681111260492       0.17487154436827712      4.870864742478104E-7
0.08097268836514847       0.16984269742435584      5.144553943079147E-7
0.06471056267902722       0.18978113560957807      4.91580283616733E-7
0.0728235314685899        0.1847438434751003       5.267845660928818E-7
0.05653219014806538       0.2045753232982398       4.858946640496106E-7
0.06461675678168917       0.19957272895235853      5.298885893075381E-7
0.04843464748130587       0.21935208117161809      4.696238171263267E-7
0.05646965498475415       0.21426691925614783      5.228572093770293E-7
0.16000070443619988       0.08097326186390455      3.674813506601632E-7
0.1550092119537227        0.08907047317626736      3.988884804575463E-7
0.15004860464052205       0.09716639343436108      4.2929079121309566E-7
0.14510465620855392       0.10525989922478964      4.5863679789980825E-7
0.14024418286971402       0.11332374029006002      4.869285203039086E-7
0.17500000851282396       0.07287602925252393      3.474361274449004E-7
0.1700000993443253        0.08097335758883076      3.8189648553991924E-7
0.19499999979172367       0.056681362361017174     2.8381517937511594E-7
0.18999999930652264       0.06477869914555306      3.216001647482551E-7
0.1849999990039665        0.07287603620148185      3.5867551289165867E-7
0.20999999997407848       0.04858402511289591      2.509734254181589E-7
0.20499999989837728       0.05668136252297422      2.9081602057450425E-7
0.22499999999892223       0.040486687625286094     2.1437653436566605E-7
0.2199999999901776        0.04858402513737422      2.558952035820891E-7
0.24000000000000024       0.03238935010153804      1.7477652566179275E-7
0.23499999999967183       0.040486687626423955     2.1761283183162237E-7
0.2500000000000003        0.03238935010153804      1.7670424823220256E-7
0.2650000000000003        0.024292012576153533     1.338625556129191E-7
0.2600000000000003        0.03238935010153804      1.7820125532905204E-7
0.2750000000000003        0.024292012576153533     1.3453394605401282E-7
0.2900000000000003        0.016194675050769016     8.990264958712477E-8
0.2850000000000003        0.024292012576153533     1.3491489306326227E-7
0.3000000000000003        0.016194675050769016     8.988936129168622E-8
0.31000000000000033       0.016194675050769013     8.970678774160856E-8
0.3250000000000004        0.008097337525384503     4.454525584873368E-8
0.3300000000000004        0                        0
0.32000000000000034       0.01619467505076901      8.936503615650475E-8
0.3350000000000004        0.008097337525384496     4.426626553026834E-8
0.3400000000000004        0                        0
0.04035917900235336       0.22440037903789642      4.092009315231905E-7
0.03231602376597206       0.22956704373875061      3.425065225721501E-7
0.008138029185138694      0.24488455209598042      9.767155594577335E-8
0                         0.25                     0
0.01626457786079298       0.23975423573179144      1.8747255796402E-7
0.024316728668289017      0.23468246638880344      2.689729598010856E-7
0.008133139442357945      0.25486751463177143      1.0521468590275043E-7
0                         0.25999999999999995      0
0.04829806103700651       0.22894412402885037      5.037147622737422E-7
0.09712106594480517       0.14981686650549741      5.102476817885881E-7
0.10517442013767264       0.14479278159841374      5.224365921975119E-7
0.13565593286379582       0.12127694957955036      5.143070278063019E-7
0.11320654778778257       0.13979768452915955      5.309959801217974E-7
0.12125600923416045       0.13478087751012116      5.360561102675887E-7
0.1300901005168884        0.12960846574595228      5.395304254037064E-7
0.09717184091003017       0.15976267458517965      5.553547957215176E-7
0.08908083425320311       0.16481439221297134      5.372044435380025E-7
0.08092415405339705       0.1797020636674936       5.567028165835313E-7
0.08905621212653411       0.17469649815350055      5.820338190193564E-7
0.07275939019429284       0.1945705061710355       5.685497219553194E-7
0.08087956629085212       0.18950987159145402      6.012355651801698E-7
0.07257378268713888       0.20421606667860773      6.111490678031273E-7
0.06446619101011042       0.2092001781264688       5.694328257001719E-7
0.05654895142179465       0.22384728764896322      5.63120019321053E-7
0.06432710986816158       0.2187127910459046       6.110398036640884E-7
0.16500237007904472       0.08907059421717552      4.1547974375167565E-7
0.16001179346803007       0.09716746684531351      4.481711172637239E-7
0.15504826634615526       0.10525913999253966      4.799627180450351E-7
0.15008897339341715       0.11334159681091988      5.107659925741342E-7
0.14519343025771705       0.12139181078211585      5.405761147709926E-7
0.18000004204398157       0.08097336827608898      3.950314749755826E-7
0.17500013864081043       0.08907069989705207      4.30655603384184E-7
0.1999999997545846        0.06477869982885316      3.3008368039322293E-7
0.19499999970697932       0.07287603728063362      3.6877347266025004E-7
0.18999999992322286       0.08097337489732573      4.068813003099078E-7
0.21499999996029978       0.05668136261724479      2.9696038230682386E-7
0.20999999990909315       0.06477870006449316      3.3757350533186786E-7
0.22999999999681187       0.048584025147460484     2.601067252019377E-7
0.22499999998631098       0.05668136265685311      3.022618615338904E-7
0.2449999999999101        0.04048668762678568      2.2028197934397893E-7
0.23999999999906102       0.04858402515087956      2.6362460423437995E-7
0.2549999999999772        0.040486687626887514     2.2240128650053187E-7
0.2700000000000003        0.03238935010153804      1.792836450263497E-7
0.2649999999999947        0.040486687626914035     2.239902186696001E-7
0.2800000000000003        0.03238935010153804      1.7996886528314297E-7
0.2950000000000003        0.024292012576153533     1.350195252514536E-7
0.2900000000000003        0.03238935010153804      1.8027546899786132E-7
0.3050000000000003        0.024292012576153526     1.3486254015467365E-7
0.31500000000000034       0.024292012576153526     1.3445903829013904E-7
0.3300000000000004        0.016194675050769006     8.88743333477774E-8
0.3250000000000004        0.024292012576153526     1.3382436705127014E-7
0.3450000000000004        0.008097337525384498     4.392046689354399E-8
0.3500000000000004        0                        0
0.3400000000000004        0.016194675050769002     8.824493356779784E-8
0.3550000000000004        0.008097337525384496     4.351291892919697E-8
0.36000000000000043       0                        0
0.040319776284486186      0.23389171968802788      4.3927685314818854E-7
0.03238710204990955       0.23915107596518942      3.690265086315441E-7
0.01632684261805552       0.24969146610691798      2.0280114652964604E-7
0.024480198758042818      0.24443603747646073      2.9142791080300645E-7
0.008090925351867789      0.2647625260105401       1.1271770923723464E-7
0                         0.27                     0
0.016287130535214505      0.25953305111330904      2.1780590915167755E-7
0.008078815865305325      0.27441690996941465      1.2096051225783558E-7
0                         0.27999999999999997      0
0.04807942809873861       0.23813805842648603      5.375569400484341E-7
0.05634325747162122       0.23326337638213085      6.025663993815153E-7
0.10525391690014896       0.15473220992872003      5.693976210402602E-7
0.11335987514328684       0.1497085048077031       5.79649704381766E-7
0.14030728966932604       0.12934818826112354      5.689127739029666E-7
0.12141053643918466       0.14466624810541578      5.858926786042377E-7
0.12917492230939953       0.13961816461707377      5.876832148986677E-7
0.1364370324558587        0.13638432171788295      5.945117054746661E-7
0.10531154677061447       0.1646729097496506       6.187526434175477E-7
0.0971989866579067        0.16965904026781448      6.025686404785885E-7
0.08894120614307087       0.18453840896477416      6.28709983059124E-7
0.09712322717488231       0.17942721039379894      6.512236154163308E-7
0.08887688341205546       0.1942779715888781       6.779477599604487E-7
0.08094238073289088       0.19920920314038035      6.487257551189627E-7
0.08068322929321425       0.20856305482127208      6.949745437665647E-7
0.0722654264704398        0.21354172543345862      6.537733898666764E-7
0.07143550728259107       0.22146161325204716      6.869906421305954E-7
0.06542097768791857       0.22854443400912766      6.68569573805127E-7
0.17000500100204363       0.09716753328191063      4.6553710525277184E-7
0.16501278294723637       0.10526337768230437      4.99652713398883E-7
0.16002278741917206       0.11335610595754936      5.329660470366095E-7
0.15504126181957914       0.12143926888605543      5.654266201542566E-7
0.1499412705085401        0.12950075261289035      5.965935896911772E-7
0.18500010350954826       0.08907070537808758      4.444013696734673E-7
0.1800003759842428        0.09716802982735571      4.813254762966827E-7
0.20499999989689066       0.07287603757108638      3.7773618614003014E-7
0.19999999997740753       0.0809733751444362       4.174497122321569E-7
0.19500000056674371       0.08907071265899016      4.567144985276772E-7
0.21999999996753292       0.06477870015359886      3.44083194539405E-7
0.2149999999553748        0.07287603765976451      3.8557657776395443E-7
0.23499999999567214       0.05668136267110485      3.067384060754165E-7
0.22999999998904289       0.06477870018638422      3.4963156691526717E-7
0.24999999999974196       0.04858402515191456      2.6646861460027703E-7
0.24499999999871938       0.05668136267574281      3.104118948424739E-7
0.2599999999999329        0.04858402515220467      2.686613147495326E-7
0.274999999999999         0.04048668762692059      2.2507008256294407E-7
0.2699999999999835        0.048584025152281496     2.7022766406127564E-7
0.28500000000000003       0.04048668762692212      2.256637130151196E-7
0.3000000000000003        0.03238935010153804      1.802228754070576E-7
0.2950000000000003        0.04048668762692249      2.2579516595858177E-7
0.31000000000000033       0.03238935010153804      1.7983114107815316E-7
0.32000000000000034       0.03238935010153804      1.7912074324113466E-7
0.3350000000000004        0.024292012576153526     1.3297397590709568E-7
0.3300000000000004        0.03238935010153804      1.7811237767562264E-7
0.3500000000000004        0.016194675050769        8.748703475441683E-8
0.3450000000000004        0.02429201257615352      1.3192328398645224E-7
0.3650000000000003        0.0080973375253845       4.3048599355097075E-8
0.37000000000000033       0                        0
0.3600000000000004        0.016194675050769        8.661070353957489E-8
0.04047515715696737       0.2430462972442638       4.7241018474808453E-7
0.03284280187522464       0.24892297722993395      4.026580847368521E-7
0.024751075960220373      0.2543985440119671       3.175085094727413E-7
0.016127971180159673      0.26922362468510924      2.3189549939060936E-7
0.024293306708527695      0.26425277441782413      3.3556898013139587E-7
0.015458205161895791      0.27748897492130253      2.364422207337213E-7
0.008822975732281857      0.2847987489496186       1.4269734931188785E-7
0                         0.29                     0
0.006778953433011398      0.2934653284311036       1.1694851090236749E-7
0                         0.3                      0
0.06284353483088592       0.23732034535831184      6.881094140824187E-7
0.047346671203965296      0.24587012446977674      5.614012293779434E-7
0.05595344921483102       0.2433733715343662       6.459157517062674E-7
0.11338287410254701       0.15963785319058088      6.303302269673886E-7
0.12156190021802057       0.15447402931739732      6.377567742841806E-7
0.14484287519536837       0.13830686681142218      6.309420495643175E-7
0.12989712706925105       0.14960993350613483      6.436408366529875E-7
0.1372647405487494        0.14442434828929623      6.409474975048079E-7
0.11340302339225102       0.1694899797454631       6.83266388539384E-7
0.10543464399234892       0.17452307697949904      6.707078734412188E-7
0.09687703912196559       0.18898779518012687      7.005046833758404E-7
0.10520348571209923       0.18409926488211123      7.221484199027102E-7
0.0959504722379483        0.19708483458670167      7.397527867539598E-7
0.0898798757455476        0.20411313205607887      7.383267472171976E-7
0.0873285726213108        0.21267839277911035      7.686410846860643E-7
0.08039329283048466       0.2187725049561026       7.485601090192198E-7
0.07561190500689119       0.22797023544438733      7.595796829218717E-7
0.07075786608177578       0.23655947494216653      7.630327094813847E-7
0.1750031095660158        0.1052649526476699       5.176438749557336E-7
0.17000000000000023       0.11336272535538305      5.533333383357757E-7
0.16488850155764812       0.12147782893442349      5.882373209423E-7
0.1597304333068368        0.12955982088867277      6.221093354371411E-7
0.15462080734986433       0.1375263552167087       6.546439969411805E-7
0.19000017955979534       0.09716803314074769      4.955296322385466E-7
0.18500062659445016       0.10526530715519776      5.338919948435948E-7
0.2099999999854049        0.08097337519028296      4.2674833738785526E-7
0.20500000021488624       0.08907071272896591      4.6760480931067983E-7
0.20000000537901938       0.09716804999172293      5.081518358091215E-7
0.22499999998454623       0.0728760377047831       3.9231384035468997E-7
0.2199999999930977        0.08097337523947609      4.347962015674337E-7
0.2399999999965056        0.0647787001977543       3.542422273372285E-7
0.23499999999486398       0.07287603772061403      3.979728994097822E-7
0.25499999999964074       0.056681362677144714     3.1330769590936054E-7
0.24999999999894168       0.06477870020146453      3.579430571250769E-7
0.2649999999999037        0.05668136267754475      3.1545421118653546E-7
0.2799999999999963        0.04858402515230096      2.7119463802902096E-7
0.27499999999997543       0.0566813626776537       3.1688241633107833E-7
0.2899999999999994        0.04858402515230568      2.715908486779519E-7
0.3050000000000003        0.04048668762692253      2.2548942202308724E-7
0.3000000000000001        0.04858402515230675      2.7144617600442597E-7
0.31500000000000034       0.040486687626922535     2.247721045548069E-7
0.3250000000000004        0.040486687626922535     2.2366921517485653E-7
0.3400000000000004        0.03238935010153804      1.7682677283837965E-7
0.3350000000000004        0.040486687626922535     2.2220688930715378E-7
0.3550000000000004        0.02429201257615352      1.3068756075901133E-7
0.35000000000000037       0.03238935010153804      1.752845214008112E-7
0.3750000000000003        0.008097337525384501     4.253237378816225E-8
0.3800000000000002        0                        0
0.37000000000000033       0.016194675050769006     8.562580917582741E-8
0.3650000000000003        0.024292012576153522     1.2928182018305474E-7
0.38500000000000023       0.0080973375253845       4.1968969290507284E-8
0.39000000000000024       0                        0
0.04196385409818482       0.2521649293472066       5.239138797408501E-7
0.03428315673428513       0.2595503978198187       4.547798746858471E-7
0.03160346890165105       0.26853606650036066      4.490904020266096E-7
0.024560433204490032      0.2748847624100813       3.672501211470718E-7
0.019874535213891042      0.28470188942904695      3.203177109795821E-7
0.015071791432775082      0.29252789320589967      2.578148995953509E-7
0.010000000000000054      0.3                      1.80972356814371E-7
0.06583161372348627       0.2443048088380815       7.569500176647422E-7
0.05132393032527177       0.25208947327384795      6.353511179381053E-7
0.06060689612619826       0.2519317409748677       7.422951952611065E-7
0.12147496363036497       0.16411740374378192      6.903237365557152E-7
0.12981439564393402       0.15906281215781093      6.963371299596223E-7
0.14461536578891265       0.14662986353809185      6.776112504375649E-7
0.15071362284708845       0.14433424303527143      6.831596094697242E-7
0.13933717503878126       0.15414475812883258      7.035775764730714E-7
0.12057811895268523       0.17227919416909543      7.330729395956492E-7
0.11445798318861586       0.17940116265847755      7.44797579176287E-7
0.11210833629683181       0.1881074650835199       7.841895319234133E-7
0.10516696005173728       0.19449908066449706      7.825627163730118E-7
0.1002838047909614        0.20374123677403422      8.076752137618678E-7
0.09549010269482502       0.21218552727960052      8.265442491711408E-7
0.09019467324408909       0.21963860373931265      8.329571138706008E-7
0.08523373589485635       0.22755390922312957      8.418276608495641E-7
0.0801256914666875        0.2358570095639577       8.485799005831018E-7
0.07533613585815836       0.24401818690657323      8.538339976219232E-7
0.18000000000000024       0.11336272535538305      5.717943980290569E-7
0.17489329912238832       0.12149537858729217      6.092225021486886E-7
0.16953296841332463       0.12965391463199732      6.45705884157428E-7
0.1640731966152583        0.1378350847059386       6.813839905250408E-7
0.15861192977124738       0.14630705343401657      7.180366843808427E-7
0.19500013805405028       0.1052653711492489       5.483942691834127E-7
0.19000000000000025       0.11336272535538305      5.883349301687674E-7
0.21500000009254083       0.08907071276263495      4.770904686447014E-7
0.20999999886067955       0.09716805557557262      5.192089166427437E-7
0.2049998692803623        0.10526548716211068      5.611641112538692E-7
0.22999999999769072       0.0809733752499926       4.416191116410855E-7
0.22499999999999432       0.08907071277922053      4.851976821536456E-7
0.24499999999834354       0.0728760377259336       4.0258383526656956E-7
0.23999999999961882       0.08097337525324894      4.4724900848597445E-7
0.25999999999969375       0.0647787002026096       3.6076568420380887E-7
0.25499999999948203       0.07287603772767075      4.0618127560349427E-7
0.26999999999991503       0.06477870020294625      3.627449436450046E-7
0.28499999999999415       0.05668136267768215      3.1762540400324855E-7
0.27999999999997743       0.0647787002030412       3.6391833860544295E-7
0.2949999999999989        0.056681362677689306     3.1771793783227943E-7
0.3100000000000003        0.048584025152306975     2.7079141546431885E-7
0.305                     0.056681362677691034     3.1719602355834965E-7
0.32000000000000034       0.04858402515230703      2.6965794570585686E-7
0.3300000000000004        0.04858402515230703      2.6807741988050913E-7
0.3450000000000004        0.040486687626922535     2.2041117342760134E-7
0.3400000000000004        0.04858402515230703      2.660814830069496E-7
0.3600000000000003        0.03238935010153804      1.7350592988181381E-7
0.3550000000000004        0.040486687626922535     2.1830782514297747E-7
0.3800000000000003        0.016194675050769013     8.454196634332393E-8
0.3750000000000003        0.024292012576153526     1.2772072838174224E-7
0.3700000000000003        0.03238935010153804      1.715108866202161E-7
0.39500000000000024       0.008097337525384496     4.1362952157205096E-8
0.40000000000000024       0                        0
0.39000000000000024       0.016194675050769002     8.336848663490515E-8
0.04483855893295641       0.26024953616853624      5.93404871084425E-7
0.04009047905536502       0.26801085713209816      5.643418364774507E-7
0.03478996880558738       0.27598154072198106      5.216363339760582E-7
0.029836700540636113      0.28396061112740373      4.7614208534845206E-7
0.024954253523452125      0.2922014120797563       4.243795264310227E-7
0.020000000000000063      0.3                      3.610334653385243E-7
0.07023758727827129       0.2519293604738038       8.503116230552295E-7
0.0551898138342522        0.2600370021947934       7.223557953725046E-7
0.06516960827657715       0.2598852428872034       8.426113637658448E-7
0.13709549940704777       0.16323403424336794      7.495207362627963E-7
0.130133929714582         0.1698293021906725       7.612412056862229E-7
0.1508771361300496        0.15290107617611784      7.350609481210731E-7
0.14569154317310495       0.16235294340991718      7.760921863255016E-7
0.12506624615620363       0.1790645245467104       7.951694275791682E-7
0.1204066928151065        0.1873008611498431       8.237901741449865E-7
0.11548021339969365       0.19519477864010282      8.475721174217983E-7
0.11012573952414989       0.20313586516002008      8.673879501349761E-7
0.10508967849156026       0.21142898089730697      8.8943649956101E-7
0.10007826482148335       0.2195382738853766       9.083097339902806E-7
0.09506731151715948       0.22751837135956354      9.238848223527954E-7
0.0900111850179981        0.23556779360720462      9.36775120231583E-7
0.08502436821433898       0.2436956292001805       9.476779649542828E-7
0.08005312773188689       0.2517652354058896       9.54799324958475E-7
0.184788848385947         0.12151627699759322      6.279360961139157E-7
0.17949745718693413       0.12968122139520238      6.670551021203393E-7
0.17384740497152595       0.13786405022887785      7.050232150172631E-7
0.16805976932777433       0.1460950841943463       7.422665252692269E-7
0.1615587473335055        0.1542130307499246       7.759012701020045E-7
0.19998496612760883       0.1133681903462806       6.02978716787162E-7
0.19478849940791934       0.12152275197248967      6.446795601803177E-7
0.21999975980662817       0.09716861059686599      5.287298303748892E-7
0.21499447513871864       0.10527246882728267      5.722621532131975E-7
0.20998586363886415       0.11337231704058492      6.157547957242955E-7
0.23499999999999963       0.0890707127792286       4.919598821833229E-7
0.2299987363059273        0.09717151228180616      5.367596557870396E-7
0.2499999999997799        0.08097337525350773      4.517232791186248E-7
0.24499999999999775       0.08907071277922574      4.974169525279267E-7
0.2649999999998435        0.07287603772822165      4.08803772013868E-7
0.2599999999999866        0.08097337525382405      4.550840436709911E-7
0.2749999999999552        0.07287603772839185      4.1049317285424277E-7
0.28999999999999443       0.06477870020306702      3.6432551084419475E-7
0.28499999999998776       0.07287603772844134      4.1129400355269153E-7
0.2999999999999997        0.06477870020307519      3.6400772896844353E-7
0.3150000000000002        0.05668136267769143      3.16096502822324E-7
0.31000000000000016       0.06477870020307591      3.6300740139023757E-7
0.32500000000000034       0.05668136267769153      3.144566740251508E-7
0.33500000000000035       0.056681362677691555     3.123139436171112E-7
0.3500000000000004        0.04858402515230703      2.637015170387409E-7
0.3450000000000004        0.056681362677691555     3.0970551014707266E-7
0.3650000000000003        0.040486687626922535     2.1592213661570903E-7
0.3600000000000003        0.04858402515230703      2.609684145221726E-7
0.38500000000000023       0.024292012576153533     1.260185246405616E-7
0.3800000000000003        0.03238935010153804      1.6931874794148174E-7
0.3750000000000003        0.040486687626922535     2.1327878132187852E-7
0.40500000000000025       0.0080973375253845       4.0718709751126046E-8
0.4100000000000003        0                        0
0.40000000000000024       0.016194675050768995     8.21143383796877E-8
0.4150000000000002        0.008097337525384501     4.0040436141932566E-8
0.42000000000000026       0                        0
0.39500000000000024       0.024292012576153522     1.2418895529150583E-7
0.4250000000000002        0.008097337525384503     3.9332121270662695E-8
0.43000000000000016       0                        0
0.04999381406529624       0.26816652312480815      6.988531513471798E-7
0.04493902943540501       0.27597197331072204      6.68842246888618E-7
0.03989916839811548       0.28397546675451096      6.328161635061052E-7
0.034941844098280626      0.2920185953690458       5.90334442844348E-7
0.030000000000000072      0.3                      5.392643689243576E-7
0.07506829753251101       0.25980662994885106      9.575570935844045E-7
0.05996158699473725       0.2678461057972669       8.277782518421972E-7
0.07001513763830582       0.2678240410517788       9.547063333576084E-7
0.14050151209373665       0.17070598237451226      8.095075688836272E-7
0.13513960097072136       0.17865559286696372      8.385764508873728E-7
0.15590847648617095       0.16213022215815787      8.095696416549221E-7
0.15048305025069744       0.17051594038245524      8.461615591003875E-7
0.13014624952399134       0.18696518722984248      8.704930012180873E-7
0.1251811283253026        0.19507204874040535      9.001355869443135E-7
0.12010999963514991       0.20309479010317916      9.273566730362621E-7
0.11500062652802553       0.21114676472202779      9.53007782228751E-7
0.10998262269095861       0.21929581664953238      9.782117560118452E-7
0.10497134198388144       0.2273879481767397       1.0011351262584424E-6
0.09992979793644753       0.23543364956776225      1.0212403432951581E-6
0.09494414440336836       0.2435348224320445       1.0396646542441277E-6
0.08994696914041833       0.25161196015394693      1.0548671683672595E-6
0.0849831183294748        0.2596996734459611       1.0671094364585481E-6
0.18952891920984832       0.12967976982070414      6.860798230380956E-7
0.18382060623001492       0.13785844356170282      7.264736745432181E-7
0.1780536461154136        0.1460530258501952       7.663587536028033E-7
0.17219848015728415       0.15429561378096637      8.057760499191431E-7
0.16626275727075204       0.16230396044793713      8.427176321516104E-7
0.20483990129281904       0.12152576973491691      6.59400234574443E-7
0.1994005148482125        0.1296855790630508       7.026146388954243E-7
0.22499499286184124       0.10527620585353487      5.816756349966573E-7
0.21997219058372686       0.11338940508647524      6.267467965782806E-7
0.21478465147003867       0.1215356419723775       6.719811888663916E-7
0.24000000000000027       0.09716805030461403      5.43290369966878E-7
0.2349976651671003        0.10527478137737303      5.89430275482367E-7
0.2549999999999951        0.08907071277922161      5.016144252625829E-7
0.24999999999999992       0.0971680503046134       5.48427040987989E-7
0.2699999999999989        0.0809733752538429       4.573774340286621E-7
0.26499999999999957       0.0890707127792284       5.046026557860452E-7
0.27999999999999514       0.08097337525383713      4.5865287614385335E-7
0.294999999999997         0.07287603772845548      4.112528645333067E-7
0.28999999999999954       0.08097337525384377      4.589623892248419E-7
0.30500000000000005       0.07287603772846021      4.104178555079762E-7
0.32000000000000023       0.06477870020307601      3.613676197207831E-7
0.3150000000000002        0.0728760377284605       4.088380334253959E-7
0.33000000000000035       0.06477870020307605      3.5913173704186965E-7
0.34000000000000036       0.06477870020307606      3.5634298422788807E-7
0.35500000000000037       0.056681362677691555     3.066680824357281E-7
0.35000000000000037       0.06477870020307606      3.530441262774757E-7
0.3700000000000003        0.04858402515230703      2.5791238104139134E-7
0.36500000000000027       0.056681362677691555     3.032376323688099E-7
0.39000000000000024       0.03238935010153804      1.669482420405961E-7
0.38500000000000023       0.040486687626922535     2.1040168367333653E-7
0.3800000000000003        0.04858402515230703      2.545627660456314E-7
0.4100000000000002        0.016194675050769006     8.07881143557474E-8
0.40500000000000025       0.02429201257615352      1.222452198648544E-7
0.42000000000000015       0.01619467505076901      7.939800685925247E-8
0.40000000000000024       0.03238935010153804      1.6441738982892816E-7
0.43500000000000016       0.008097337525384496     3.859754333745524E-8
0.44                      0                        0
0.43000000000000016       0.016194675050769013     7.795178953890115E-8
0.05486079854984883       0.27587740175367453      8.085684123965572E-7
0.04992794488287823       0.2839445902705826       7.852737564622725E-7
0.04495902624084554       0.29197590810955215      7.53971807810851E-7
0.040000000000000084      0.3                      7.147129280797593E-7
0.07998962794997515       0.26775925985792415      1.0749052445847605E-6
0.06495324014196488       0.2758569782740205       9.464910323076847E-7
0.07497733527775109       0.2758172748691527       1.0779120299627042E-6
0.1451185264494766        0.1786669951608064       8.805906118525413E-7
0.14006399819646453       0.1867862539662998       9.152352296846015E-7
0.1606813823193197        0.17042699864676525      8.807345421892298E-7
0.15529097704301578       0.1786003811371          9.191176501167184E-7
0.1350230683976562        0.19491306184397283      9.492033733645753E-7
0.12998372282763737       0.2029864531636335       9.818855407984075E-7
0.12496064138504881       0.21105699015916496      1.0135750736006114E-6
0.11994160611447238       0.21912564761782         1.0440483916798424E-6
0.11491425534343629       0.22723964944006883      1.0733864323869351E-6
0.10987833527210099       0.23531886856352777      1.1006931051114043E-6
0.10489923380196248       0.24342655855939108      1.126710163364542E-6
0.09992394200451084       0.2515243926852437       1.150408985612775E-6
0.09495188521041831       0.25962066517878857      1.1714468759524094E-6
0.0899692402446741        0.26769828157375736      1.1890429244099398E-6
0.1938158909565494        0.1378470765879739       7.454550551303159E-7
0.18808225050224          0.1460139875728307       7.878262457214157E-7
0.18228855456460444       0.15418683682076914      8.297966137858105E-7
0.17641043654878585       0.16232397582834907      8.709232473695813E-7
0.17082478508835755       0.17043017801591365      9.121854501315508E-7
0.20948281205817199       0.129688297519697        7.172301070869664E-7
0.20382029942506283       0.13783914793495058      7.620192449611339E-7
0.22998397205674306       0.11339624589976277      6.358980191991336E-7
0.22484934974801832       0.12154002897570655      6.82673202095203E-7
0.21940062248975775       0.12968644120412734      7.294026573544037E-7
0.24499739875332563       0.10527377322343595      5.956077815596549E-7
0.23999356097598867       0.113392095344797        6.432248633090665E-7
0.25999999999999973       0.09716805030461317      5.522043838424897E-7
0.2550000000000003        0.1052653878299985       6.002221900894841E-7
0.275                     0.08907071277922907      5.064359983970251E-7
0.2700000000000001        0.09716805030461362      5.54681720342411E-7
0.28500000000000003       0.08907071277922904      5.071719972656053E-7
0.30000000000000027       0.08097337525384485      4.583599123824858E-7
0.2950000000000003        0.08907071277922951      5.068706053552403E-7
0.31000001939090527       0.08097337496440497      4.569006627069099E-7
0.32500000000000034       0.07287603772846056      4.065629098639065E-7
0.32000000000000034       0.08097337525384506      4.546405693062584E-7
0.33500000000000035       0.07287603772846056      4.036419919879574E-7
0.3450000000000004        0.07287603772846056      4.0012436994542337E-7
0.3600000000000003        0.06477870020307606      3.4927715954852036E-7
0.35500000000000037       0.07287603772846056      3.9605835186682045E-7
0.3750000000000002        0.056681362677691555     2.9944918202885073E-7
0.3700000000000003        0.06477870020307606      3.450830498182293E-7
0.39500000000000024       0.040486687626922535     2.0731391065495985E-7
0.39000000000000024       0.04858402515230703      2.509479211485257E-7
0.38500000000000023       0.05668136267769154      2.95336624229106E-7
0.4150000000000002        0.02429201257615352      1.2019992874609463E-7
0.4100000000000002        0.03238935010153803      1.617434417762733E-7
0.4250000000000002        0.024292012576153533     1.1806507147124733E-7
0.40500000000000025       0.040486687626922535     2.0403758432411805E-7
0.4450000000000002        0.0080973375253845       3.7840264096594563E-8
0.45000000000000023       0                        0
0.4400000000000001        0.01619467505076901      7.645680536849314E-8
0.43500000000000016       0.024292012576153536     1.1585199472554483E-7
0.05994141636133855       0.28390756181724425      9.330412250698625E-7
0.054967566821684875      0.2919601177895996       9.13450885107277E-7
0.0500000000000001        0.3                      8.863919059063453E-7
0.08497731174108329       0.27577236648838077      1.2027461852608509E-6
0.06996711708515391       0.28387728991111977      1.075704602530414E-6
0.07997972617152165       0.2838481051604109       1.2119693138875969E-6
0.15007281388226235       0.18672512197838306      9.572324928997195E-7
0.14498940599091178       0.19482964779421494      9.952171153521988E-7
0.16536276045202167       0.17856091708600705      9.536432962652635E-7
0.16008739658495566       0.18668381336426998      9.953668351070587E-7
0.13996109297465226       0.20292406235815577      1.0328254460904198E-6
0.134950800483128         0.21101157749825247      1.0698430735745808E-6
0.12994914449091632       0.21909589638453938      1.106132940588372E-6
0.12493505531972007       0.22718477476455534      1.1414691207210283E-6
0.11992385556676684       0.23528492234157683      1.1757965784391808E-6
0.11492538249938646       0.2433869249058239       1.2088747652972256E-6
0.10993762282874468       0.2514842049294814       1.240354863862328E-6
0.10495275834237208       0.25957393998886225      1.2697977718681215E-6
0.09996828034590968       0.26765711326562686      1.2967584321274785E-6
0.09498037340277236       0.2757393163712466       1.3207332092258213E-6
0.19811235685741527       0.1459901173914687       8.066927073844653E-7
0.19236558080475252       0.15414306623439353      8.512335035266616E-7
0.18658091131770138       0.1622845663000433       8.954996189246006E-7
0.1809168093845546        0.17041159232495884      9.398071205845791E-7
0.17540989116537561       0.17853632566095634      9.844152675844018E-7
0.21382882421163088       0.13783118431104072      7.761772424558698E-7
0.20813506879177607       0.14597381385875077      8.229423973101354E-7
0.23479769705493356       0.1215389366114703       6.91280106520596E-7
0.22948394561742613       0.12968709898255112      7.396425587860203E-7
0.22383409734337933       0.13782229084058248      7.879725896829726E-7
0.24999316637686442       0.11337427417921968      6.487693213315948E-7
0.24479118014037038       0.12152580829298124      6.979857325068829E-7
0.2650000000000002        0.10526538782999832      6.034329557905068E-7
0.2600000000000003        0.11336272535538305      6.527372745530015E-7
0.2800000000000002        0.0971680503046138       5.559222453131388E-7
0.2750000000000003        0.10526538782999854      6.05258700356717E-7
0.2900000000000003        0.097168050304614        5.559921292075494E-7
0.3050000000000003        0.08907071277922951      5.055934424261036E-7
0.30000002619497285       0.09716809243133599      5.549599075100557E-7
0.3150001163454302        0.08907071104258979      5.034030615745769E-7
0.3300000097204298        0.08097336909019488      4.5163563820455294E-7
0.32500050932869035       0.08907057013012577      5.003615057173264E-7
0.34000000000000036       0.08097337525384506      4.479417098716397E-7
0.35000000000000037       0.08097337525384506      4.436136099248545E-7
0.36500000000000027       0.07287603772846056      3.914911468826041E-7
0.3600000000000003        0.08097337525384506      4.387051635254491E-7
0.3800000000000002        0.06477870020307608      3.4050151023580157E-7
0.3750000000000002        0.07287603772846056      3.86468595182244E-7
0.40000000000000024       0.04858402515230703      2.4709508458247E-7
0.39500000000000024       0.05668136267769154      2.9093257498469305E-7
0.39000000000000024       0.06477870020307608      3.3557081756596177E-7
0.42000000000000015       0.03238935010153804      1.5894282961737784E-7
0.4150000000000002        0.040486687626922535     2.00593813787323E-7
0.43000000000000016       0.03238935010153804      1.5603113168132196E-7
0.4100000000000002        0.04858402515230703      2.4303029017599404E-7
0.4550000000000001        0.0080973375253845       3.7063626738765825E-8
0.4600000000000001        0                        0
0.4500000000000001        0.016194675050768992     7.49199601141452E-8
0.4450000000000002        0.024292012576153526     1.1357138907412134E-7
0.4400000000000001        0.03238935010153804      1.5302305053753458E-7
0.06497675228003484       0.2919414741381069       1.0678089974545605E-6
0.060000000000000143      0.3                      1.053271534142409E-6
0.0899862442104678        0.2838256965299367       1.3411232106602095E-6
0.07498559572421211       0.291926129562507        1.2160842672811087E-6
0.08499073985171333       0.291914126898219        1.3572459336715847E-6
0.1549581817780327        0.19477948420341762      1.0371868910956887E-6
0.14994768512494902       0.20287548922998588      1.0792934680215996E-6
0.17002770482563415       0.18665930128155278      1.029336457289379E-6
0.1649854250799276        0.19476465389981032      1.0753095825797345E-6
0.1449493789128675        0.21097144418771122      1.1212428709802723E-6
0.13995746116456098       0.21906580150934807      1.1629175858589133E-6
0.13495680601338086       0.22715853077537895      1.2041187306324583E-6
0.12995469305747884       0.23525737466902752      1.2447972683086835E-6
0.12495391255274914       0.24335675105463156      1.2847324279117613E-6
0.1199576542427234        0.2514530670559931       1.3236782460068218E-6
0.11496608265891636       0.2595459115602373       1.3613420487389279E-6
0.109977922725376         0.26763380191861946      1.3973392873481105E-6
0.10498789120881727       0.2757210832362682       1.4312191469044444E-6
0.09999228731515208       0.28381265526908567      1.4624458794744431E-6
0.20241533206985948       0.1541178592423167       8.698185587346584E-7
0.19664564024861778       0.1622530354571247       9.166674518185196E-7
0.19091432501065045       0.17037673677831414      9.636152296093568E-7
0.18544726939088776       0.17850863241069015      1.0113897545018461E-6
0.18007243228200054       0.18662941646528378      1.0595812348050804E-6
0.21815028042905696       0.1459598308650728       8.366084760474132E-7
0.21244358536150382       0.15409961033535205      8.855690004212836E-7
0.23941516716830927       0.1296712534212695       7.475674132494535E-7
0.2339015900252205        0.13781489848460235      7.975526490821687E-7
0.22817931664342006       0.1459467750223897       8.477850729270233E-7
0.25484000902215037       0.12150744923908703      7.028873171893661E-7
0.24940372333138203       0.12965589185321696      7.535662725206249E-7
0.2700000000000003        0.11336272535538308      6.552321165853236E-7
0.26479485834675726       0.12149948412083415      7.061028787524618E-7
0.2850000000000003        0.1052653878299985       6.057720409346751E-7
0.2800000000000003        0.11336272535538305      6.562634873511943E-7
0.2950000000000003        0.10526538782999857      6.050482380478325E-7
0.31000025909668943       0.09716819972625777      5.528952535792336E-7
0.3050000454324286        0.1052658666297958       6.031671643938728E-7
0.32000107258007937       0.09716816893117561      5.498669214509666E-7
0.33500094669788655       0.08907009249207005      4.965303842197335E-7
0.33000236077504          0.09716613950462834      5.459339377683552E-7
0.3450011033945202        0.08906950095063616      4.919731411843055E-7
0.3550009011299171        0.08906930340050469      4.867535229540665E-7
0.3700000000000003        0.08097337525384506      4.3326867771533963E-7
0.3650005268327616        0.08906961835737026      4.809312065079709E-7
0.38500000000000023       0.07287603772846057      3.810349433975164E-7
0.3800000000000003        0.08097337525384506      4.2735470959484234E-7
0.40500000000000025       0.056681362677691555     2.862682560451801E-7
0.40000000000000024       0.06477870020307608      3.303276645968959E-7
0.395000010083828         0.0728760318222552       3.752326259976523E-7
0.4250000000000002        0.040486687626922535     1.9700264510412482E-7
0.42000000000000026       0.04858402515230703      2.387782989910412E-7
0.43500000000000016       0.040486687626922535     1.9328302746595557E-7
0.4150000000000002        0.056681362677691555     2.813734053059082E-7
0.465                     0.008097337525384498     3.627075604373615E-8
0.4700000000000002        0                        0
0.4600000000000002        0.01619467505076901      7.33477206530309E-8
0.4550000000000001        0.024292012576153526     1.112332834444789E-7
0.4500000000000001        0.03238935010153804      1.4993240162773693E-7
0.4450000000000002        0.040486687626922535     1.8945279395115681E-7
0.0700000000000001        0.3                      1.2142812933656681E-6
0.0949944156560404        0.29190679042185813      1.4903782968738365E-6
0.08000000000000013       0.3                      1.3683201970990912E-6
0.09000000000000014       0.3                      1.5142773157031697E-6
0.15996888093603903       0.20285812304764883      1.1214657370439831E-6
0.1549678504338534        0.21095259636225253      1.167857787111816E-6
0.17500624775511883       0.19474450398043033      1.1089901165287229E-6
0.16998381003561683       0.20284480616334927      1.1589199602564077E-6
0.14997050293154804       0.2190483359573263       1.2144028523411753E-6
0.14497328863697542       0.22714471192937938      1.2610124770977755E-6
0.13997531766161822       0.23524096631691574      1.3075774788885594E-6
0.13497670811403065       0.24333732307945435      1.3539673915998699E-6
0.12997830107300298       0.2514344314182894       1.4000192933105847E-6
0.12498194543544305       0.25953003491810683      1.445498980667739E-6
0.11998854067025347       0.26762199827936295      1.4901044196598247E-6
0.11499473103159892       0.27571296412561935      1.5334699891656545E-6
0.10999708883795455       0.2838069675698256       1.5751454099674188E-6
0.10499729470082525       0.2919036895581874       1.614569603564123E-6
0.20669864719230158       0.16223296602666226      9.347712122676041E-7
0.20095262596539665       0.17035756837213448      9.842513843866677E-7
0.19538634189453885       0.1784835572292418       1.03447908043797E-6
0.1901316947486867        0.18661483721140526      1.0859617975055674E-6
0.18499873191297353       0.1947359597055101       1.1383464804863223E-6
0.22246051997499564       0.15408292772091356      8.985565154042897E-7
0.2167123477301749        0.16221542546058662      9.498013999378179E-7
0.24385750755555757       0.13779708388735337      8.047716687839673E-7
0.23819797614540802       0.1459330614002287       8.565224051056716E-7
0.23248546432714043       0.15406686122827057      9.088949646553877E-7
0.2594885178119803        0.1296421197108814       7.57713517119649E-7
0.2539244468582807        0.13778627141954045      8.100064676253143E-7
0.2748562921468353        0.12149043296973512      7.077085986777341E-7
0.26941692288929825       0.12963559511743736      7.600509489541407E-7
0.29000000000000037       0.11336272535538311      6.559140170273998E-7
0.28481451986682066       0.12149185348480444      7.078332312360144E-7
0.29999761911172973       0.11336329230116526      6.542725109056967E-7
0.3150013037994983        0.10526682274620003      6.002061240526065E-7
0.309972308021392         0.11337173845482956      6.514777818284858E-7
0.3250043204440449        0.10526623450825964      5.962301680288424E-7
0.3400029135490165        0.09716278370822921      5.411705072228912E-7
0.33499874417806536       0.10525380580375522      5.912609666704162E-7
0.35000283267072735       0.09716115748086988      5.356627558407196E-7
0.3600020137346131        0.0971620022861121       5.294811341549183E-7
0.3750001948927655        0.08907023186300865      4.745620144068996E-7
0.37000118867033155       0.09716422725261999      5.226828958632655E-7
0.3900000676269018        0.08097335144837954      4.2101167564670375E-7
0.3850000996157139        0.08907061174405591      4.6769791708167997E-7
0.4100000000000002        0.06477870020307606      3.2480704620070555E-7
0.40500004951065005       0.07287598679330377      3.6910201547162704E-7
0.40000031900620464       0.08097313108626346      4.142850390454001E-7
0.43000000000000016       0.04858402515230703      2.34362551605069E-7
0.4250000000000002        0.056681362677691555     2.762762126989833E-7
0.4400000000000001        0.04858402515230703      2.298051389465558E-7
0.42000000000000015       0.06477870020307608      3.1904217624839896E-7
0.4750000000000001        0.008097337525384501     3.546456049617748E-8
0.48000000000000015       0                        0
0.4700000000000002        0.01619467505076901      7.174611751460626E-8
0.465                     0.024292012576153533     1.0884704639424915E-7
0.4600000000000002        0.03238935010153804      1.4677211156179544E-7
0.4550000000000001        0.040486687626922535     1.855286551568153E-7
0.4500000000000001        0.04858402515230703      2.251267895799439E-7
0.10000000000000009       0.3                      1.651062165789057E-6
0.16498349665166062       0.21094076258490715      1.2094152276711685E-6
0.1599848604684146        0.21903764944459886      1.2604500548677862E-6
0.17999427958181194       0.20283692875868933      1.1917046182394467E-6
0.1749936698107716        0.21093435124419405      1.245904683519516E-6
0.1549864343744631        0.22713489066145945      1.3119920550332841E-6
0.1499886307284021        0.23523103253895003      1.3639856153137548E-6
0.14499069757154362       0.2433268303793195       1.4163620040163373E-6
0.1399915817077946        0.2514234929323652       1.4690198687415525E-6
0.13499252553645197       0.2595204647253128       1.5218100420187685E-6
0.12999509634257655       0.26761587895480127      1.574517945533487E-6
0.12499812459141174       0.27571010130670454      1.6268640538207963E-6
0.11999925350011653       0.283805761890006        1.6784965438549222E-6
0.11499921050092068       0.2919029094896454       1.7289541047789023E-6
0.11000000000000006       0.3                      1.7776445475006433E-6
0.21100786737614946       0.17034671119909917      1.0016647737596627E-6
0.20546428790141702       0.17847843504813987      1.0544298215750796E-6
0.20006954700987453       0.18661281950774977      1.1082399616448058E-6
0.19500000000000006       0.19473461217000143      1.1635369291310747E-6
0.18999883396562564       0.2028331344023523       1.2198748736782224E-6
0.22672749930328662       0.16219791399464997      9.619160305251737E-7
0.2209566177903158        0.17032709662305318      1.0156558222747103E-6
0.24820573697151677       0.1459203786120468       8.629398090191955E-7
0.24250780813168438       0.1540524026281617       9.166851805513411E-7
0.2367641056031939        0.16218200070096433      9.712540116343797E-7
0.263900678619083         0.13777672417938308      8.13207147097269E-7
0.2582149898638265        0.1459118736656632       8.671799553072419E-7
0.2794998619692378        0.12963088163970335      7.60717527592139E-7
0.27386881310901473       0.13777220582200872      8.145620728231673E-7
0.2947954089119126        0.1214956870824428       7.065371337881992E-7
0.2894160519311957        0.12963222196201876      7.598223466620005E-7
0.30482913294481345       0.12149421377427455      7.038457615570943E-7
0.31996665613340214       0.11336904609915725      6.474865233806053E-7
0.31481128246055323       0.12148668204950126      6.998780212009053E-7
0.3299791467576481        0.11334922167037126      6.423447924810182E-7
0.345001943796887         0.1052466467479961       5.854687255433634E-7
0.33995852848474534       0.11333361959808776      6.362960526441413E-7
0.3550035560700844        0.10524705900063645      5.789448097498083E-7
0.36500325299629505       0.10525250888223452      5.717454790103467E-7
0.3800007807198851        0.09716613058595697      5.153199585105895E-7
0.37500251957513475       0.10525818979257892      5.639110046902688E-7
0.3950007547031251        0.08907035214237818      4.603891024135129E-7
0.390001629541506         0.09716733427701076      5.074489463165769E-7
0.41500009472692206       0.072875842265106        3.6268136494067936E-7
0.4100006110896437        0.08097234817886187      4.0721724539311464E-7
0.40500187787258485       0.0890686223187689       4.5268174645248334E-7
0.43500000000000016       0.05668136267769154      2.7100327904387923E-7
0.43000000000000016       0.06477870020307608      3.130644323807893E-7
0.4450000000000002        0.056681362677691555     2.655795953116157E-7
0.4250000835775163        0.07287558650089705      3.560071285317828E-7
0.4850000000000001        0.008097337525384496     3.4647736071690535E-8
0.49000000000000005       0                        0
0.48000000000000015       0.016194675050769        7.01207510403002E-8
0.4750000000000001        0.024292012576153526     1.0642139322978633E-7
0.4700000000000002        0.03238935010153804      1.4355422479091176E-7
0.46500000000000014       0.040486687626922535     1.8152620404364256E-7
0.4600000000000002        0.04858402515230703      2.20346871369723E-7
0.4550000000000001        0.056681362677691555     2.6002853979240914E-7
0.16999413318526715       0.21903136233302414      1.3009984075720324E-6
0.1649946210219416        0.22712878497000802      1.357012337515108E-6
0.18499833644314834       0.21093093297469778      1.2773675282700718E-6
0.17999838270172488       0.2190282013465271       1.3360856409006772E-6
0.1599956353654157        0.23522564979759694      1.4139474041438786E-6
0.1549968747560465        0.24332194901309379      1.4717901334916077E-6
0.1499974785690793        0.251418564420502        1.5305066295307665E-6
0.14499760102829878       0.2595157234921344       1.5900270256858776E-6
0.13999809043445957       0.26761268595416415      1.6502305277629001E-6
0.13499900689165456       0.27570912113046264      1.7109378317739627E-6
0.12999967804605134       0.2838056646619274       1.771900623230647E-6
0.12499988557082814       0.2919027154586487       1.8327758922042053E-6
0.12000000000000008       0.3                      1.8930985595065718E-6
0.21536512624224846       0.1784717372912555       1.0705705149845862E-6
0.2101389668164464        0.18660617588962972      1.1269436794950705E-6
0.20500000000000007       0.19473461217000143      1.184585614872517E-6
0.2000000000000001        0.20283194969538593      1.2435336348326584E-6
0.19499977209502636       0.21092972951178435      1.3039092033195942E-6
0.23102270953274792       0.17031076407865586      1.0267461482860752E-6
0.22550391704324171       0.1784557338580601       1.0836117664352256E-6
0.2525119179903507        0.1540418847035118       9.220568670814482E-7
0.24678384786832364       0.16216964188650565      9.779176454267072E-7
0.24107335742103703       0.1702995431953255       1.0348898649984934E-6
0.26820648297649685       0.1459073071654686       8.693540216836594E-7
0.2625107600373674        0.1540373539057743       9.251654870801069E-7
0.2839252011002403        0.1377728232143816       8.141742506204292E-7
0.2782055050673962        0.14590520070959961      8.695813130135418E-7
0.29938030615065064       0.1296270339671529       7.573952054584426E-7
0.2938371537662474        0.137763334397771        8.120786614400721E-7
0.30944202413833655       0.12961737268394263      7.5351125402309E-7
0.3247689247264829        0.12145307994902822      6.946098365425645E-7
0.31939508084634677       0.12956654111654384      7.481255523035096E-7
0.33479336658868714       0.12142730276653445      6.882934631531322E-7
0.34997418178600753       0.11333374708657748      6.29447754721005E-7
0.3449085967595295        0.12141035659629232      6.80986958992497E-7
0.35999219320158526       0.1133426456331767       6.218541017401891E-7
0.3700023011983671        0.11334842609018188      6.135310997391712E-7
0.38500157963303167       0.10526350868249137      5.555043037618519E-7
0.3800026668791139        0.1133530788031437       6.045682341140455E-7
0.4000036079666887        0.09716644732482427      4.991191958966286E-7
0.3950038966069793        0.10526607915512501      5.465728002012098E-7
0.4200006168887159        0.08097087507036281      3.998498822206232E-7
0.41500253993007746       0.08906443871346524      4.446195450425008E-7
0.41000594292482234       0.09715943205072726      4.903646683335401E-7
0.4400000000000001        0.06477870020307606      3.069033255846863E-7
0.43500002400722726       0.07287531308131713      3.4911409729837585E-7
0.4500000000000001        0.06477870020307608      3.005864915917418E-7
0.43000037734944624       0.08096921917450942      3.9222504434477214E-7
0.4950000000000001        0.008097337525384496     3.382277141803672E-8
0.5000000000000001        0                        0
0.49000000000000005       0.016194675050769        6.847680059099947E-8
0.4850000000000001        0.024292012576153522     1.0396439808740569E-7
0.48000000000000015       0.03238935010153804      1.4028991742836567E-7
0.4750000000000001        0.040486687626922535     1.7745993039504493E-7
0.4700000000000002        0.04858402515230703      2.154834055236901E-7
0.465                     0.056681362677691555     2.543718907294876E-7
0.4600000000000002        0.06477870020307606      2.941397011850002E-7
0.17499840346576168       0.22712560821588523      1.3960985426090271E-6
0.16999866355095414       0.2352228359993798       1.4574615418287848E-6
0.18999974926652333       0.21902697037529162      1.36580721222855E-6
0.18499974147667453       0.22712428449728683      1.4293364799779375E-6
0.16499916815601537       0.24331970911707124      1.5202186177111718E-6
0.15999952330707468       0.2514165848182819       1.584400476093774E-6
0.15499961276371976       0.25951373373637626      1.650014371446044E-6
0.1499996683404928        0.26761100628721485      1.7170318893377044E-6
0.14499980610534938       0.2757082127635709       1.7853787473879235E-6
0.13999993507962824       0.28380540667717186      1.8549221922228769E-6
0.13499999049561345       0.2919026754040976       1.9254505267378736E-6
0.1300000000000001        0.3                      1.9966480276397393E-6
0.22013059744549493       0.18660426308274344      1.1418545501068122E-6
0.2150012335675723        0.19473562444452805      1.2016268929235213E-6
0.2100002792410983        0.2028328548107331       1.2628216188836367E-6
0.2050000491970786        0.21092996221209692      1.3256708309863963E-6
0.20000000834315604       0.21902695475154066      1.3903054240925113E-6
0.2353845795331903        0.17843367739337382      1.0930840358345737E-6
0.2301773810359412        0.18658820007648072      1.1531820019974328E-6
0.2567898353536376        0.16216394128950865      9.820795410448871E-7
0.2511000431981281        0.1702923582333824       1.0402359163491498E-6
0.24546229928958277       0.1784255201866972       1.0997746792259257E-6
0.2725098408598205        0.15403710381255786      9.261334414639097E-7
0.26678922136901156       0.16216500147391738      9.838934459553457E-7
0.28819235424853484       0.14589952590405666      8.679457116732859E-7
0.28250131345499363       0.1540365531172855       9.250653836148284E-7
0.3038166533580183        0.13774210357957742      8.083565081480479E-7
0.2981623356669711        0.14588287153122512      8.645325679459749E-7
0.31383049700372095       0.13769547453250244      8.030262946337463E-7
0.329477474215423         0.12951504621746468      7.414800310631642E-7
0.3239729852303896        0.13762406511027475      7.961341218077885E-7
0.3396365271695269        0.12950357780101004      7.33925340801158E-7
0.3549657954977368        0.12143117435932028      6.730500337177698E-7
0.3498490251375663        0.12954919771476925      7.256517004165965E-7
0.36499644815225135       0.12144949762867031      6.643117594970894E-7
0.37500851702431226       0.12144044718912285      6.547129337606375E-7
0.38999933434269524       0.11336234513685867      5.950635172524921E-7
0.3849970501199483        0.12144631678406166      6.445849075210898E-7
0.40500856003688807       0.10526453546024933      5.371706683287804E-7
0.40000687542351865       0.11337172626755905      5.850438289951612E-7
0.42500256707822026       0.08905871080743329      4.3625281592973613E-7
0.4200074439252342        0.09714543331232617      4.812346783767711E-7
0.4150137053301078        0.10523985863284593      5.272598945893142E-7
0.44499997711131445       0.07287513781553821      3.42034939366585E-7
0.44000014302327545       0.08096807342484574      3.8438289209621724E-7
0.4549999325658635        0.07287510617589843      3.347998525550165E-7
0.4350020271742247        0.08905377457809133      4.2763550278020684E-7
0.5050000000000001        0.008097337525384496     3.299195417702149E-8
0.5100000000000001        0                        0
0.5000000000000001        0.016194675050769006     6.681903627100011E-8
0.4950000000000001        0.024292012576153526     1.0148351014586513E-7
0.49000000000000005       0.03238935010153804      1.369895170609975E-7
0.4850000000000001        0.040486687626922535     1.733432433796098E-7
0.48000000000000015       0.04858402515230703      2.1055309111753514E-7
0.4750000000000001        0.056681362677691555     2.486298520941032E-7
0.4700000000000002        0.06477870020307606      2.8758688660568947E-7
0.46499985237721425       0.07287520304096064      3.274366445965604E-7
0.17999979485803752       0.23522159325348233      1.4945995065089566E-6
0.17499989820577358       0.24331881354228593      1.5616949558692053E-6
0.1950000000000001        0.22712396227153944      1.456864428285162E-6
0.1900000000000371        0.23522129979695736      1.5254948212854294E-6
0.16999997206440887       0.2514160371451541       1.6307156639081793E-6
0.1649999968544548        0.25951332199957444      1.7017417950641348E-6
0.16000000000000025       0.26761064989846206      1.7748331197476312E-6
0.1550000000000001        0.27570798742384656      1.8500196659094435E-6
0.15000000000000005       0.283805324949231        1.9272891068166323E-6
0.14500000000000007       0.29190266247461544      2.0065693488101415E-6
0.1400000000000001        0.3                      2.087706430911145E-6
0.22500478526383885       0.19473154604547865      1.2147668815283258E-6
0.22000103238191565       0.2028330719960174       1.2778842636474648E-6
0.21500010784406792       0.21093107800940147      1.3428258654782632E-6
0.21000002434482323       0.21902751039525498      1.409760753764017E-6
0.2049999936463553        0.227124335165958        1.4788727819812241E-6
0.24017192998179693       0.1865809754574251       1.161155796587148E-6
0.23500515501303945       0.19472199878259955      1.2241756924360773E-6
0.2610869919492146        0.17029196109826075      1.0429776704012962E-6
0.2555309002373289        0.17842888882487595      1.103609508929799E-6
0.2501258014675479        0.1865774600057658       1.1659707357024097E-6
0.27678483862978165       0.16216801310584658      9.834759472971098E-7
0.2710775065300189        0.17029690308934373      1.0432906509720675E-6
0.2924857601307422        0.15402910525933597      9.220582048701406E-7
0.28675745969872707       0.16216727018271146      9.809465071067912E-7
0.3081475212868236        0.14584342176397055      8.593825875122535E-7
0.302467641265126         0.1540125042660769       9.172382437827195E-7
0.3181698570557641        0.14576746379003738      8.525162911739981E-7
0.33410255356903235       0.13752489878284316      7.87852944309899E-7
0.3282671560018257        0.14561828152348577      8.437886979197623E-7
0.34450967069189564       0.13766807266882464      7.79699622592643E-7
0.35997397014748356       0.12960748174405448      7.166013733058228E-7
0.3549085814588447        0.13794857127851254      7.712788709171161E-7
0.37003095742066755       0.12953623468386355      7.060450008853506E-7
0.3800109122986523        0.12951753299588012      6.9517111871323E-7
0.3949797188403352        0.1214707792922487       6.340014469001093E-7
0.38997020110999925       0.12953142793618036      6.838822598169304E-7
0.4100238218940694        0.1133666030515834       5.744960937267454E-7
0.40500134035880414       0.12150558010478414      6.229314567239312E-7
0.4300071955554761        0.09713038749716031      4.7180937041838624E-7
0.42501603429145773       0.10520537274892516      5.169719329329815E-7
0.42002142384631885       0.11329335818997648      5.632419434583393E-7
0.4499998554095714        0.08096774748890948      3.763592790933675E-7
0.44500097298362923       0.08905142932312965      4.188152187564524E-7
0.45999939306578314       0.08096820011484948      3.6818595327321773E-7
0.44000515454359485       0.0971202976883196       4.621627277669619E-7
0.5150000000000001        0.008097337525384498     3.215737821442601E-8
0.5200000000000001        0                        0
0.5100000000000001        0.016194675050768992     6.5151832680303E-8
0.5050000000000001        0.024292012576153522     9.898557320258192E-8
0.5000000000000001        0.03238935010153803      1.3366252747887212E-7
0.4950000000000001        0.040486687626922535     1.691885008109373E-7
0.49000000000000005       0.04858402515230703      2.0557133832863504E-7
0.4850000000000001        0.05668136267769154      2.4282109032516466E-7
0.48000000000000015       0.06477870020307608      2.8095018143817947E-7
0.47499977066510457       0.07287536139340607      3.1997077311323414E-7
0.46999891741614164       0.08096909245574506      3.5989074621952424E-7
0.18500000000006434       0.24331863732236667      1.596341434716128E-6
0.18000000000002014       0.2514159748477105       1.6695541941876946E-6
0.19999999894571738       0.23522136169529698      1.5503391273163358E-6
0.1950000000002373        0.24331863732252593      1.624350356245099E-6
0.17500000000000446       0.2595133123730811       1.745281624589785E-6
0.1700000000000008        0.26761064989846256      1.823665930651465E-6
0.16500000000000015       0.2757079874238466       1.904835923648425E-6
0.1600000000000001        0.283805324949231        1.9888970140664147E-6
0.15500000000000008       0.2919026624746155       2.075917218832915E-6
0.15000000000000005       0.3                      2.165908661409101E-6
0.23000209672682762       0.2028292918183571       1.2888847196080206E-6
0.22500047389066255       0.2109303027170982       1.355556208927988E-6
0.22000002699086707       0.2190282035917538       1.4243899008488798E-6
0.21499998551989144       0.22712481214869515      1.4955907062243058E-6
0.20999999742500394       0.23522145100861336      1.5693774898284392E-6
0.2450069657932564        0.19471631270449558      1.2301339215870895E-6
0.24000110321263377       0.20282822069253317      1.296093075766176E-6
0.2653849943901741        0.17842840024170778      1.1046609139998614E-6
0.260173182704118         0.18657792829626374      1.1678612654656124E-6
0.25501200918917916       0.19472412936046057      1.2329283270748754E-6
0.28107407087129166       0.1703000269277305       1.0412829226750658E-6
0.27546570995544406       0.17844470852333413      1.1033099343389588E-6
0.2967516690662833        0.16215676510230684      9.764054247599402E-7
0.29106165381669236       0.1703002232748047       1.0371180451763498E-6
0.31242621321102815       0.15395546775029834      9.105530263892904E-7
0.3067171707007046        0.16213435132082865      9.700166647498568E-7
0.3223715416583591        0.15386716728289615      9.022133979783598E-7
0.3387458405826271        0.14522182809371237      8.319389788719555E-7
0.33224015791478195       0.15370426608115076      8.921502726246955E-7
0.3497117427380688        0.14636481299596021      8.279366423924732E-7
0.36509172208501195       0.13773455868365178      7.591609125876274E-7
0.360315357953042         0.1467673038638149       8.184288224748585E-7
0.35540058295441046       0.15225805183689595      8.576814868977776E-7
0.37506906527748085       0.13758459687272656      7.468937983659247E-7
0.38495785829927515       0.13756943548380854      7.348440518392636E-7
0.39988999311079315       0.1296045981291808       6.724143677213381E-7
0.39483813422768077       0.13758308913252984      7.223728248737286E-7
0.41497788155875615       0.12141753426108631      6.1084000273884E-7
0.40983285098347005       0.12960306260753332      6.600349741776134E-7
0.4350128820685078        0.10517521036755867      5.064325211344772E-7
0.4299931225671442        0.11321858459074116      5.517026182456345E-7
0.42493822262652525       0.12128003885162383      5.981755146117995E-7
0.45499965788809865       0.08905201775327237      4.098290683751097E-7
0.4500026801673986        0.09711742351280338      4.523438414398379E-7
0.4649983189519978        0.08905436373540492      4.0070440661379107E-7
0.44500714289874815       0.10515635826667691      4.957173711239496E-7
0.5250000000000001        0.008097337525384503     3.132095154802474E-8
0.53                      0                        0
0.5200000000000001        0.01619467505076901      6.347918425239525E-8
0.5150000000000001        0.024292012576153526     9.647684791408575E-8
0.5100000000000001        0.03238935010153804      1.3031765734174861E-7
0.5050000000000001        0.040486687626922535     1.6500704381396262E-7
0.5000000000000001        0.04858402515230703      2.0055230874768854E-7
0.4950000000000001        0.05668136267769154      2.3696278002591317E-7
0.49000000000000005       0.06477870020307608      2.7424997155158046E-7
0.4849997436421661        0.07287550195563357      3.1242563575785684E-7
0.4799986751304595        0.08096997336810015      3.5149876260309243E-7
0.4749971517789173        0.0890569695738369       3.914650992925271E-7
0.19000000000007847       0.25141597484776246      1.7011051182545222E-6
0.18500000000001818       0.2595133123730928       1.7808123115251296E-6
0.20500000000085095       0.24331863732309808      1.6459802279037225E-6
0.2000000000002986        0.251415974847961        1.7256377748571942E-6
0.18000000000000307       0.2676106498984644       1.8636881038564795E-6
0.1750000000000004        0.2757079874238468       1.9499511875565854E-6
0.17000000000000007       0.283805324949231        2.039816350799663E-6
0.1650000000000001        0.2919026624746155       2.1334847221235337E-6
0.1600000000000001        0.3                      2.23113005426911E-6
0.23500047354085885       0.2109293447195799       1.3641077641694828E-6
0.22999999920574188       0.21902830330624504      1.4344362640257407E-6
0.22499998306833555       0.22712495629132434      1.507284581244198E-6
0.21999999670609047       0.23522149342890286      1.5829012747252568E-6
0.21500000000295513       0.2433186373250864       1.6615453237726424E-6
0.2500021661392846        0.20282701380949225      1.2997164235505166E-6
0.24500000000000013       0.21092928722077042      1.3687406416957032E-6
0.27016460835067324       0.18659380127183248      1.1670692451183489E-6
0.26500915009838955       0.1947302683830579       1.2326495038699653E-6
0.2600000000000002        0.2028319496953859       1.300045421238836E-6
0.2855407756423623        0.1784500947266172       1.0994818975982004E-6
0.2800723595549131        0.18661517407400185      1.1637732679858478E-6
0.30100906342855827       0.1702926028159711       1.0309567299474828E-6
0.2954606525354944        0.17844861004406765      1.093507324174252E-6
0.31664468719274436       0.16209601892731235      9.619287734262585E-7
0.31101872455467744       0.17028321007513825      1.0229392340073628E-6
0.32646466415956865       0.1620490291670152       9.524273651975977E-7
0.3417318896167566        0.15350912560133628      8.811389905720725E-7
0.33603182394610265       0.16204926115795265      9.42223240102239E-7
0.35004570044747785       0.15562320517915296      8.849508121961914E-7
0.35615687165089016       0.1574166220105403       8.88510637075462E-7
0.36016018742099487       0.15425809287106876      8.640102296055523E-7
0.3701668903444332        0.14563361336814284      7.997356297411883E-7
0.36683960236518764       0.15343685566096293      8.503680186338732E-7
0.3801487925553794        0.14554542075738747      7.864473735479131E-7
0.3898721876394333        0.14556320019904256      7.73466755990626E-7
0.40471771314447025       0.13793364970180844      7.11198032424403E-7
0.3993982873052788        0.14569134083058177      7.608180822224309E-7
0.4197840362294959        0.12938102751869285      6.461026719494413E-7
0.41456009604939337       0.13769713543448578      6.964525878058208E-7
0.43999654560804996       0.11316793157439915      5.399905914882993E-7
0.4349490720954952        0.12116439107271999      5.852847455314171E-7
0.4297994527306127        0.12916877351161438      6.318484630663115E-7
0.46000016910047786       0.0971197050735682       4.4237867250464187E-7
0.4550047038546874        0.10515129072744984      4.848707953367186E-7
0.4699967383354118        0.09712429451611665      4.3228889832758755E-7
0.4500036325825083        0.1131427793523315       5.281825996991093E-7
0.5350000000000001        0.008097337525384505     3.0484404786398755E-8
0.5400000000000001        0                        0
0.5300000000000001        0.016194675050769013     6.180472178050338E-8
0.5250000000000001        0.024292012576153533     9.396303607086275E-8
0.5200000000000001        0.03238935010153804      1.2696285189536805E-7
0.5150000000000001        0.040486687626922535     1.6080923572748645E-7
0.5100000000000001        0.04858402515230703      1.9550896128574143E-7
0.5050000000000001        0.05668136267769154      2.310706567902317E-7
0.5000000000000001        0.06477870020307606      2.6750495488411785E-7
0.49499978368340986       0.07287562891317448      3.0482309636893865E-7
0.4899987799201255        0.08097076594806324      3.4303477603085565E-7
0.4849965866084293        0.08905965439445451      3.8213861401570183E-7
0.47999310678457613       0.09713104769935677      4.221048723161627E-7
0.545                     0.008097337525384503     2.9649299913433083E-8
0.55                      0                        0
0.1950000000000732        0.25951331237314035      1.8086095896586309E-6
0.19000000000001294       0.26761064989847244      1.8951750414486783E-6
0.21000000000110408       0.2514159748486977       1.7434886734514546E-6
0.20500000000028723       0.25951331237332786      1.8290313193628043E-6
0.1850000000000016        0.27570798742384767      1.985630767652789E-6
0.18000000000000016       0.28380532494923105      2.0802880489229666E-6
0.17500000000000004       0.2919026624746155       2.1794677908568423E-6
0.17000000000000007       0.3                      2.2834924869475667E-6
0.23999998618462315       0.2190274357057661       1.4401699243299246E-6
0.23499998906730715       0.22712460487357414      1.5142518139126944E-6
0.2299999975672624        0.23522144357643102      1.5912368799653638E-6
0.22500000000989462       0.24331863733173398      1.6714028475113587E-6
0.22000000000394712       0.2514159748513352       1.7550477030655924E-6
0.25500000000000017       0.21092928722077042      1.3697106936021592E-6
0.25000000000000006       0.21902662474615497      1.4418899985661541E-6
0.2750000000000006        0.19473461217000157      1.229525422034895E-6
0.2700000000000003        0.20283194969538598      1.2972322531201155E-6
0.2650000000000002        0.21092928722077042      1.3672876990123783E-6
0.2901713309172245        0.1865972159588387       1.1576994433114853E-6
0.2850000000000002        0.19473461217000188      1.2237541885833504E-6
0.30551192100712227       0.17844663455975004      1.0854532617923913E-6
0.3001150036556493        0.18660347552086629      1.1497252044793016E-6
0.3208929962956693        0.17027424280887957      1.0134161002688555E-6
0.31538523937516183       0.17845223799491058      1.0758125206277145E-6
0.3306348871967373        0.17029884463270076      1.0028192129931736E-6
0.3451459161671171        0.16251950606740365      9.344573727428847E-7
0.34012858365967896       0.17043022964722968      9.919584851028673E-7
0.35361660034440623       0.16303075237265163      9.267728033824341E-7
0.3620882310377956        0.1614214324187821       9.052238438911738E-7
0.3757571321340278        0.15348494205153704      8.385481503936901E-7
0.37169741798883127       0.16153209584260103      8.92097799555355E-7
0.3850696216376261        0.15343673656906728      8.250088411279054E-7
0.39425971775186874       0.153453538143351        8.114772030306913E-7
0.40937888449984783       0.14711897450247804      7.53978919454425E-7
0.40216455897156567       0.15315029150966505      7.97710086779896E-7
0.42446406617697735       0.13712313226640938      6.795770206348698E-7
0.4191830252620987        0.14502296600999276      7.281707838615212E-7
0.44498466146380294       0.12109868361969885      5.723772763979554E-7
0.43987769700908513       0.12905370850248024      6.177531589209377E-7
0.434669706206511         0.13703757565800265      6.645419771678448E-7
0.46499922413243533       0.10515521979868518      4.7391263206121555E-7
0.4600037467729722        0.11313845267672304      5.163046797484236E-7
0.47498928846554916       0.10516767331366696      4.628757620232708E-7
0.4550034705319217        0.12107715005432196      5.595087388125572E-7
0.5400000000000001        0.016194675050769013     6.013172978056895E-8
0.5350000000000001        0.024292012576153533     9.144930634610736E-8
0.5300000000000001        0.03238935010153804      1.2360532694527966E-7
0.5250000000000001        0.040486687626922535     1.5660450419433918E-7
0.5200000000000001        0.04858402515230703      1.9045310234530692E-7
0.5150000000000001        0.056681362677691555     2.2515907551570674E-7
0.5100000000000001        0.06477870020307608      2.6073220808083156E-7
0.504999866886207         0.07287578610503409      2.9718333183051774E-7
0.4999991567912694        0.08097159988136528      3.3452246851241964E-7
0.49499692214103597       0.08906262314886608      3.7275181120736643E-7
0.4899911687462035        0.09713966572307035      4.1185237955264477E-7
0.4849799534502947        0.1051875199127927       4.517801024325551E-7
0.555                     0.008097337525384496     2.881703927467125E-8
0.56                      0                        0
0.55                      0.01619467505076901      5.846316438297102E-8
0.20000000000005355       0.26761064989850625      1.918503519771873E-6
0.19500000000000683       0.27570798742385183      2.012265544110596E-6
0.21500000000109412       0.25951331237404573      1.8425020916300803E-6
0.2100000000002167        0.2676106498986442       1.9341341664524866E-6
0.19000000000000053       0.28380532494923133      2.1107087223989306E-6
0.18500000000000005       0.2919026624746155       2.2142552127596825E-6
0.18000000000000005       0.3                      2.32335608345571E-6
0.24499999673955977       0.22712415546660872      1.5168152818214971E-6
0.23999999905499736       0.2352213581266758       1.5947367026880045E-6
0.2350000000317793        0.243318637352992        1.6759412934799205E-6
0.23000000001356216       0.25141597486038575      1.7607442387711323E-6
0.22500000000402068       0.25951331237669245      1.8494966533367105E-6
0.26000000000000006       0.21902662474615497      1.4399022845581032E-6
0.25500000000000006       0.2271239622715394       1.5153094832338481E-6
0.28000000000000025       0.20283194969538607      1.2915655368537975E-6
0.2750000000000002        0.2109292872207705       1.3617449030398903E-6
0.2700000000000002        0.21902662474615497      1.4345020827915196E-6
0.29499940041345135       0.19473519612155177      1.2155996055186093E-6
0.2899995247163578        0.20283229516357051      1.2832937628742651E-6
0.31014169845402584       0.1866021460387569       1.1396385863915235E-6
0.3049970728478436        0.19473649839798987      1.2052814683499123E-6
0.3253111992532504        0.17846960104970566      1.0645874980966985E-6
0.3199992358906013        0.1866341962147842       1.128198553325741E-6
0.3350329878765648        0.17853240641016177      1.0524860559938572E-6
0.3493420065744117        0.17056056259896815      9.803575474558621E-7
0.3446592296609517        0.17855007555475874      1.0389610434786348E-6
0.35844979746492095       0.170370387064472        9.65949088289761E-7
0.3676971400293384        0.16990522110917802      9.488919506178873E-7
0.380620406979342         0.16132490143218234      8.774109311129081E-7
0.3763826429816537        0.16938687872062633      9.318445604460819E-7
0.3897398159957348        0.16121279082739695      8.624574703897282E-7
0.41650094573195234       0.1523544451141493       7.708664497637261E-7
0.39931383496157385       0.16166686892435211      8.494429255271525E-7
0.4095430658031719        0.15811097653797615      8.129683647014259E-7
0.4293640278955944        0.1451051333400214       7.130994155361727E-7
0.424379687605125         0.1525432179714069       7.591516286859274E-7
0.4499786437855723        0.12898660431131223      6.036502681260234E-7
0.4448312720976802        0.13687304007123277      6.489404322000313E-7
0.43963815256530553       0.1449014882864817       6.961454999166894E-7
0.46998965012602356       0.1131543446404804       5.043963465006979E-7
0.4650024505608368        0.12108148120103933      5.466292009165946E-7
0.4799668643869852        0.11318859244821053      4.924731064410055E-7
0.4599962993656072        0.12892916891263137      5.895405185434302E-7
0.545                     0.024292012576153533     8.894032102546508E-8
0.5400000000000001        0.03238935010153804      1.2025160438876086E-7
0.5350000000000001        0.040486687626922535     1.524013855104652E-7
0.5300000000000001        0.04858402515230703      1.8539543907334586E-7
0.5250000000000001        0.056681362677691555     2.192410727417134E-7
0.5200000000000001        0.06477870020307606      2.5394725821554837E-7
0.5149999502681654        0.07287594271537225      2.895244246891556E-7
0.5099995695898946        0.08097233214454529      3.259824559758774E-7
0.5049978564704974        0.08906531688361885      3.633265854880386E-7
0.48995419186662287       0.11323133917134169      4.804974478195018E-7
0.49999178884594525       0.09714832489806711      4.0154945077842154E-7
0.4949770168718679        0.10520973636435965      4.406258309327242E-7
0.5650000000000001        0.008097337525384501     2.7988874641797595E-8
0.5700000000000001        0                        0
0.56                      0.01619467505076901      5.680167148662976E-8
0.555                     0.024292012576153543     8.644026328947823E-8
0.5750000000000001        0.0080973375253845       2.716591625021296E-8
0.5800000000000001        0                        0
0.20500000000002916       0.27570798742386987      2.030352245154168E-6
0.20000000000000218       0.28380532494923266      2.131609075896239E-6
0.22000000000085107       0.26761064989918987      1.9425917495330504E-6
0.21500000000012198       0.27570798742394576      2.0404701704389073E-6
0.19500000000000006       0.2919026624746155       2.2384059668619397E-6
0.19000000000000006       0.3                      2.35129665358828E-6
0.24999999995690855       0.23522130991537704      1.593768855146855E-6
0.24500000009736392       0.24331863741760087      1.6755691316074004E-6
0.24000000004443722       0.25141597488986656      1.7610334118763116E-6
0.23500000001413687       0.25951331238600284      1.8505231883079727E-6
0.23000000000321696       0.2676106499012684       1.944444773393433E-6
0.265                     0.2271239622715394       1.5100699717058431E-6
0.2600000003405952        0.23522130014311937      1.588707705865072E-6
0.2850000000000001        0.21092928722077062      1.353353871547204E-6
0.28000000000000014       0.21902662474615506      1.4259907029428617E-6
0.2750000000000003        0.2271239622715394       1.5014300638591839E-6
0.29999806361144205       0.20283316305167773      1.272659454226683E-6
0.294999684273253         0.2109295627220353       1.3423834505498804E-6
0.3149930645787547        0.19473916925637894      1.1930159721979126E-6
0.30999443448802205       0.2028348191573033       1.2598995615373905E-6
0.329978383190121         0.18663650467272622      1.1148010868168462E-6
0.32497372336406305       0.19473693900069053      1.1789812048073385E-6
0.33981580337014333       0.1866335051786665       1.1001536537380276E-6
0.35405191214939524       0.17846242488729325      1.0240342275358326E-6
0.34950248298840964       0.18660401398187135      1.0843495432179568E-6
0.3722742051936145        0.17768153767148967      9.888983856107672E-7
0.3632998624137165        0.17818413177960424      1.0072629394262196E-6
0.38507544553797796       0.16889579250859577      9.145223542170856E-7
0.3809185021351487        0.17697619203012216      9.694206796160186E-7
0.39352809933194616       0.16844356815136408      8.974779675123391E-7
0.4000297734052413        0.16992345657011887      8.944192183779826E-7
0.41903005390493436       0.15930528082018308      8.034135465265609E-7
0.4061733577563017        0.1671690014599092       8.681716361747756E-7
0.4141854897569542        0.1661674574468938       8.484364389062842E-7
0.4272689879020351        0.160133992773117        7.935128783409508E-7
0.4344600773797186        0.15381404044803373      7.490008009222456E-7
0.4343031718936884        0.16201778537732525      7.906942934522461E-7
0.45493940208139116       0.1367290703674128       6.333486451496823E-7
0.4498385941016438        0.14449742511328187      6.781612152681861E-7
0.4446499790291798        0.15207168303785557      7.233025959318249E-7
0.47497631996317424       0.12111141654990168      5.337770058672113E-7
0.4700183246197906        0.12893609638973458      5.755944348550014E-7
0.4849461601275737        0.12117801343388894      5.210011835577651E-7
0.46500627224980146       0.13667398875164907      6.18108241364584E-7
0.55                      0.03238935010153804      1.1690754869471002E-7
0.545                     0.040486687626922535     1.482075704201102E-7
0.5400000000000001        0.04858402515230703      1.803456346584191E-7
0.5350000000000001        0.056681362677691555     2.1332843172606512E-7
0.5300000000000001        0.06477870020307606      2.4716415803902423E-7
0.5250000000000001        0.07287603772846056      2.8186263954062487E-7
0.5199998295276775        0.08097279199482471      3.174333162497907E-7
0.5149988169648746        0.08906737441739031      3.538839209841342E-7
0.5099940382646283        0.0971556007995034       3.9121595515410554E-7
0.49493172788941586       0.12126328723685058      5.082208089473675E-7
0.4999574128970939        0.11327340861990208      4.684519272058724E-7
0.5049806762471071        0.10522929797757857      4.29419000267747E-7
0.5700000000000001        0.016194675050769006     5.514960494807322E-8
0.5650000000000001        0.024292012576153526     8.39528646812806E-8
0.56                      0.03238935010153804      1.1357840380590675E-7
0.5850000000000001        0.0080973375253845       2.634914172183415E-8
0.5900000000000001        0                        0
0.5800000000000001        0.016194675050769        5.350904461398781E-8
0.5950000000000001        0.008097337525384496     2.5539404800821458E-8
0.6000000000000001        0                        0
0.21000000000000943       0.28380532494923855      2.143626769299252E-6
0.20500000000000007       0.2919026624746155       2.252618260831809E-6
0.22500000000049347       0.27570798742425473      2.043256287100382E-6
0.22000000000004113       0.2838053249492645       2.1474761196237475E-6
0.2000000000000001        0.3                      2.3680719586979488E-6
0.2550000002830346        0.24331863760311181      1.6707043437710324E-6
0.2500000001373773        0.2514159749797625       1.7563832778776441E-6
0.24500000004696643       0.2595133124167657       1.8461074766425581E-6
0.2400000000115914        0.26761064990882283      1.940285802706257E-6
0.23500000000190774       0.2757079874254554       2.039380660831736E-6
0.27000000090110504       0.23522130073020056      1.5799267940881212E-6
0.2650000007784473        0.24331863810540794      1.6617651968189346E-6
0.28999999999999987       0.21902662474615509      1.414663653815566E-6
0.2850000000000001        0.22712396227153975      1.4897185724865337E-6
0.2800000023367239        0.23522130227615948      1.5677929536815295E-6
0.3049977896460825        0.21093095221579994      1.3291000248507108E-6
0.29999984687602815       0.21902694584148996      1.400809949155001E-6
0.3199857888013128        0.20283605531071802      1.2452339458563242E-6
0.3149940222145695        0.2109325381747742       1.3137446991918717E-6
0.33491714825504343       0.19473792106789967      1.1634716078360622E-6
0.32996842538590304       0.20283735551367568      1.2288877425914134E-6
0.3448045882497698        0.19474010938458147      1.1467008526432193E-6
0.3590574415465302        0.18650475895246044      1.0672858844149817E-6
0.3546141221737098        0.19472733680256588      1.128790541687727E-6
0.37706968803286217       0.18545106555930788      1.02758422398457E-6
0.36825403898217735       0.18617216760517497      1.0485622760966487E-6
0.3892554330298145        0.17602659522625547      9.487649849507687E-7
0.3854311922280665        0.18440342970268706      1.0052008384704017E-6
0.396467318873414         0.17595543777752642      9.350423097573333E-7
0.4043655433691577        0.1752009019002835       9.159455745987011E-7
0.4223021466303674        0.16652159507755546      8.356325739616557E-7
0.41127495630415756       0.1743459732643723       8.981002177363248E-7
0.41805300974675486       0.17223038633086246      8.737765148440789E-7
0.43017883942329155       0.16747469014381686      8.260504852633328E-7
0.44161653476710183       0.15992498235002844      7.671661251453182E-7
0.4381732457523167        0.16764704053336035      8.119402748874482E-7
0.4599456107568157        0.14435813255660115      6.614938670522602E-7
0.4550112546502832        0.15202506920910241      7.056678909216621E-7
0.4506386582812844        0.15973098560399362      7.50119612852558E-7
0.47997365682560295       0.1290209704797074       5.619891055175904E-7
0.47513652972038056       0.13673956936124793      6.032167097303703E-7
0.4899045655423866        0.1291728377552862       5.486279486521705E-7
0.4699740330971324        0.1443218413847519       6.453326421459074E-7
0.555                     0.040486687626922535     1.4402995065453947E-7
0.55                      0.04858402515230703      1.7531236477261186E-7
0.545                     0.056681362677691555     2.0743174914249145E-7
0.5400000000000001        0.06477870020307606      2.403955633938877E-7
0.5350000000000001        0.07287603772846056      2.742127380343873E-7
0.5299999465536652        0.08097308058268012      3.088927126710864E-7
0.5249994707504856        0.08906893285946749      3.4444456129459087E-7
0.519996493365997         0.09716109128911575      3.808745923584213E-7
0.5149872175222733        0.10524422565181399      4.181819769420207E-7
0.49990434684302226       0.1293200115570885       5.35090931880757E-7
0.5049435657979279        0.12133643084252012      4.953202044798673E-7
0.5099693133049878        0.11330801778614485      4.5634627344650396E-7
0.5750000000000001        0.02429201257615352      8.148143244850684E-8
0.5700000000000001        0.03238935010153804      1.1026883001678629E-7
0.5650000000000001        0.040486687626922535     1.3987466561487628E-7
0.5900000000000001        0.016194675050769006     5.188181403854506E-8
0.5850000000000001        0.024292012576153526     7.902887650002552E-8
0.6050000000000001        0.008097337525384501     2.4737443843913776E-8
0.6100000000000001        0                        0
0.6000000000000001        0.01619467505076901      5.0269497756325944E-8
0.6150000000000001        0.0080973375253845       2.394389001946213E-8
0.6200000000000001        0                        0
0.21500000000000008       0.2919026624746155       2.257693029948661E-6
0.21000000000000008       0.3                      2.3745784386858316E-6
0.23000000000017345       0.28380532494937566      2.1439173130438364E-6
0.22500000000000012       0.2919026624746155       2.254495288731143E-6
0.2600000003949345        0.25141597523116843      1.747263436769981E-6
0.2550000001442778        0.25951331250944343      1.836778736463845E-6
0.2500000000392369        0.2676106499346855       1.9307136861509246E-6
0.2450000000069267        0.2757079874298137       2.0295239315174506E-6
0.24000000000069735       0.28380532494982685      2.1337276133096288E-6
0.2750000020347066        0.24331863940077672      1.6491624821504628E-6
0.2700000010372313        0.2514159758587506       1.734135451381456E-6
0.29499996647782506       0.22712404456076232      1.4752545014195256E-6
0.2900000060825777        0.23522130646264008      1.552661127323754E-6
0.28500000512687057       0.2433186426525349       1.6332933064107144E-6
0.30999897138339993       0.21902838846278774      1.384710874923621E-6
0.3049999421477627        0.22712408384875227      1.4583411760431226E-6
0.3249861635898899        0.21093378727954026      1.2965533447975941E-6
0.3199969866524235        0.2190295191217172       1.3666159187233652E-6
0.3399503617284029        0.2028401291793929       1.2110600633433605E-6
0.3349738658764263        0.21093490850576124      1.2777516095693075E-6
0.34986084894687136       0.20285659450079416      1.192160497872769E-6
0.36425558500855854       0.19466420255091038      1.1098773110675343E-6
0.3597265698012137        0.20289810467314884      1.1723971954513986E-6
0.3819505173628554        0.19291768774457968      1.0632292489824858E-6
0.3735491844360719        0.1945345997738787       1.0904369480761616E-6
0.39331857453373714       0.18362587448498846      9.85177433423787E-7
0.39006147173381883       0.19141615961910965      1.0373499166501575E-6
0.4009434541159745        0.18310846445355694      9.670185937518241E-7
0.40885693552970825       0.18203761358056586      9.450700857028006E-7
0.4252626373226581        0.17395906762716812      8.69028186683232E-7
0.4182345827618096        0.18043276071397854      9.173046990961934E-7
0.43376284703868356       0.17456865947437494      8.554623963927982E-7
0.44667880171931024       0.1672474187874022       7.938879470817368E-7
0.4424932249614732        0.17467338292334478      8.386067176843811E-7
0.4648919119683883        0.1518760984819537       6.882451914308E-7
0.46009935367386023       0.1596078195243565       7.325466614273149E-7
0.45572679093757285       0.16703421807780616      7.756803842227795E-7
0.4848847862806345        0.13691842691932246      5.893089769182573E-7
0.4798675823422047        0.14415666594020793      6.287531481405206E-7
0.49482600080438144       0.13725466039247744      5.757005374317628E-7
0.474826872333627         0.1517607931362529       6.708359574226375E-7
0.56                      0.04858402515230703      1.703033743887829E-7
0.555                     0.05668136267769153      2.0156050244122063E-7
0.55                      0.06477870020307608      2.3365281163056657E-7
0.545                     0.07287603772846056      2.665883850198703E-7
0.5399999930869167        0.08097332317860133      3.0037654610757817E-7
0.5349999704893339        0.0890703825474698       3.350276883364207E-7
0.5299983439525274        0.09716475305940693      3.705467351787901E-7
0.5249935165556789        0.10525470638650533      4.069432695305692E-7
0.5199825885165585        0.11333168825225219      4.442038429690734E-7
0.5048891500960461        0.13744322867747083      5.61225392462416E-7
0.5099382144672512        0.12940911680499512      5.212451153772792E-7
0.5149647289149988        0.12138319102055761      4.822977752886832E-7
0.5800000000000001        0.03238935010153804      1.0698294045220485E-7
0.5750000000000001        0.040486687626922535     1.3574714869470504E-7
0.5700000000000001        0.04858402515230703      1.6532553432394408E-7
0.5950000000000001        0.024292012576153543     7.659773576483736E-8
0.5900000000000001        0.03238935010153804      1.0372433683834355E-7
0.6100000000000001        0.016194675050769006     4.867345800800527E-8
0.6050000000000001        0.024292012576153526     7.419020378229529E-8
0.6250000000000001        0.0080973375253845       2.3159275180169355E-8
0.6300000000000001        0                        0
0.6200000000000001        0.016194675050769        4.709485083921282E-8
0.6350000000000001        0.008097337525384496     2.2384039384049195E-8
0.6400000000000001        0                        0
0.2200000000000001        0.3                      2.3718026460558135E-6
0.2350000000000001        0.29190266247461544      2.243917061587744E-6
0.23000000000000012       0.3                      2.360773564784767E-6
0.2650000003914643        0.2595133127458529       1.8230576732629091E-6
0.2600000001218619        0.2676106500166608       1.9163184853517654E-6
0.2550000000228252        0.27570798744399155      2.014358078416139E-6
0.2500000000026068        0.28380532495152033      2.117676499480626E-6
0.24500000000000002       0.2919026624746155       2.226844827646885E-6
0.28000000247707485       0.2514159772560352       1.7174452057498677E-6
0.27500000081700204       0.2595133131184974       1.8054469746564855E-6
0.3000000037605817        0.2352213441939964       1.5348706370444457E-6
0.2950000135712987        0.2433186542341651       1.6145364274272077E-6
0.29000000583449614       0.2514159878100389       1.6976172439300968E-6
0.31499888856502256       0.22712522649714892      1.4392780795555078E-6
0.3100000393300846        0.23522134736928213      1.5147411959471293E-6
0.3299926158169639        0.2190296351721825       1.3467678878567946E-6
0.3249976923062484        0.2271258123127162       1.4183208927084404E-6
0.3449557860227748        0.2109369434002601       1.2575583751118724E-6
0.33998440082219994       0.2190294679647612       1.3254053215431236E-6
0.3548831300238147        0.21099342093423576      1.2366357885656306E-6
0.36986169394429297       0.20302011461660066      1.1515963402866277E-6
0.3647972601727402        0.21111698971565143      1.2151301316337576E-6
0.3875037744251818        0.1977756866406913       1.0806125378507327E-6
0.3802293192377042        0.20216143363443492      1.1233437419705294E-6
0.3977525772213349        0.190845160130795        1.017781151436103E-6
0.3942039364389966        0.1983621857453653       1.0691923252135024E-6
0.405757426962214         0.1903582005731619       9.978713877708784E-7
0.41420487388461413       0.18987093131859123      9.768658589747724E-7
0.428476598895999         0.1820240866966708       9.045988801380707E-7
0.42358486891087077       0.1894716124309832       9.541780987930167E-7
0.4379393322334156        0.18212420554146908      8.85247887761851E-7
0.4514243556161121        0.17447390323587972      8.197256160611073E-7
0.44697340274514236       0.1819892338211939       8.654680870422535E-7
0.4694943472986111        0.1591829350806572       7.136659503646789E-7
0.4648295741244081        0.16681085374856885      7.572931844420242E-7
0.46043154183423696       0.17421523339140788      8.003805779174795E-7
0.48961311728156104       0.14513832485304154      6.173241400471226E-7
0.48445423498462653       0.15197029967152142      6.55350367518037E-7
0.49976593266329356       0.14552220595185034      6.025074399539541E-7
0.4783814362211829        0.15870728555353708      6.955394573061298E-7
0.5650000000000001        0.056681362677691555     1.9572311706288395E-7
0.56                      0.06477870020307606      2.2694600003147138E-7
0.555                     0.07287603772846057      2.590014668517825E-7
0.55                      0.08097337525384507      2.918980789986824E-7
0.545                     0.08907071277922957      3.256457732998616E-7
0.5399993519470425        0.09716659767995424      3.6025126034643513E-7
0.534998334434843         0.10526199110926987      3.957307650759068E-7
0.5299913888196635        0.11334403856922487      4.3205691296133336E-7
0.5249811382872882        0.12140864206389962      4.6922648432495496E-7
0.5099483607435683        0.14559856460418183      5.863453404079855E-7
0.514955757494414         0.1374905912081952       5.461758644027998E-7
0.5199680657387136        0.12945083226793         5.072357947217061E-7
0.5850000000000001        0.040486687626922535     1.3165217282457848E-7
0.5800000000000001        0.04858402515230703      1.6038489696891803E-7
0.5750000000000001        0.056681362677691555     1.89927032830802E-7
0.6000000000000001        0.03238935010153804      1.0049614431582492E-7
0.5950000000000001        0.040486687626922535     1.2759389489836225E-7
0.6150000000000001        0.02429201257615352      7.180815338986109E-8
0.6100000000000001        0.03238935010153804      9.730104509747832E-8
0.6300000000000001        0.016194675050769006     4.553464151332791E-8
0.6250000000000001        0.024292012576153526     6.945316040712805E-8
0.6450000000000001        0.008097337525384501     2.1618538046313847E-8
0.6500000000000001        0                        0
0.6400000000000001        0.01619467505076901      4.3993619196567116E-8
0.6550000000000001        0.0080973375253845       2.0863048711890765E-8
0.6600000000000001        0                        0
0.006513432277203091      0.7067786982076985       1.1216866047087177E-7
0                         0.71                     0
0                         0.7                      0
0.24000000000000007       0.3                      2.3425192873964023E-6
0.27000000033275734       0.26761065025245584      1.8976695106278225E-6
0.26500000006278157       0.27570798748088293      1.994531152717493E-6
0.2600000000085849        0.28380532495701033      2.096505886166776E-6
0.25500000000000006       0.2919026624746155       2.2041334489772016E-6
0.2500000000000001        0.3                      2.3180320448952718E-6
0.2850000024584245        0.25951331594979643      1.7844242646076413E-6
0.2800000007296587        0.26761065086959607      1.8753065003695712E-6
0.3050000221815253        0.24331870793057256      1.5932491486583083E-6
0.3000000019001483        0.25141603580389177      1.6750509121011674E-6
0.2950000002256533        0.25951333718579783      1.7604373969443126E-6
0.3199996995702161        0.23522220786763814      1.4925807528397245E-6
0.3150000856470334        0.2433187310640081       1.569763924612158E-6
0.3349974649604187        0.2271255233768752       1.3957170964016734E-6
0.32999982276288836       0.2352234477093539       1.4686615438989787E-6
0.34996599371767045       0.21903220823643346      1.3027784285712694E-6
0.3449957357077561        0.22712781455330763      1.3717307915929096E-6
0.35990630196292056       0.2191325205743626       1.2797945499762307E-6
0.37466722742197867       0.21122332318354964      1.1927038933996978E-6
0.3697338590200708        0.21943516739507998      1.2574379459629589E-6
0.3894428022223478        0.20523173772971992      1.1208281145625032E-6
0.3841065136720448        0.21210652914222683      1.175341006123481E-6
0.40223499483833297       0.1981957697515457       1.0500425985698216E-6
0.39822754260816107       0.20591001151164415      1.1039013478589268E-6
0.41066215306397913       0.19792092046992843      1.0291463084375246E-6
0.4195540764264865        0.19757526142551762      1.0066220632721668E-6
0.4332053061121934        0.18967919886479964      9.33973890606949E-7
0.42877724685357654       0.19747674052197675      9.845114239802449E-7
0.4424761127537431        0.18963310034374325      9.130512992813983E-7
0.45598458216844645       0.18174549501486975      8.45163537819053E-7
0.4515195804228954        0.18929326056393858      8.911298401745807E-7
0.4739335671491129        0.16631571168591008      7.376950263202547E-7
0.46936494874008866       0.17383801560564352      7.806648342706266E-7
0.4648566897909317        0.1814351771289466       8.248642878795236E-7
0.485910849075419         0.159513129360013        6.854922091748754E-7
0.4938801666142259        0.15500769024286976      6.520858288819591E-7
0.504981997270547         0.1539852045502266       6.285741814688174E-7
0.48304958276819115       0.1660065546663278       7.190012978042812E-7
0.5700000000000001        0.06477870020307608      2.202840634279256E-7
0.5650000000000001        0.07287603772846056      2.5146252045008757E-7
0.56                      0.08097337525384506      2.8347007339351185E-7
0.555                     0.08907071277922957      3.1631561846206214E-7
0.549999776052508         0.09716737008556554      3.500071584935588E-7
0.5449989354462151        0.10526216890293888      3.845524269586423E-7
0.5399958416023888        0.11335012201360728      4.199480359339777E-7
0.5349898799867615        0.12142268676279162      4.561771779809384E-7
0.5299827102446363        0.129474085048076        4.932304425158664E-7
0.5150750906689031        0.15358641074297033      6.096229427586031E-7
0.5200053929725353        0.1455277494839013       5.698619633734513E-7
0.5249787865154506        0.13750507733443015      5.311191221393499E-7
0.5900000000000001        0.04858402515230703      1.5548675076306756E-7
0.5850000000000001        0.056681362677691555     1.841787689683409E-7
0.5800000000000001        0.06477870020307608      2.1367485032920308E-7
0.6050000000000001        0.040486687626922535     1.235758988106135E-7
0.6000000000000001        0.04858402515230703      1.5063567306075638E-7
0.6200000000000001        0.03238935010153804      9.41413108192794E-8
0.6150000000000001        0.040486687626922535     1.19601236895277E-7
0.6350000000000001        0.024292012576153543     6.712652624309401E-8
0.6300000000000001        0.03238935010153804      9.101883347314524E-8
0.6500000000000001        0.016194675050769006     4.247241088881802E-8
0.6450000000000001        0.024292012576153526     6.482929937796936E-8
0.6650000000000001        0.008097337525384498     2.0117777444169212E-8
0.6700000000000002        0                        0
0.6600000000000001        0.016194675050769        4.097149458645725E-8
0.6750000000000002        0.008097337525384496     1.9382864830492407E-8
0.6800000000000002        0                        0
0.009999999999999995      0.7                      1.8097237879434835E-7
0.007455439359037934      0.7150809677285389       1.2071109881882867E-7
0                         0.72                     0
0.015111722026977522      0.7088125233099535       2.559400284623994E-7
0.27500000010132064       0.27570798752020775      1.970656110055225E-6
0.2700000000210098        0.28380532496896543      2.0709157582669993E-6
0.26500000000000007       0.2919026624746155       2.176587356408582E-6
0.26000000000000006       0.3                      2.2882429440075186E-6
0.29000000085229605       0.2676106564549337       1.8497337457886105E-6
0.28500000055561964       0.27570798897543536      1.94330346900613E-6
0.30999997627549186       0.25141616304047637      1.6501178186534083E-6
0.30499997682270097       0.25951340225058644      1.7339015337461155E-6
0.2999999940897701        0.26761067265033495      1.8214166480559716E-6
0.3249998768068248        0.2433203604176112       1.544402914136656E-6
0.3199998992567463        0.25141651729962544      1.6231614095071653E-6
0.3400025288998482        0.23522495789374964      1.4432334274488068E-6
0.33499995750969946       0.24332369280374486      1.5174472146326195E-6
0.35497351975308095       0.22713284170433465      1.346624746420553E-6
0.3500109988644362        0.23524326064930373      1.416639385041236E-6
0.36490549962840335       0.22739954698007678      1.3223929581967252E-6
0.37921326444435666       0.21997081928946438      1.2365697452417705E-6
0.37490157103004607       0.22776905455576404      1.29771483504713E-6
0.38747175159702146       0.2195441253269126       1.2122862061140434E-6
0.39358978752890034       0.2145877187078607       1.166496808268965E-6
0.406885246572163         0.20567996544379616      1.0815760510943226E-6
0.4030118486629766        0.21339856111355882      1.135306465375525E-6
0.41559222753026887       0.20544346838117225      1.0589031202478863E-6
0.4245030883156098        0.2052678954304536       1.0359198443524617E-6
0.4379776770255551        0.19734544765395456      9.62157916577059E-7
0.43361975707685374       0.20507973472076424      1.0122628788021864E-6
0.4468809177143047        0.19701972153557248      9.394904620494444E-7
0.4557379574185608        0.19668480760019624      9.16936684369234E-7
0.46047849817638603       0.18908343273662698      8.700558015208587E-7
0.4784807872188249        0.17334435700775702      7.601546167906185E-7
0.47363490225589044       0.18100352312563642      8.042907500813169E-7
0.4690892875142111        0.18874479367769803      8.49223125976779E-7
0.4915698518249208        0.16444240639787067      6.962027885255609E-7
0.5005694819429756        0.16277136532489922      6.724781781297342E-7
0.5104164611578825        0.16171527086334767      6.501377462002572E-7
0.4875167412304527        0.17255876504539125      7.386987593226473E-7
0.5750000000000001        0.07287603772846057      2.439808211986909E-7
0.5700000000000001        0.08097337525384507      2.7510351490241494E-7
0.5650000000000001        0.08907071277922957      3.070508526252457E-7
0.5599999296328747        0.09716772130938074      3.398308518850203E-7
0.5549994181807038        0.10526314957054227      3.734498246484073E-7
0.549997510400885         0.11335356792993011      4.079082308595707E-7
0.5449934756821339        0.1214323476686982       4.431957603725346E-7
0.5399873492879816        0.1294927722657012       4.79301160658517E-7
0.5349763451807868        0.13752777630671378      5.16216258101725E-7
0.5199755877628642        0.16126739048895888      6.310445486472011E-7
0.5249540301554237        0.15348434550374881      5.923717627151841E-7
0.5299628012807421        0.14553330151773802      5.53937284703101E-7
0.5950000000000001        0.05668136267769153      1.78483987296455E-7
0.5900000000000001        0.06477870020307608      2.0712519701962694E-7
0.5850000000000001        0.07287603772846057      2.3656446859256554E-7
0.6100000000000001        0.04858402515230703      1.4583558111378164E-7
0.6050000000000001        0.056681362677691555     1.728475532621281E-7
0.6250000000000001        0.040486687626922535     1.1567246960935878E-7
0.6200000000000001        0.04858402515230703      1.4108978096196835E-7
0.6400000000000001        0.03238935010153804      8.793515484492306E-8
0.6350000000000001        0.040486687626922535     1.1179170335140814E-7
0.6550000000000001        0.02429201257615352      6.25622956914903E-8
0.6500000000000001        0.03238935010153804      8.489149441050157E-8
0.6700000000000002        0.016194675050769        3.9491211674111274E-8
0.6650000000000001        0.02429201257615352      6.032611762711119E-8
0.6850000000000002        0.008097337525384498     1.865839160895355E-8
0.6900000000000002        0                        0
0.6800000000000002        0.016194675050769        3.803177855117755E-8
0.6950000000000002        0.0080973375253845       1.79443839243228E-8
0.7000000000000002        0                        0
0.007804200259016912      0.7249516496573833       1.1740445546610031E-7
0                         0.73                     0
0.01999999999999999       0.7000000000000001       3.610335853135468E-7
0.01535749107585993       0.7198687546004775       2.3957720640458927E-7
0.02249659970455658       0.7154431967741551       3.6183023025644324E-7
0.02555695198758027       0.7080804112658869       4.3360703832997643E-7
0.2800000000000001        0.283805324949231        2.0415548848087444E-6
0.2750000000000001        0.2919026624746155       2.1449485983976315E-6
0.27000000000000013       0.3                      2.25400637368582E-6
0.29500000001928267       0.27570799282845304      1.912997202985651E-6
0.29000000024802236       0.283805325744743        2.0090158752347296E-6
0.3149998395624022        0.2595136549129788       1.705198952566349E-6
0.3099999489805904        0.2676107414412026       1.7907806886298832E-6
0.30499999096924746       0.2757080057729642       1.8802133202317008E-6
0.3299987257095372        0.2514197710020515       1.5945186362012667E-6
0.3249991921990797        0.25951474937639274      1.6746827494492976E-6
0.3449994150723413        0.2433370969009104       1.4892177346631735E-6
0.33999571886028285       0.25142817697478853      1.5644908906659208E-6
0.35997937360973886       0.2353373956201334       1.3896135360095842E-6
0.3550000036747579        0.24335635509097459      1.4599056486855287E-6
0.3699197206877296        0.23562567532634904      1.3630499157952238E-6
0.3857088324224295        0.22811417181867927      1.2697738669844142E-6
0.3799232954735705        0.23607723470726472      1.3365189992017552E-6
0.39423937377332763       0.22402427369821468      1.2210629585215357E-6
0.40033154665556636       0.2201827042002644       1.1816966797221523E-6
0.3948248795920205        0.2318753967766854       1.266401366704038E-6
0.41160287641776644       0.21318627796681633      1.1118490813826771E-6
0.40758493844896254       0.22077050376356042      1.1653077773656303E-6
0.5157077976850676        0.16886741830598195      6.68583787473836E-7
0.42035337879748763       0.2130207205000597       1.0880967666529175E-6
0.4292485321868833        0.21277183058778382      1.0634361151284647E-6
0.44245960963744313       0.2047440479761168       9.88521057968204E-7
0.43818110689619216       0.21242903163250218      1.0381908285910956E-6
0.4511145690276312        0.20441766507548567      9.653437389386395E-7
0.4593870392285397        0.20452894364673546      9.452723422952427E-7
0.4656323588301899        0.19698239081172172      8.949479985614206E-7
0.47338024742299406       0.1941758582862375       8.640454603371539E-7
0.4826059949538873        0.18058830567896753      7.835164238572561E-7
0.4775085934671849        0.18811786690590054      8.276523555712249E-7
0.4963652375024904        0.17161170046539964      7.171860276627981E-7
0.5061888116169376        0.16981383576704906      6.906361148087592E-7
0.491589013352408         0.17984972323806214      7.6150899860558E-7
0.5800000000000001        0.08097337525384507      2.6680785348186496E-7
0.5750000000000001        0.08907071277922957      2.9786236169892493E-7
0.56999999081793          0.09716799317059602      3.297358510627312E-7
0.5649997162781076        0.10526421667398707      3.6243432832866686E-7
0.5599981537167865        0.11335674891473242      3.959601405503905E-7
0.554994175525234         0.12144010878572091      4.30306926377463E-7
0.5499868909708385        0.12950721401768903      4.6546301958180224E-7
0.5449734110870514        0.13755262000347188      5.01425980925596E-7
0.5399487217125801        0.14557427370602924      5.382106418399349E-7
0.524375104051841         0.16908117878519657      6.529148292380078E-7
0.5197826900481824        0.17473551843203317      6.834820229444375E-7
0.5298010152944221        0.16142216761347372      6.139655424142879E-7
0.5349009247912481        0.1535649119960437       5.758273278768882E-7
0.6000000000000001        0.06477870020307606      2.0064099919396935E-7
0.5950000000000001        0.07287603772846057      2.2922046911376946E-7
0.5900000000000001        0.08097337525384507      2.585912851266485E-7
0.6150000000000001        0.056681362677691555     1.672735945323244E-7
0.6100000000000001        0.06477870020307608      1.9422728080239412E-7
0.6300000000000001        0.04858402515230703      1.3640101408301402E-7
0.6250000000000001        0.056681362677691555     1.6176555696098333E-7
0.6450000000000001        0.040486687626922535     1.0796062634416703E-7
0.6400000000000001        0.04858402515230703      1.3177150170318773E-7
0.6600000000000001        0.03238935010153804      8.188877566796273E-8
0.6550000000000001        0.040486687626922535     1.0418054254422001E-7
0.6750000000000002        0.02429201257615352      5.812117219591732E-8
0.6700000000000002        0.03238935010153804      7.892765090454277E-8
0.6900000000000002        0.016194675050769        3.659329750614646E-8
0.6850000000000002        0.02429201257615352      5.594768783595106E-8
0.7050000000000001        0.008097337525384498     1.7240818223525556E-8
0.7100000000000001        0                        0
0.7000000000000002        0.016194675050769006     3.517576685754087E-8
0.715                     0.008097337525384498     1.654762580310043E-8
0.7200000000000001        0                        0
0.007975750581776098      0.7349372304332892       1.1136486846292895E-7
0                         0.74                     0
0.016036520537427507      0.7298229451819958       2.3223465065947245E-7
0.029999999999999985      0.7                      5.392644352782086E-7
0.025063813391770627      0.7246270986517029       3.7606053544659863E-7
0.03068506326510089       0.7161912837014294       4.889037524424064E-7
0.035219215458507085      0.7081065449234217       5.943656851572176E-7
0.2850000000000001        0.2919026624746155       2.1098907743437583E-6
0.2800000000000001        0.3                      2.216092361361062E-6
0.2999999997476529        0.2838053276804371       1.9738336207371563E-6
0.29500000000000015       0.29190266247461544      2.0720174968311813E-6
0.3199997056409359        0.2676110058227594       1.7582124063982534E-6
0.3149999315324283        0.2757080542221883       1.8453805279632142E-6
0.3099999931849206        0.2838053334875514       1.936486266595557E-6
0.334996754636749         0.2595185649375445       1.6426845105583502E-6
0.3299985575750886        0.2676121419800236       1.7240654978460995E-6
0.3499868280382517        0.25144757885587515      1.5333862319557877E-6
0.344989478354236         0.2595281326504728       1.6095166786192E-6
0.3649333854360103        0.24351927500905257      1.4308640026388551E-6
0.3599622655160812        0.25149182009988696      1.501555820295186E-6
0.3747837076530467        0.24384252161292522      1.4023429096366812E-6
0.3893840737729147        0.23754719508331726      1.3171465096585532E-6
0.3844626313053423        0.24431776153880364      1.374636575759064E-6
0.40261692693856976       0.2284106836564138       1.2232116177031012E-6
0.3963020476808829        0.23850928273483663      1.301669122947457E-6
0.40095580806457554       0.23546079223480143      1.269306535357389E-6
0.41620437067840227       0.2207875651884648       1.141666581096307E-6
0.4119299158903741        0.2284052705125337       1.1961448557532756E-6
0.5122586965780179        0.17668541193301157      7.06128004319895E-7
0.42498918245044276       0.220645483237929        1.1165727171591978E-6
0.4338474222584889        0.22014097210165956      1.0893698306239795E-6
0.4469733766383031        0.21216436534394015      1.0137704827238138E-6
0.44292338108718676       0.21966200126129262      1.061833818226373E-6
0.4552434499193455        0.21135954181761138      9.88227878885133E-7
0.46164620431930314       0.21082377208814918      9.690437465385478E-7
0.46691066054272407       0.20683605825689783      9.371324801883315E-7
0.4734910789863509        0.20159001931070528      8.970539336777306E-7
0.4799564747621978        0.1960728886320906       8.571648503551882E-7
0.48690593219856304       0.18865559875105775      8.091361632942684E-7
0.5016442128268299        0.17972267397912628      7.400577893564646E-7
0.49557788733804053       0.1865663578845895       7.812280310037046E-7
0.5192818907132147        0.18166676113951208      7.112103939192481E-7
0.5850000000000001        0.08907071277922957      2.8875960778210994E-7
0.5800000000000001        0.09716805030461408      3.1973250132609216E-7
0.5749999514929223        0.10526518723527958      3.5151738708565537E-7
0.5699984194060327        0.11335937694995507      3.841158050216746E-7
0.5649938767289895        0.12144646125357285      4.1752575967389404E-7
0.5266047202029803        0.17738506188408854      6.800021486379711E-7
0.5599852439500252        0.1295190672241405       4.517345798121864E-7
0.5549714982899663        0.13757244887697812      4.86738970515957E-7
0.549959940894697         0.14562285600209623      5.22597524408511E-7
0.5449155388791288        0.1536400352307051       5.592745975125907E-7
0.5348863560944618        0.1708206230353394       6.394507554655027E-7
0.5398228800648871        0.1617346582079994       5.972210218086365E-7
0.6050000000000001        0.07287603772846056      2.2195481593820474E-7
0.6000000000000001        0.08097337525384506      2.504608431258796E-7
0.5950000000000001        0.08907071277922957      2.7975073274607425E-7
0.6200000000000001        0.06477870020307608      1.8788825986460526E-7
0.6150000000000001        0.07287603772846057      2.147725651814158E-7
0.6350000000000001        0.05668136267769153      1.5632625779918578E-7
0.6300000000000001        0.06477870020307608      1.8162741108873424E-7
0.6500000000000001        0.04858402515230703      1.2720298671336213E-7
0.6450000000000001        0.056681362677691555     1.5095793607180624E-7
0.6650000000000001        0.040486687626922535     1.0045240356949514E-7
0.6600000000000001        0.04858402515230703      1.226967731708094E-7
0.6800000000000002        0.03238935010153803      7.600852441433846E-8
0.6750000000000002        0.040486687626922535     9.677683865861926E-8
0.6950000000000002        0.02429201257615352      5.380573015220047E-8
0.6900000000000002        0.03238935010153804      7.313157419660797E-8
0.7100000000000001        0.016194675050768992     3.3779090384813636E-8
0.7050000000000001        0.02429201257615352      5.169521657004142E-8
0.725                     0.008097337525384498     1.58646970225682E-8
0.73                      0                        0
0.72                      0.016194675050769        3.2403086075984755E-8
0.008006237589342617      0.7449569762103735       1.0371129208078175E-7
0                         0.75                     0
0.01599790299269079       0.7398924695645749       2.1487805147880628E-7
0.023983293059304134      0.7347468893911102       3.338182922286001E-7
0.03999999999999998       0.7                      7.147129180888007E-7
0.03135292201338663       0.7317041239202693       4.4479459607993746E-7
0.035534804086758714      0.7246124969924838       5.301983403008117E-7
0.040322507897490874      0.7163226717699182       6.379160758828432E-7
0.045099835446315316      0.7081560513570225       7.555044718572733E-7
0.29000000000000004       0.3                      2.175185167027368E-6
0.30500000000000005       0.29190266247461544      2.0318640666543553E-6
0.30000000000000004       0.29999999999999993      2.1318861450453204E-6
0.3249996249141897        0.27570821449555694      1.8088827206229643E-6
0.319999947769613         0.2838053481305484       1.8973979052657345E-6
0.315                     0.29190266247461544      1.9899012281631458E-6
0.33999457287603413       0.26761526718514883      1.6886638694569772E-6
0.3349982472525348        0.27570870522671204      1.7710641921580697E-6
0.3549704582005127        0.2595489461792169       1.5754899769708222E-6
0.34998395879275873       0.26762175744339145      1.6523047630595537E-6
0.3698383411572586        0.2516600412420325       1.470131818198619E-6
0.36492422592608          0.25959070971910847      1.5409415073147012E-6
0.3796090099769441        0.2518813026765842       1.438776037899975E-6
0.39385052793044706       0.24454717057644093      1.3457896732462708E-6
0.3892042553214931        0.2520427693708523       1.4071616498828258E-6
0.4079022390373348        0.23565027547277853      1.2491880408002152E-6
0.40248976791938795       0.24310308160614127      1.3092645377810157E-6
0.4207765663981264        0.22868445286558714      1.1718322083655622E-6
0.41649702267351313       0.23612411248768594      1.2254275639266618E-6
0.5108596409636955        0.18536499788360045      7.433687590423096E-7
0.4295197728329718        0.22842114766399008      1.1448017111780978E-6
0.43850425725390757       0.22702145120909423      1.111378506543733E-6
0.4458393992134337        0.22603523570552025      1.0852453251999474E-6
0.4519056851793669        0.2203655266575589       1.0404463904523888E-6
0.46027100845433694       0.21712527725339012      1.0021497663230817E-6
0.46641886345156974       0.21426903946611134      9.724722355635878E-7
0.47340898023240774       0.21109695715274887      9.398313061555047E-7
0.4806993820023602        0.20483745625904404      8.937439922410277E-7
0.48781752424897246       0.19878739074814863      8.504064448127477E-7
0.49490792272107653       0.19414524577764303      8.143213944341902E-7
0.5027401237016705        0.18955385343313563      7.778117190725672E-7
0.5190562412646162        0.19008387591867978      7.440470277218042E-7
0.527129355221796         0.18574570078565894      7.102874503662208E-7
0.5900000000000001        0.09716805030461409      3.098306410766944E-7
0.5850000000000001        0.10526538782999857      3.4070756716447437E-7
0.5799986589258316        0.11336097106617953      3.723852858919245E-7
0.5749941181007078        0.12145144690886836      4.048641230193827E-7
0.5699852043425602        0.12952979479096205      4.3813241148418286E-7
0.5350051623182913        0.18088795725137943      6.760583276645499E-7
0.5649698821540549        0.13758823304361714      4.721774872704708E-7
0.5599448696777655        0.14562513840464625      5.070102350448708E-7
0.5548982570006261        0.15363232288149645      5.426353390036424E-7
0.5418343898017366        0.17667291089410747      6.472286712006641E-7
0.5498020154590724        0.1615677210518121       5.789718232811308E-7
0.5446314298709889        0.16939249032062254      6.159495167722903E-7
0.6100000000000001        0.08097337525384507      2.424224853907169E-7
0.6050000000000001        0.08907071277922957      2.708426573710445E-7
0.6000000000000001        0.0971680503046141       3.000383951039353E-7
0.6250000000000001        0.07287603772846057      2.0767790848203832E-7
0.6200000000000001        0.08097337525384507      2.3448117761430167E-7
0.6400000000000001        0.06477870020307606      1.7544752519491752E-7
0.6350000000000001        0.07287603772846057      2.006742417980592E-7
0.6550000000000001        0.056681362677691555     1.4566230008864197E-7
0.6500000000000001        0.06477870020307608      1.6935076489767306E-7
0.6700000000000002        0.04858402515230703      1.1825376339699761E-7
0.6650000000000001        0.056681362677691555     1.404405720950977E-7
0.6850000000000002        0.040486687626922535     9.315418269497256E-8
0.6800000000000002        0.04858402515230703      1.1387449270595028E-7
0.7000000000000002        0.03238935010153803      7.029677217557943E-8
0.6950000000000002        0.040486687626922535     8.958450234336063E-8
0.715                     0.02429201257615352      4.9615929940734855E-8
0.71                      0.03238935010153803      6.75039029912785E-8
0.735                     0.008097337525384496     1.519188519871716E-8
0.74                      0                        0
0.73                      0.016194675050769        3.104749422131073E-8
0.725                     0.02429201257615352      4.756753114189363E-8
0.745                     0.008097337525384498     1.4529010196521299E-8
0.75                      0                        0
0.008031370026261106      0.7549721901297444       9.649686107810266E-8
0                         0.76                     0
0.008063585579450739      0.7649756943497266       8.984150977266115E-8
0                         0.77                     0
0.016029776441498157      0.7499416830477061       1.996776217457085E-7
0.023951832617536934      0.744952129456439        3.088631547004844E-7
0.03191672231839594       0.7400801355577766       4.2516215428586606E-7
0.04999999999999998       0.7                      8.863918592786635E-7
0.040262761670530396      0.7341184650434361       5.577475242579748E-7
0.04530081341624899       0.7246115289898145       6.71095416089241E-7
0.05020440206013816       0.7163122737009066       7.879105128268509E-7
0.05508135328602956       0.7081379624753849       9.145675931704235E-7
0.31000000000000005       0.3                      2.0867191303937924E-6
0.32999969084680353       0.283805373323223        1.8569426276956803E-6
0.325                     0.29190266247461544      1.9465401131013005E-6
0.32000000000000006       0.29999999999999993      2.0401372365918487E-6
0.3449927072554724        0.2757102582232996       1.732242065255704E-6
0.3399983716028991        0.28380536135266554      1.8154506300629842E-6
0.3599617351223322        0.2676322255895032       1.6152515733661442E-6
0.35497809728457685       0.2757127525520037       1.6926975809933344E-6
0.3747751084853503        0.2597001666826793       1.5066343356316533E-6
0.36990936171202893       0.26765283335505496      1.5778273591309195E-6
0.38452980693938876       0.2598022498888881       1.4721963196183194E-6
0.3985528475226172        0.2519059560933483       1.3743089713494362E-6
0.39416514547064574       0.2598623545694194       1.4376629968818416E-6
0.4121070019375721        0.24397347350171633      1.2830913801271897E-6
0.4077615247519142        0.25194057753286475      1.3428687125532913E-6
0.42538527063215836       0.23658825557267604      1.2004727638187746E-6
0.4210153857179889        0.2445279691944558       1.2570927568612866E-6
0.5109680748647475        0.19430728645445736      7.784389235510635E-7
0.43506066644269753       0.23686009000645336      1.1719203390199977E-6
0.44457584489195057       0.23329165133910446      1.1248351394618596E-6
0.4517942169051867        0.22914563993655357      1.083122652857443E-6
0.45826129201062576       0.22530154672225763      1.0461262575210812E-6
0.4658696406127638        0.22238493094084497      1.0111468969909375E-6
0.47118655154802147       0.2178253383463545       9.758761833996513E-7
0.47628566232490993       0.21740088491669704      9.602669350274845E-7
0.4812457349693172        0.21325771547309044      9.29018801683436E-7
0.48827649881491547       0.2082197662374801       8.894129432152642E-7
0.49552743877587296       0.20328513417447244      8.508422320904228E-7
0.5030720263278639        0.1986684043432022       8.139944687227291E-7
0.5190094772995901        0.19890707709086058      7.77916565312559E-7
0.5270892897669158        0.19451281934163303      7.430651823253227E-7
0.5354028599984685        0.1898479639732794       7.077969992893004E-7
0.5950000000000001        0.10526538782999861      3.300157404036693E-7
0.5899989961772534        0.11336179852088141      3.6077976345187473E-7
0.5849952599285395        0.12145495885478763      3.9233304121593314E-7
0.5799869070067404        0.12953885463197176      4.2466762443767395E-7
0.5749720429979571        0.13760510750646407      4.5776853454417005E-7
0.5441732925903047        0.18485548293580312      6.715571404316706E-7
0.5699483339772452        0.1456481712687687       4.916311654873743E-7
0.5649102549117709        0.15366676026906456      5.262714418754811E-7
0.5598499490078496        0.16166245782769398      5.617222207802421E-7
0.5498401761282818        0.17702618959783456      6.328407682993117E-7
0.5547579197423466        0.16965736230081485      5.980945572993328E-7
0.6150000000000001        0.08907071277922957      2.6204117576144663E-7
0.6100000000000001        0.09716805030461409      2.9036243706145495E-7
0.6049999647756054        0.10526536478853439      3.194500857327395E-7
0.6300000000000001        0.08097337525384507      2.266409721139645E-7
0.6250000000000001        0.08907071277922957      2.5335104486436706E-7
0.6450000000000001        0.07287603772846056      1.9376423035540976E-7
0.6400000000000001        0.08097337525384506      2.1890508228082246E-7
0.6600000000000001        0.06477870020307608      1.6333871754618792E-7
0.6550000000000001        0.07287603772846057      1.8694986974193246E-7
0.6750000000000002        0.056681362677691555     1.352935300978533E-7
0.6700000000000002        0.06477870020307608      1.5741244445851252E-7
0.6900000000000002        0.04858402515230703      1.095591618172689E-7
0.6850000000000002        0.056681362677691555     1.302215469253878E-7
0.7050000000000001        0.040486687626922535     8.606762035900831E-8
0.7000000000000002        0.04858402515230703      1.0530766702328642E-7
0.72                      0.03238935010153804      6.475258141735378E-8
0.715                     0.040486687626922535     8.26031381375425E-8
0.74                      0.016194675050769        2.9711984884009542E-8
0.735                     0.02429201257615352      4.5549570718880716E-8
0.73                      0.03238935010153803      6.204226846653688E-8
0.755                     0.008097337525384496     1.3875861732815302E-8
0.76                      0                        0
0.75                      0.01619467505076901      2.8396164780129773E-8
0.765                     0.008097337525384501     1.3232202409007946E-8
0.77                      0                        0
0.008076915592979579      0.7749851718584134       8.341024938996643E-8
0                         0.78                     0
0.008089076964170215      0.7849903380132682       7.738785903460686E-8
0                         0.7899999999999999       0
0.01606523190404673       0.7599734085615436       1.855660153478362E-7
0.0161206627282407        0.7699769103055689       1.7263854344537794E-7
0.023992696952242737      0.7550048766961375       2.868887529530304E-7
0.031790603941089846      0.7500467224813282       3.9302482939696665E-7
0.0396581988228501        0.7448853033154939       5.070631828199528E-7
0.047849081540749606      0.7418766623504867       6.216634081535617E-7
0.05999999999999997       0.7                      1.0532715170148784E-6
0.050953152550028254      0.7326230452853372       7.074438850288974E-7
0.05527694029736454       0.7243991783647887       8.126767359437013E-7
0.060151858670076275      0.7162471969745366       9.350160396995786E-7
0.06505377010040911       0.708115939133407        1.0685163361609047E-6
0.3350000000000001        0.2919026624746155       1.9021377222543956E-6
0.33000000000000007       0.3                      1.9925301472881553E-6
0.3499918250649667        0.2838049836033755       1.7732222917621658E-6
0.3450000000000001        0.2919026624746155       1.8570025036654454E-6
0.3649492213960547        0.2757134224498806       1.6526621708877772E-6
0.3599735406728677        0.2838022992614708       1.7305197327811304E-6
0.3797662987531596        0.267695684874217        1.5405220560079906E-6
0.3748907384730409        0.27570727089409364      1.612366968109076E-6
0.3895498779974942        0.26773095987388185      1.5032305083834952E-6
0.4036103101567732        0.25996603076927227      1.4039526025510576E-6
0.3992112242359754        0.2678032599556677       1.466549810777983E-6
0.4128443315037155        0.2599957921834549       1.3705578414126915E-6
0.41686452844641775       0.2526278533848344       1.3153535775768582E-6
0.42921088852282807       0.2447393069773599       1.231435542780844E-6
0.4250215497482591        0.2520691639976115       1.284238384439315E-6
0.4368273289373218        0.24532983259310942      1.2095925387399382E-6
0.511072627084621         0.2032738331591276       8.134131368297535E-7
0.4432773944412751        0.24152423150286864      1.1696697384406536E-6
0.4508508309206849        0.2374681526894961       1.1260912560242054E-6
0.45778274687211856       0.23313803472968386      1.0843996782503735E-6
0.4628043642515783        0.22918954935345343      1.0511756894267881E-6
0.4683878768288594        0.2289331324418055       1.0337987698381796E-6
0.47396356564365943       0.22402420412343296      9.959430709255843E-7
0.4815430071386036        0.22101128341671739      9.618085936376377E-7
0.4885442504174245        0.21686227214529633      9.252832686949262E-7
0.49582952433903216       0.2122982604856304       8.873133926146466E-7
0.5033363569736394        0.20772944092796805      8.498671413548248E-7
0.5189514032773824        0.20783748931827117      8.120319121014666E-7
0.5269234247874051        0.20346077342577687      7.766173446002046E-7
0.5350063035845811        0.19904649641304664      7.418905151226987E-7
0.5431333783176318        0.1946387961958474       7.081592552946894E-7
0.5999993781392419        0.11336224225028244      3.4930928288779825E-7
0.5949968542086306        0.12145727267530172      3.799440297639224E-7
0.5899899587311879        0.12954589059217914      4.11350940740149E-7
0.5849765640802885        0.13762022190265208      4.435167702069061E-7
0.5799559216061375        0.14567335986967053      4.7642970551480156E-7
0.552804573407289         0.18398948447683577      6.50947802921038E-7
0.5511553540723244        0.19094983743572339      6.781530714895668E-7
0.5749255148324905        0.15370356091385579      5.100975943611489E-7
0.5698833257064263        0.16171464849248163      5.445473395058538E-7
0.56484332043332          0.1697321926690065       5.798511792578692E-7
0.5595806275545666        0.17856312233791954      6.1916013161716E-7
0.6200000000000001        0.09716805030461408      2.8080827348289197E-7
0.614999975809129         0.10526537200593422      3.0901697555808866E-7
0.6099996729984738        0.11336249018243094      3.379817929004609E-7
0.6350000000000001        0.08907071277922957      2.447760690018026E-7
0.6300000000000001        0.09716805030461409      2.713803390289708E-7
0.6500000000000001        0.08097337525384507      2.1127595262439217E-7
0.6450000000000001        0.08907071277922957      2.363191794018398E-7
0.6650000000000001        0.07287603772846057      1.8023254318365218E-7
0.6600000000000001        0.08097337525384507      2.037553244513248E-7
0.6800000000000002        0.06477870020307606      1.5157252701538766E-7
0.6750000000000002        0.07287603772846056      1.7361307507568386E-7
0.6950000000000002        0.056681362677691555     1.2522462660251272E-7
0.6900000000000002        0.06477870020307608      1.4581910960296108E-7
0.71                      0.04858402515230703      1.0111962819157718E-7
0.7050000000000001        0.056681362677691555     1.2030243813292352E-7
0.725                     0.040486687626922535     7.919045658117229E-8
0.72                      0.04858402515230703      9.69944146927342E-8
0.745                     0.024292012576153526     4.3561499615077785E-8
0.74                      0.03238935010153804      5.9372286247498814E-8
0.735                     0.040486687626922535     7.582879536076948E-8
0.76                      0.016194675050769002     2.7099583600174767E-8
0.755                     0.024292012576153543     4.1602679040048895E-8
0.7750000000000001        0.0080973375253845       1.2597770489067274E-8
0.78                      0                        0
0.77                      0.016194675050769006     2.5821739805163057E-8
0.7850000000000001        0.008097337525384501     1.1972282438799114E-8
0.79                      0                        0
0.008094318635965016      0.7949950214179805       7.16876475812434E-8
0                         0.8                      0
0.00809615305704367       0.804997863911531        6.63191639971245E-8
0                         0.8099999999999999       0
0.016158113045170088      0.7799791566671624       1.6035722933141056E-7
0.016180125173577847      0.7899831208614612       1.487122879476945E-7
0.024095765889124297      0.7650137272587169       2.671668511358928E-7
0.024183042136149344      0.7749930411350308       2.485903725995746E-7
0.03199821601524452       0.7601236528699323       3.6667593095515575E-7
0.0398845560337203        0.7553842847699545       4.712442926266219E-7
0.04778863704347086       0.7514285860186477       5.780265994604148E-7
0.05421388857643468       0.7476105424893          6.707668706052712E-7
0.056929510203064165      0.7404860387318452       7.40886235243064E-7
0.06999999999999998       0.7                      1.2142812680449217E-6
0.060700333602384804      0.7323678914529275       8.35946744411414E-7
0.06521574248642846       0.7243086852216849       9.488376838888541E-7
0.07007894379008771       0.716209142951047        1.076568925532841E-6
0.07502624445362392       0.708103302821835        1.2164048709168846E-6
0.3400000000000001        0.3                      1.9442313262647138E-6
0.3549934054503245        0.2919007605879566       1.8114159312772282E-6
0.3500000000000001        0.3                      1.8955248400084748E-6
0.3699304858582975        0.2837902622241952       1.6875672313347031E-6
0.36497742146999984       0.29189481138708334      1.7656054011642641E-6
0.3847583974683361        0.27568191211952237      1.5720922698464144E-6
0.37983742743956544       0.28375146442331345      1.6445523698559895E-6
0.39453400033909164       0.27564100957760457      1.5320963813579208E-6
0.40416183164104563       0.2757159046652847       1.4934973400209485E-6
0.4087326352089195        0.26784386331708276      1.4302418146444849E-6
0.41740425460866404       0.26724018565047913      1.3937714988538048E-6
0.4226313121987843        0.26007876630967763      1.3355286315880848E-6
0.4278693635514727        0.2569845816686813       1.300343295964551E-6
0.4336098261557545        0.2534538788938073       1.2619415909434702E-6
0.44235388598775566       0.25009879469447366      1.2152518310862213E-6
0.511110933305295         0.21223041841806004      8.482841368645091E-7
0.44999792644523806       0.24609572053476497      1.1704005937289961E-6
0.4576800773239582        0.24161171385793512      1.1244899049973517E-6
0.4655933332900061        0.23602845539083278      1.0742702288603015E-6
0.4737450513958684        0.23303530820818233      1.0364816995659833E-6
0.48109062537825914       0.22924813218978138      9.985998842200548E-7
0.4884999950107756        0.22534371957183547      9.610884675161865E-7
0.49589478920495517       0.2210830485573246       9.232029338989173E-7
0.5034241812340754        0.21666246391860147      8.854115455129201E-7
0.5267560998757822        0.21242947928370304      8.100546304153561E-7
0.5188608484803262        0.21679616405223334      8.461162722326589E-7
0.5347315283692278        0.20807756564089988      7.749441015922571E-7
0.5427460010535046        0.20376117997025892      7.409361157415679E-7
0.5507193697548127        0.19958789936014168      7.08544269437304E-7
0.604998282274597         0.12145868374239         3.677071196364431E-7
0.5999930685192317        0.12955054298355034      3.981926077677828E-7
0.5949815627108044        0.1376318262939443       4.294300966920212E-7
0.5899637632577581        0.14569595912203817      4.6140743724671134E-7
0.5849387954364793        0.15373965046443494      4.941239196221708E-7
0.5590934885503049        0.18756691625764066      6.502164640756992E-7
0.5587482201577002        0.19570890561324109      6.779876491518459E-7
0.579903909615731         0.16176343703682206      5.275947774176736E-7
0.5748589740535032        0.1697552464821858       5.617923094937985E-7
0.5698180886482453        0.17754800173354185      5.961598397738273E-7
0.5659047133101406        0.1844199311328921       6.260839819237041E-7
0.6249999891477785        0.10526538073119455      2.9872146787371014E-7
0.6199998562775314        0.11336262537291339      3.268034113884347E-7
0.6149990744768089        0.12145934557479504      3.5563011942500426E-7
0.6400000000000001        0.0971680503046141       2.620820860901463E-7
0.6349999960624365        0.1052653852543055       2.885675599508379E-7
0.6550000000000001        0.08907071277922957      2.279825087718317E-7
0.6500000000000001        0.09716805030461409      2.5291606878213153E-7
0.6700000000000002        0.08097337525384507      1.9634429725871088E-7
0.6650000000000001        0.08907071277922957      2.1976746100478467E-7
0.6850000000000002        0.07287603772846056      1.6709178086810233E-7
0.6800000000000002        0.08097337525384506      1.8904338595505514E-7
0.7000000000000002        0.06477870020307606      1.4015193951181827E-7
0.6950000000000001        0.07287603772846057      1.6066851342879328E-7
0.715                     0.05668136267769154      1.1545434679480489E-7
0.71                      0.06477870020307606      1.3457040391331462E-7
0.73                      0.04858402515230703      9.293116934938253E-8
0.725                     0.056681362677691555     1.1067944306233359E-7
0.75                      0.03238935010153804      5.674183163870854E-8
0.745                     0.040486687626922535     7.251721065633327E-8
0.74                      0.04858402515230703      8.892883050627169E-8
0.765                     0.024292012576153526     3.967238952497478E-8
0.76                      0.03238935010153804      5.414998884568297E-8
0.78                      0.016194675050769006     2.4562085929512356E-8
0.7750000000000001        0.024292012576153526     3.7769839214488176E-8
0.795                     0.008097337525384496     1.135543524209647E-8
0.8                       0                        0
0.79                      0.01619467505076901      2.332003342255039E-8
0.8049999999999999        0.008097337525384501     1.0746908509394458E-8
0.8100000000000002        0                        0
0.008096901045831207      0.8149992115704557       6.127371262415907E-8
0                         0.8200000000000001       0
0.008097228481275585      0.8249998264006866       5.65270518015343E-8
0                         0.8299999999999998       0
0.016188960236662338      0.7999900019121684       1.3768597879781155E-7
0.016192178209628587      0.8099953181514274       1.27302533147765E-7
0.0242399387723215        0.7849782805190917       2.3088110756108895E-7
0.02427189539807401       0.7949757614546108       2.1404239726711127E-7
0.032138438246258116      0.7700757297414725       3.415819845597097E-7
0.03224357625396541       0.7800175214377856       3.1774003217822796E-7
0.040062902667264255      0.7652442739316422       4.3941592853068594E-7
0.04799343814007149       0.7606049073505178       5.417368560940073E-7
0.05663028969569391       0.7561089977803448       6.558204584580906E-7
0.06187192439919482       0.7481524275651759       7.562357685256789E-7
0.06598900991566192       0.7402858919507413       8.512660834185407E-7
0.07999999999999996       0.6999999999999998       1.3683201356698508E-6
0.07035001376037518       0.7323227941558557       9.577991729910977E-7
0.07509445039808611       0.7242846014132877       1.0785948354749089E-6
0.08004335605327333       0.7161955628156846       1.212419065919653E-6
0.08500849954747842       0.7080987854531933       1.3573583820185652E-6
0.36000000000000004       0.3                      1.846651681844523E-6
0.3749379381837527        0.29187444977385607      1.7197640523443238E-6
0.37000000000000005       0.3                      1.7978153667080882E-6
0.3896399594286583        0.28364527886548163      1.601634905838575E-6
0.38485211977454925       0.29181021568137655      1.6739859060275088E-6
0.3991653702862856        0.28341138962055185      1.5593745149724842E-6
0.448895681125004         0.2551035681262112       1.2174941735221987E-6
0.4082855466553517        0.2834237906840175       1.5206060157719719E-6
0.4150600843106607        0.2761996683101719       1.4522066675204217E-6
0.4247878568514385        0.26722093007464676      1.3656805518697588E-6
0.4222139047767708        0.272756134588182        1.4050700790915726E-6
0.4313731108988756        0.26285365488529344      1.3183268102514299E-6
0.4406473154023337        0.25901812487041276      1.2654657730367539E-6
0.5110624474394657        0.22117657424924236      8.830976307843405E-7
0.4569370217462617        0.25076406340653695      1.1697125994783134E-6
0.4649186046694403        0.24617585639629633      1.1224995809565965E-6
0.47284591008416726       0.2419297615243884       1.0784599668492443E-6
0.4806113620620523        0.23804616506270404      1.0378051258924376E-6
0.4882010595231002        0.23403329529552383      9.983055738180575E-7
0.4957674105805503        0.22986745420901242      9.593898375810595E-7
0.5033686287585816        0.22555282360519802      9.209198244002971E-7
0.5345022109350153        0.21705901273902645      8.075064824928021E-7
0.5187339254092376        0.22577897984182785      8.801417823708144E-7
0.5265842872060611        0.22140386497387687      8.432983314030531E-7
0.5424586542468616        0.21274222767017517      7.728045484810668E-7
0.5504247686160155        0.20848464052618584      7.393353393808577E-7
0.5583977166462097        0.20432981890647775      7.072058029323215E-7
0.6099952954375039        0.1295532468559588       3.8520315997809627E-7
0.6049861649139722        0.13764024429638677      4.155199405727989E-7
0.5999711521893724        0.14571467638938476      4.4657139116108044E-7
0.5949504192182075        0.1537722235761841       4.783514465257782E-7
0.5899226622555267        0.16181329171056139      5.108709082193084E-7
0.5667868157127546        0.19160538459345167      6.475992398163387E-7
0.5663365762097952        0.2002135771260111       6.762476372565697E-7
0.5848836901550579        0.16984616962534438      5.441712953247538E-7
0.5798153655880292        0.17792375782542746      5.784630226060625E-7
0.5746008043766825        0.18660647984073336      6.157684934821278E-7
0.6299999454786315        0.11336268802163475      3.157788409761901E-7
0.6249994192475207        0.1214596463903221       3.4371926426095395E-7
0.6199969053014656        0.1295549815266611       3.7239137697010136E-7
0.644999998749152         0.10526538701177664      2.7855825604849804E-7
0.639999981539564         0.11336271282152471      3.0491161758785896E-7
0.6600000000000001        0.09716805030461408      2.438840214451715E-7
0.6549999996377759        0.10526538759305541      2.686956455023029E-7
0.6750000000000002        0.08907071277922957      2.1167477614735295E-7
0.6700000000000002        0.09716805030461409      2.349869317940519E-7
0.6900000000000002        0.08097337525384507      1.8185257404732913E-7
0.6850000000000002        0.08907071277922957      2.0370459078676677E-7
0.7050000000000001        0.07287603772846056      1.543427060215259E-7
0.7000000000000002        0.08097337525384506      1.7477136295147548E-7
0.72                      0.06477870020307608      1.2907356404386632E-7
0.715                     0.07287603772846057      1.4811341204909518E-7
0.735                     0.056681362677691555     1.0597656927099405E-7
0.73                      0.06477870020307606      1.236601867342344E-7
0.755                     0.040486687626922535     6.925461145967541E-8
0.75                      0.04858402515230703      8.49861523233241E-8
0.745                     0.056681362677691555     1.0134434414744623E-7
0.77                      0.03238935010153804      5.159574090793706E-8
0.765                     0.040486687626922535     6.603977452334848E-8
0.7850000000000001        0.024292012576153526     3.589417144331114E-8
0.78                      0.03238935010153804      4.907798022116353E-8
0.8                       0.016194675050769002     2.209495705964307E-8
0.795                     0.024292012576153543     3.404447164499131E-8
0.8150000000000001        0.0080973375253845       1.0146366393046971E-8
0.8200000000000001        0                        0
0.8100000000000002        0.016194675050769006     2.0886198952946158E-8
0.8250000000000001        0.008097337525384501     9.553459323776179E-9
0.83                      0                        0
0.008097331621839893      0.8349999902933374       5.205282051756785E-8
0                         0.8400000000000001       0
0.008097337525384508      0.845                    4.782595184689281E-8
0                         0.8500000000000001       0
0.016193693674337373      0.819998116688505        1.1753860067313202E-7
0.01619438604111953       0.8299994785308625       1.0834320993417139E-7
0.024283874025787328      0.8049833053951447       1.9807274160713793E-7
0.024288119900109217      0.8149912648768517       1.8302278434611447E-7
0.03231904885764473       0.7899802514027893       2.9506598539783756E-7
0.03236221065452832       0.7999691029821479       2.7346596584574763E-7
0.040180504400410565      0.7751259261186677       4.0890929185604696E-7
0.04030519966879036       0.7850320134782839       3.803162965055707E-7
0.048054308977248446      0.7703296500433909       5.040375326616856E-7
0.055737208168920714      0.765822558664135        6.005688763757884E-7
0.06256456994095445       0.7627663497735953       6.848247743258775E-7
0.06657406819192792       0.7562043702449697       7.618903439092142E-7
0.07100997875343815       0.7482946598238565       8.573599570631216E-7
0.07544641761702824       0.7403534575310452       9.607196311620805E-7
0.08999999999999996       0.7                      1.5142771711438886E-6
0.08015068177828231       0.7323515705444786       1.0759164904526945E-6
0.08505199813036379       0.724282869203976        1.2031602881367021E-6
0.09001870336555057       0.7161932089657337       1.3413409233972293E-6
0.09499999999999996       0.7080973375253844       1.4904041456489063E-6
0.38000000000000006       0.30000000000000004      1.7491869948913423E-6
0.39                      0.3                      1.7009099015855015E-6
0.3945769451954577        0.2915949034720066       1.6284448007519353E-6
0.40380179735348004       0.2907026680467948       1.5817148167875765E-6
0.45623062872034603       0.2598719463120167       1.2145818733963182E-6
0.4480913459875917        0.26416697284435764      1.2639103076411695E-6
0.4111777729997846        0.28966465659377794      1.5431485044942546E-6
0.41638771738440894       0.28486896426742825      1.4942294975542177E-6
0.4234891803061603        0.2797324562878318       1.437073509417234E-6
0.43032785748012825       0.2731334740006767       1.3753230770425437E-6
0.43957627622732653       0.26839655201804036      1.315980871838171E-6
0.5109368768098151        0.23013631174272792      9.179182640262697E-7
0.4642764195445956        0.25549674463913125      1.1667946010203E-6
0.47220848489802764       0.25121297425600786      1.12130187289193E-6
0.4800515316009375        0.24706957854512523      1.078102779284361E-6
0.487804315600383         0.24295204130073875      1.0365967154254555E-6
0.49550282616538516       0.23875425607824807      9.961664961888444E-7
0.5031991793461389        0.23447548082284617      9.566264818187117E-7
0.542181330222658         0.22167762984784323      8.042680981681715E-7
0.5342692205962011        0.22601563262972946      8.39750581254223E-7
0.5185611240891066        0.23475563272963473      9.139991460697278E-7
0.5263915320562527        0.23037330261887146      8.763228258249135E-7
0.55012260376233          0.21737250908211034      7.699024051234329E-7
0.5580893892664816        0.21311058823487186      7.366629107150657E-7
0.5660679446265925        0.20887502591466406      7.04493079773251E-7
0.6149902328077358        0.1376462586559475       4.0179617602010836E-7
0.6099782275437342        0.14572918172977609      4.3192882710862706E-7
0.604960551427831         0.15379842707641467      4.627806081643222E-7
0.5999370295564581        0.16185137895856913      4.943504706951768E-7
0.5949109848604285        0.16989227759702286      5.266519473742207E-7
0.5740021785308923        0.1960894564392312       6.467760138287105E-7
0.5740165162882017        0.2046732789711598       6.734762859646212E-7
0.5898826787112071        0.17792215933013256      5.596944215888757E-7
0.584846303641421         0.18586316967163502      5.932601107418653E-7
0.5809785998720141        0.1928188391415478       6.221912018126365E-7
0.6349996511963777        0.1214598524193291       3.3197891987430956E-7
0.6299981219716211        0.12955613647210873      3.597627599137623E-7
0.6249937612151724        0.13765031929059526      3.882657552683042E-7
0.6499999942755894        0.11336272148862525      2.9420423125839425E-7
0.6449998239242727        0.12145997520687138      3.2041192000299535E-7
0.6649999999020669        0.10526538776593714      2.589809835839916E-7
0.6599999983436301        0.11336272424033622      2.8365823082812196E-7
0.6800000000000002        0.0971680503046141       2.2622510889822793E-7
0.6749999999748928        0.10526538781357514      2.494147680918814E-7
0.6950000000000002        0.08907071277922957      1.9585649403577808E-7
0.6900000000000002        0.0971680503046141       2.1759824619618512E-7
0.71                      0.08097337525384506      1.6779881759730914E-7
0.7050000000000001        0.08907071277922957      1.881295793101866E-7
0.725                     0.07287603772846056      1.419793417190951E-7
0.72                      0.08097337525384507      1.609336085077723E-7
0.74                      0.06477870020307608      1.1832877342447318E-7
0.735                     0.07287603772846056      1.359388957943562E-7
0.76                      0.04858402515230703      8.110172339405805E-8
0.755                     0.05668136267769153      9.678118532562458E-8
0.75                      0.06477870020307606      1.130775868066038E-7
0.7750000000000001        0.040486687626922535     6.28713580390885E-8
0.77                      0.04858402515230703      7.727398379113057E-8
0.79                      0.03238935010153804      4.659551813884008E-8
0.7850000000000001        0.040486687626922535     5.974791412753912E-8
0.8049999999999999        0.024292012576153526     3.221977363863105E-8
0.8                       0.03238935010153804      4.414709371569463E-8
0.8200000000000001        0.016194675050769006     1.9693072190679993E-8
0.8150000000000001        0.024292012576153526     3.041906533788727E-8
0.8350000000000002        0.008097337525384496     8.967825581757624E-9
0.8400000000000001        0                        0
0.83                      0.01619467505076901      1.8514864132647567E-8
0.8450000000000001        0.008097337525384501     8.389092715322356E-9
0.8500000000000001        0                        0
0.008097337525384506      0.855                    4.382299995419149E-8
0                         0.86                     0
0.008097337525384501      0.865                    4.002182725498188E-8
0                         0.8699999999999999       0
0.016194641344440663      0.839999933750594        9.966537527861523E-8
0.016194675050769023      0.8500000000000001       9.145655535909846E-8
0.024290344399344188      0.8249961715925538       1.6886003827044825E-7
0.02429147299508602       0.8349987758908175       1.5550796538817233E-7
0.03237857784688935       0.8099758735900818       2.529443785252748E-7
0.03238411237662668       0.8199860570510283       2.3357449996296696E-7
0.040399754869164695      0.7949764039304258       3.531160773019942E-7
0.04044939207040637       0.8049621810733641       3.271054417958445E-7
0.04821596904778666       0.7801424608341093       4.6939257439829783E-7
0.04837132312653795       0.7900259727004952       4.3658012112520187E-7
0.05597672164108432       0.7753615652307908       5.610912509037754E-7
0.06335363402535854       0.7706542441787307       6.529134727033649E-7
0.07132925727410847       0.7653750182994238       7.575554726332582E-7
0.07603838908817763       0.7565287682274221       8.574414248750647E-7
0.08050606484571071       0.7484467527228615       9.58036899262068E-7
0.08520749251078073       0.7404255194435345       1.068544790593875E-6
0.09999999999999998       0.6999999999999998       1.6510620529839145E-6
0.09008201589434249       0.7323666144716077       1.1897267850110365E-6
0.09501787346416923       0.724287910898664        1.3208950317013814E-6
0.09999999999999996       0.7161946750507688       1.4624563496779382E-6
0.10499999999999995       0.7080973375253844       1.6145895610862268E-6
0.4                       0.3                      1.653102493571912E-6
0.40969373042546686       0.29660844683786936      1.5884610249595227E-6
0.4637336562550996        0.2645602018094243       1.2094510539766572E-6
0.4557567828476283        0.2688241659706683       1.2577869047074495E-6
0.4476480510934241        0.27326517341469264      1.3090781615292228E-6
0.4170836287723857        0.2929803454747843       1.5351376672966081E-6
0.4241414701206454        0.28829994650200547      1.4794116116923438E-6
0.4314867833071083        0.2830278143055628       1.4213078962202928E-6
0.4393699765016062        0.27794191209280894      1.3639731358852268E-6
0.5107339647379134        0.23911041620103776      9.527413772610199E-7
0.4716801563612643        0.2603501240061433       1.1629945114183602E-6
0.4795513408978487        0.2562210072827855       1.1185883847083988E-6
0.48738629745987266       0.2520263998526253       1.0753940966073178E-6
0.4951853499828501        0.24774980173919206      1.0333039001181087E-6
0.5029402593655293        0.24345083732608053      9.925417623226688E-7
0.47121001693677517       0.2692616016995819       1.2032795407630148E-6
0.5182733539375889        0.24366224988472274      9.476382593180868E-7
0.5497987393472841        0.22625456394468604      8.002668112841045E-7
0.5418811345425878        0.23058226215362823      8.354344810471734E-7
0.5339904497585509        0.23492719298636044      8.716922969514797E-7
0.5261238287429395        0.2392891340790676       9.090808207803314E-7
0.5577514256160893        0.22194741634645032      7.661486093532252E-7
0.5657555792406533        0.21765577810739364      7.329968077625028E-7
0.5738037446269869        0.213371018854745        7.007809591840455E-7
0.619984857065239         0.14573934934258861      4.1748645935586896E-7
0.6149695360479195        0.15381797967580052      4.47418183348301E-7
0.609946533669452         0.16188116719073845      4.780543222828564E-7
0.6049199039390007        0.16993019075990876      5.09397581559801E-7
0.5999150825647944        0.17798244358635903      5.414574648671426E-7
0.5818540964833345        0.20909993095126045      6.695946947457197E-7
0.5819577160113402        0.2003243529130345       6.429759975141589E-7
0.5949246454575121        0.18602513767500647      5.742105556040146E-7
0.5899786593291136        0.19478942772049063      6.09755778439395E-7
0.6399989983000919        0.12955683231865497      3.473209510504965E-7
0.6349964878740495        0.1376526923129834       3.749339433251403E-7
0.6299904675435403        0.14574566439352107      4.0325178880425994E-7
0.654999926558498         0.12146003154559812      3.090201674643644E-7
0.6499995376230031        0.1295571771827087       3.350684608865953E-7
0.6699999995466478        0.11336272505094004      2.7327431872654003E-7
0.6649999736698077        0.12146005288494449      2.9780464211071E-7
0.6849999999938309        0.10526538782596312      2.399968101730146E-7
0.679999999881438         0.11336272527591366      2.6305243453503774E-7
0.7000000000000002        0.0971680503046141       2.091054797655255E-7
0.6949999999985361        0.10526538782904087      2.307262995784795E-7
0.715                     0.08907071277922957      1.805224921037378E-7
0.7100000000000001        0.09716805030461406      2.0074544208148534E-7
0.73                      0.08097337525384506      1.541740505377701E-7
0.725                     0.08907071277922957      1.7303347397110565E-7
0.745                     0.07287603772846057      1.2999019659188906E-7
0.74                      0.08097337525384507      1.475181384599556E-7
0.765                     0.056681362677691555     9.228532997018522E-8
0.76                      0.06477870020307608      1.0790467523661672E-7
0.755                     0.07287603772846057      1.2413111639379953E-7
0.78                      0.04858402515230703      7.350124063910047E-8
0.7750000000000001        0.056681362677691555     8.785485362664515E-8
0.795                     0.040486687626922535     5.6667900218935745E-8
0.79                      0.04858402515230703      6.97816823121349E-8
0.8100000000000002        0.03238935010153804      4.173138165335613E-8
0.8049999999999999        0.040486687626922535     5.362968940187215E-8
0.8250000000000001        0.024292012576153526     2.8641293924752878E-8
0.8200000000000001        0.03238935010153804      3.9346999506182E-8
0.8400000000000001        0.01619467505076901      1.7350839388529807E-8
0.8350000000000002        0.024292012576153543     2.688537052880215E-8
0.855                     0.008097337525384496     7.81687881966108E-9
0.8600000000000002        0                        0
0.8500000000000001        0.016194675050769016     1.620024250428168E-8
0.8650000000000001        0.008097337525384496     7.250793687038078E-9
0.8700000000000001        0                        0
0.008097337525384501      0.8750000000000001       3.640195309702564E-8
0                         0.88                     0
0.008097337525384503      0.885                    3.294442659327574E-8
0                         0.89                     0
0.016194675050769016      0.86                     8.367170935238852E-8
0.016194675050768992      0.8699999999999999       7.6268483647289E-8
0.024291930747049995      0.8449998022857924       1.4289173977332415E-7
0.024292012576153533      0.855                    1.3094113665552134E-7
0.032387073825748396      0.8299935299557912       2.1532521136773647E-7
0.03238861874888354       0.8399978758878197       1.9810016612165177E-7
0.040471286609103846      0.8149689019948746       3.024079970044111E-7
0.04047964408106584       0.8249812091879981       2.790643108688967E-7
0.04848295711502262       0.7999623578549162       4.052252070339677E-7
0.04853507822089126       0.809951791034587        3.751405636566863E-7
0.056294449993620786      0.7850981468763079       5.238572390570598E-7
0.05644567308586558       0.7950049878991567       4.867643593833057E-7
0.06419915319410843       0.7801281635771875       6.15300827654584E-7
0.07179004694350395       0.77550724686984         7.060727087172356E-7
0.07849136390861977       0.771459985931606        7.887522610975046E-7
0.0812271409457491        0.764367693988483        8.574161032136056E-7
0.08558474432975655       0.7564845840280783       9.51804405104457E-7
0.09026560016756778       0.7484919368180014       1.057217792687611E-6
0.09511152554221246       0.7404490051601647       1.1724707242520593E-6
0.10999999999999999       0.7                      1.7776444292728904E-6
0.10002460301288252       0.7323814486605287       1.2969762864194007E-6
0.10499999999999993       0.7242920125761535       1.4312092105762491E-6
0.10999999999999988       0.716194675050769        1.5751577214269756E-6
0.11499999999999994       0.7080973375253845       1.7289596398651979E-6
0.4                       0.31                     1.711045865987019E-6
0.4084955589403772        0.30563595693421286      1.6442626088226877E-6
0.4167227057602431        0.3014605380982767       1.5822730026527642E-6
0.4633251319201941        0.27335571256963165      1.2502031809523306E-6
0.4555128095059185        0.2777089699586547       1.2995666818514047E-6
0.4476176576019749        0.2823628319201689       1.3523369081230824E-6
0.42441559529691525       0.29702572547931244      1.523581997964749E-6
0.43199581087374544       0.29217178858262965      1.4653028604695423E-6
0.4397338624561529        0.2871821623377659       1.4077133162165293E-6
0.47064026457481156       0.2778240558320371       1.2421642682580818E-6
0.5104460080742791        0.2480496639555391       9.873946430628782E-7
0.47915048883661715       0.2652930789814114       1.158158732632591E-6
0.4870222078042773        0.2612177404763201       1.1142306131898983E-6
0.4948546828533738        0.25685398554445504      1.0706381524972709E-6
0.502646015851865         0.25244135373295956      1.0283390186982508E-6
0.4787472394864875        0.2741535072023226       1.1965404337540911E-6
0.5573523344798103        0.23079201673297306      7.955667854852945E-7
0.5179157108047904        0.2525609989355025       9.81159219515847E-7
0.5257666496580873        0.24815506427392295      9.416257699968067E-7
0.5494204114759601        0.23511027714201152      8.304269215018172E-7
0.5415156645853303        0.2394387759350365       8.663418353225747E-7
0.5336326212409229        0.2437840814310244       9.033809089571508E-7
0.5653418333734285        0.22647897025200553      7.616406562203893E-7
0.5734762089188892        0.2221573689056664       7.283777700186671E-7
0.5816521222042501        0.2177647302783252       6.9584170131405E-7
0.6249781055236593        0.15383142827302435      4.322710851241506E-7
0.6199563014867235        0.16190418344197408      4.6198569424881436E-7
0.6149236368652801        0.16996048052718601      4.9239400166989E-7
0.6098800584436942        0.1780006740618009       5.235031597517019E-7
0.6048136574247397        0.18600237450382823      5.552791749170685E-7
0.5897310303541149        0.2136039469416544       6.652134616230253E-7
0.5899239467894279        0.20485979132999874      6.394211625900825E-7
0.6000238918157061        0.19376015405067476      5.86549520407358E-7
0.5968404603321253        0.20084190086432246      6.132109526823756E-7
0.6449982608539357        0.13765388755056254      3.6180511994744204E-7
0.6399946474589914        0.14574912457074526      3.892317957957864E-7
0.6349858552362818        0.1538399086251174       4.173477788362741E-7
0.6599998134107189        0.12955732177153215      3.230067648721113E-7
0.6549992373438867        0.13765441552597643      3.4888194574332154E-7
0.6749999915757141        0.12146005995307503      2.8676543998473117E-7
0.6699999327611947        0.12955737502807013      3.11136235075737E-7
0.6899999999701465        0.113362725335403        2.5299182939486125E-7
0.684999997527675         0.12146006207785112      2.759018804439713E-7
0.7049999999996626        0.10526538782977778      2.2160186475202813E-7
0.6999999999927198        0.11336272535051677      2.4309113335245085E-7
0.72                      0.09716805030461406      1.9251631150295108E-7
0.7149999999999243        0.1052653878299489       2.1262162809603454E-7
0.735                     0.08907071277922957      1.6566040293204233E-7
0.73                      0.09716805030461408      1.8441585772742775E-7
0.75                      0.08097337525384507      1.409635795844864E-7
0.745                     0.08907071277922957      1.5840083050929453E-7
0.77                      0.06477870020307606      1.0280789505547847E-7
0.765                     0.07287603772846056      1.1835930343153E-7
0.76                      0.08097337525384507      1.345078235973726E-7
0.7850000000000001        0.056681362677691555     8.348768741485883E-8
0.78                      0.06477870020307608      9.778493095574486E-8
0.8                       0.04858402515230703      6.61133913513993E-8
0.795                     0.05668136267769153      7.918163367908834E-8
0.8150000000000001        0.040486687626922535     5.063157981436204E-8
0.8100000000000002        0.04858402515230703      6.249435619343846E-8
0.83                      0.03238935010153804      3.6992514202803335E-8
0.8250000000000001        0.040486687626922535     4.767180314828561E-8
0.8450000000000001        0.024292012576153533     2.5150174450506258E-8
0.8400000000000001        0.03238935010153804      3.466644793577856E-8
0.8599999999469954        0.016194662919316215     1.5062289110756207E-8
0.8550000091718201        0.024291935576783122     2.3434481233257757E-8
0.8750000000000001        0.008097337525384496     6.690439839535251E-9
0.88                      0                        0
0.8700000094101076        0.016194598075148836     1.3936157195462155E-8
0.8850000111280163        0.008097332272912086     6.135408859956928E-9
0.8900000000000001        0                        0
0.008097337525384501      0.895                    2.9631672592136654E-8
0                         0.8999999999999999       0
0.00809749254182141       0.9049946994805805       2.644950107773665E-8
0                         0.91                     0
0.01619467505076901       0.88                     6.920759037016182E-8
0.016194675050769013      0.89                     6.24526418939081E-8
0.024292012576153533      0.865                    1.195912049177263E-7
0.024292012576153526      0.8750000000000001       1.0878116087437621E-7
0.032389233191288155      0.8499996502834398       1.818034838528965E-7
0.03238935010153804       0.86                     1.6634509760708705E-7
0.04048387619995028       0.8349911535817498       2.570359015037287E-7
0.040485852453910245      0.8449971414233413       2.3621415198140685E-7
0.04856271368166961       0.8199615878778093       3.466138717488616E-7
0.048574854599736504      0.8299770623384349       3.19622242692026E-7
0.05656346159627864       0.8049448747241122       4.5152597333824553E-7
0.05662726722742159       0.8149363404455293       4.178105729756401E-7
0.06437036401295733       0.7900733713207316       5.718184010225745E-7
0.0645031649371187        0.7999955390096227       5.307945585098618E-7
0.07236597040155641       0.785160277894045        6.610935711325737E-7
0.08100090285727216       0.7802657913380469       7.590589728684041E-7
0.08635721271719064       0.7722654210077554       8.526051144044435E-7
0.09071631141689397       0.7644749074803138       9.427173559379852E-7
0.09520224454941889       0.7565697030804845       1.0412086106578936E-6
0.10011694175151864       0.7485327984721257       1.1517232295843219E-6
0.10504631248357114       0.7404684454504281       1.2702916852942304E-6
0.11999999999999994       0.7                      1.8930984139015514E-6
0.1099999999999999        0.7323893501015379       1.3973145380555289E-6
0.1149999999999999        0.7242920125761535       1.5334653396835532E-6
0.11999999999999994       0.716194675050769        1.678498541331713E-6
0.12499999999999992       0.7080973375253845       1.832776411423538E-6
0.4081852414554278        0.31518513438299334      1.6983911305647771E-6
0.4                       0.32                     1.7682243551345213E-6
0.4163541992252249        0.3105975167100749       1.6325629133518195E-6
0.42437029699476964       0.3060362838272031       1.5700696845096533E-6
0.4631035910534218        0.2819365963839883       1.288978852933779E-6
0.4556223332482372        0.2864960552541367       1.3390948147655546E-6
0.44794387036426064       0.29132185986285264      1.3929544104786865E-6
0.4322073766999902        0.30123392160276535      1.509473364969288E-6
0.43999305736168537       0.2962602005344336       1.4504408853240669E-6
0.46971552231505603       0.28600365230716523      1.2805499123629586E-6
0.47774275005919786       0.2821975979416488       1.2335106697576532E-6
0.5100931662430984        0.2570168504139543       1.0220435315237723E-6
0.4867402362846141        0.27043681962761323      1.152550344960328E-6
0.49453984987109095       0.2659718662053823       1.1076393111104922E-6
0.5023108576323009        0.26150366160035005      1.0642198061536676E-6
0.48610812340254334       0.2799689809942038       1.1929858445297233E-6
0.5648305926134227        0.23530974341650718      7.903082597908223E-7
0.5568796448714431        0.2396149654573462       8.248482454694075E-7
0.5174637809579916        0.26144383642657637      1.0145987474786465E-6
0.5253187671351663        0.25697753500143145      9.739854631477478E-7
0.5331822289368139        0.2525884962059124       9.348637109577839E-7
0.5489602591130508        0.24392148179765613      8.603903268201331E-7
0.5410606514804507        0.2482413331629151       8.970358078267125E-7
0.572854929594601         0.2310018272285603       7.566274379901088E-7
0.5809764073295202        0.22667664503597135      7.236930893267246E-7
0.5888052315348672        0.22240966464980438      6.926336316163805E-7
0.6299677955051811        0.16192115162606158      4.461497167771211E-7
0.624937061132627         0.1699880404704833       4.7563509024351606E-7
0.6198915729697173        0.17804039684711204      5.058126088575459E-7
0.5965866926296481        0.21827626527697905      6.629903031288051E-7
0.6148134915216376        0.1860828896336172       5.367346729212633E-7
0.609958738515265         0.19391080013285966      5.673513714221453E-7
0.5990390073056489        0.20928364893675888      6.324192641946986E-7
0.6052367964207307        0.2015164822836894       5.977495971277661E-7
0.6036756260922662        0.21673608096270622      6.428193485578697E-7
0.649997335967953         0.1457508224757521       3.754315558504071E-7
0.6449918577277238        0.15384475196331882      4.026561329448008E-7
0.6399786285904391        0.1619323841068913       4.3055482156216043E-7
0.6649996994980772        0.1376546249582477       3.361653594014821E-7
0.6599988261827306        0.14575158417176984      3.6185350649542956E-7
0.6799999779039277        0.12955739277459968      2.9945629532929906E-7
0.6749998919050869        0.13765470093607154      3.2365496847359463E-7
0.69499999932144          0.12146006267171679      2.6521259624523184E-7
0.6899999932620338        0.12955739824004053      2.8796558383201613E-7
0.7099999999982728        0.11336272535422967      2.333484168614746E-7
0.7049999998234014        0.12146006282857523      2.546956055767645E-7
0.7249999999999833        0.10526538782998766      2.0378325671435187E-7
0.7199999999995997        0.11336272535511609      2.2376124710052998E-7
0.74                      0.09716805030461409      1.7644148345560657E-7
0.7349999999999964        0.10526538782999623      1.9508400891171448E-7
0.755                     0.08907071277922957      1.5125201561006946E-7
0.75                      0.0971680503046141       1.685902625027314E-7
0.7750000000000001        0.07287603772846056      1.1267220560124075E-7
0.77                      0.08097337525384506      1.281480897980481E-7
0.765                     0.08907071277922957      1.4421095545628843E-7
0.79                      0.06477870020307606      9.283331452649348E-8
0.7850000000000001        0.07287603772846057      1.0706709206357876E-7
0.8049999999999999        0.056681362677691555     7.493438020405981E-8
0.8                       0.06477870020307608      8.795044110499123E-8
0.8200000000000001        0.04858402515230703      5.8922481796605537E-8
0.8150000000000001        0.056681362677691555     7.074351310066727E-8
0.8350000000000002        0.040486687626922535     4.4748532334192425E-8
0.830000009714171         0.04858401921512178      5.539558911447514E-8
0.8500000545329331        0.03238913682790402      3.236705845671944E-8
0.8450001471886838        0.04048634101587958      4.185948936012597E-8
0.8650001110423173        0.02429154634160258      2.1736909443966902E-8
0.8600004595699228        0.032388115419215144     3.0092220987150394E-8
0.8800000974569853        0.016194421814964485     1.2821001443115395E-8
0.8750005431244653        0.024290629715158638     2.0056112135946105E-8
0.8950001813697376        0.008097291027945958     5.585263188375403E-9
0.9000000000000001        0                        0
0.8900007513467143        0.016193991944196493     1.1715874489754917E-8
0.9050017176320285        0.008096408057072227     5.03902921760397E-9
0.91                      0                        0
0.008098793422446017      0.9149859146934536       2.3384620568956734E-8
0                         0.9199999999999999       0
0.008104932250923553      0.924953560995203        2.043657101174146E-8
0                         0.93                     0
0.016193949127194858      0.899992152725296        5.597232720884313E-8
0.016194149252328937      0.9099822821900286       4.973695349057854E-8
0.024292012576153533      0.885                    9.84545634256915E-8
0.024289837809454776      0.8949895194596831       8.85613670751078E-8
0.03238935010153804       0.8699999999999999       1.5164143262527388E-7
0.03238935010153804       0.88                     1.3761484562565586E-7
0.0404865648069178        0.854999541639165        2.1648754008431736E-7
0.040486687626922535      0.865                    1.9774825020078573E-7
0.04858060692538038       0.839989283280816        2.9410974102500335E-7
0.04858326319171379       0.8499963944125664       2.6996028187206084E-7
0.0566574437071663        0.8249546411695889       3.8574959486264517E-7
0.05667158508466775       0.834973366379182        3.55405106793318E-7
0.06462818381646443       0.8099433189830365       4.920623819661296E-7
0.06471619237074946       0.8199297050082623       4.551853821291707E-7
0.07240816602601173       0.7950589454571872       6.13284879524478E-7
0.07254750808023007       0.8049931664706207       5.689689532552305E-7
0.08019850448385357       0.7901422262448585       6.981186726297904E-7
0.087211533749256         0.7873982827722894       7.67301413911302E-7
0.09108412569554014       0.7805137005852564       8.390134507608739E-7
0.09568348536442944       0.7725200054550023       9.286252127723767E-7
0.10024304059481916       0.7646420373220784       1.0232792354267665E-6
0.10509941539551865       0.7566270134746843       1.1279715533307669E-6
0.11005237098990579       0.7485584729508763       1.2409617154999879E-6
0.11500312145009428       0.7404853068835638       1.3613561468263797E-6
0.12999999999999992       0.7                      1.99664786647891E-6
0.1199999999999999        0.7323893501015379       1.490082168026592E-6
0.12499999999999992       0.7242920125761535       1.6268555709559002E-6
0.1299999999999999        0.716194675050769        1.7718991135286856E-6
0.13499999999999993       0.7080973375253845       1.9254505145098316E-6
0.4081109996274166        0.3250570248357825       1.7523074046247619E-6
0.4                       0.33                     1.8244287103154755E-6
0.41622435892811305       0.32023827104214914      1.6836830217604666E-6
0.4242863680981315        0.3154311309685607       1.6180214395594345E-6
0.43227139994420793       0.31051446473809224      1.5546650242783292E-6
0.4631781127883492        0.29033803557701704      1.325357081182358E-6
0.4693813472506596        0.29235286028713925      1.3086596512301498E-6
0.45637597208866376       0.2952984167889886       1.375389620692869E-6
0.44832267651532126       0.30032033581786566      1.4328143023089636E-6
0.44025739272461495       0.3054638184309551       1.4930053271918643E-6
0.4825304514441197        0.2865930598571956       1.232931934954897E-6
0.4761784422474948        0.2907153947187772       1.2744937287252111E-6
0.4723577347447477        0.29652996721672603      1.313784103009311E-6
0.4882416264640906        0.28731935623100985      1.213815561998686E-6
0.509695453279538         0.26606808959926836      1.0568052259652141E-6
0.49428985884843113       0.27515230239579264      1.1442557097691755E-6
0.5020035211118036        0.27066131990370146      1.0999930150056112E-6
0.4944128321597636        0.2839568120562156       1.1775673536141571E-6
0.5722335512657433        0.23983364705929558      7.846094907450174E-7
0.5642626928121647        0.24411805507783146      8.187991090298179E-7
0.5563248113808996        0.2484013252421274       8.539665764433199E-7
0.5168547187332361        0.2702731997983765       1.0480309405527017E-6
0.5247829902809465        0.2657323899134695       1.0060678154248883E-6
0.5326420548025664        0.26133447371556         9.661153687244605E-7
0.5405119116142857        0.25699481772008276      9.27548519381823E-7
0.5484075317332645        0.2526878336952687       8.901878105329014E-7
0.5802709840666025        0.23555458870191592      7.513069339132147E-7
0.5881346860376604        0.23124159897290084      7.193538107475703E-7
0.5957504506540091        0.22689480139299567      6.888589247762668E-7
0.6349534533081259        0.17000927988591683      4.591265192845859E-7
0.6299173905574952        0.17807340641311808      4.883685806386059E-7
0.6248750689668022        0.18613035973593783      5.182914331290268E-7
0.6026462758447048        0.22385055915718147      6.644349567856739E-7
0.6199577640105207        0.1940813956572157       5.483854543061018E-7
0.6151666448096083        0.20201040192164313      5.788293136366692E-7
0.6100136267206749        0.21056813521675966      6.12366301041789E-7
0.6100360682988125        0.22029456655353863      6.381715212266085E-7
0.6549958025700839        0.153847268817585        3.882012615665888E-7
0.6499871832232581        0.1619391407672506       4.1520888073128244E-7
0.6449685792180041        0.17002379507799928      4.428770794756604E-7
0.6699995372626001        0.14575189806145875      3.4849787729391567E-7
0.6649980571110122        0.15384848732964465      3.7398506259248574E-7
0.6849999639869776        0.13765472650306151      3.1134941763234027E-7
0.6799998337590729        0.1457520160584285       3.3536342706164457E-7
0.6999999980671747        0.12955739982006645      2.766620612176537E-7
0.6949999887519575        0.13765473457460717      2.99246593613007E-7
0.7149999999559767        0.12146006286817962      2.4434837461233157E-7
0.7099999994728856        0.12955740025382081      2.6554308650600055E-7
0.7299999999999093        0.11336272535532256      2.1432673952673158E-7
0.7249999999894087        0.12146006287781813      2.3416787416681906E-7
0.7449999999999992        0.10526538782999811      1.8652077671924904E-7
0.7399999999999798        0.11336272535536963      2.0504160499909067E-7
0.76                      0.09716805030461409      1.6085897458853695E-7
0.7549999999999999        0.1052653878299985       1.780901247073753E-7
0.78                      0.08097337525384507      1.2188139191139365E-7
0.7750000000000001        0.08907071277922957      1.3727441376278954E-7
0.77                      0.0971680503046141       1.5324413703023165E-7
0.795                     0.07287603772846057      1.0154107287618309E-7
0.79                      0.08097337525384507      1.1570456064307164E-7
0.8100000000000002        0.06477870020307606      8.313358505642174E-8
0.8049999999999999        0.07287603772846056      9.609111679805304E-8
0.825000056665997         0.05668132804411089      6.660646480203989E-8
0.8200001470365645        0.06477860667702905      7.837973220310804E-8
0.8400003190122988        0.048583609612561356     5.19109226631364E-8
0.8350007038472919        0.056680843805484625     6.251998948617771E-8
0.8550010664579274        0.04048475510013246      3.9001790442669894E-8
0.8500019162650072        0.048581841170929126     4.8464994419996405E-8
0.8700017278021771        0.03238573197219859      2.7839933616427852E-8
0.8650036325770102        0.04048087433430949      3.617255065358041E-8
0.8850021273827646        0.02428891694955997      1.839064534272986E-8
0.8800049366916916        0.032381507787856        2.5608254912138062E-8
0.9000034169542894        0.016191804247274406     1.061886140531348E-8
0.8950056479205656        0.024284160205170754     1.673776860598865E-8
0.9150055429903838        0.008092287287672879     4.4950785975454285E-9
0.9199999999999999        0                        0
0.9100077365719275        0.016183595909713997     9.52701824033124E-9
0.9250119805241378        0.008081878119494854     3.9521272942222076E-9
0.93                      0                        0
0.008120062102501947      0.934910695888354        1.7591523049801084E-8
0                         0.9400000000000001       0
0.01619662557226137       0.9199301088578622       4.374348044489586E-8
0.016213966350523117      0.9298635342274425       3.7973033503713354E-8
0.02428802781671177       0.9049759346811668       7.9055608979747E-8
0.024280915860367333      0.9149135646648334       6.991620262671307E-8
0.032385233897753156      0.8899863998152713       1.2419567723944761E-7
0.032381034935026205      0.8999690712304508       1.1132104947797287E-7
0.040486687626922535      0.8750000000000001       1.7989570159360218E-7
0.04048017571349216       0.8849821697460172       1.6284113462624159E-7
0.0485840306894996        0.8599999911111131       2.47043972666782E-7
0.04858402601551922       0.8699999908403008       2.2524321762947756E-7
0.056678026555431214      0.8449861966470391       3.266889363250305E-7
0.056681533644579625      0.8549920138238563       2.994741928847131E-7
0.06475379984572441       0.8299498586074807       4.1996727902005334E-7
0.06476922739505496       0.8399683489098857       3.8657187466477E-7
0.07270931049242214       0.8149393118683764       5.27350412708174E-7
0.07280113927033009       0.8249325644125785       4.874553728556899E-7
0.08034308887306547       0.8000888013807825       6.479471614619808E-7
0.08064594314443767       0.8099656240580408       6.021525902579365E-7
0.0876578677839886        0.7954718494903821       7.248029859332884E-7
0.0956510321441506        0.7897631600560633       8.156140488524919E-7
0.10060058734094196       0.780869542882381        9.094233629350573E-7
0.10526694847894445       0.7727533379494048       1.002340217176708E-6
0.11011376008870932       0.7647150489803487       1.1022511345902433E-6
0.11505490128543255       0.7566509880876061       1.2095629191014636E-6
0.12000556387327609       0.7485808132568741       1.3237335654713343E-6
0.12500140513655764       0.7404858508357414       1.4454880183340693E-6
0.13999999999999993       0.7                      2.0877062602438555E-6
0.1299999999999999        0.7323893501015379       1.5744974361629907E-6
0.13499999999999993       0.7242920125761535       1.7109316673794479E-6
0.1399999999999999        0.716194675050769        1.8549216356245918E-6
0.14499999999999993       0.7080973375253845       2.006569393260193E-6
0.40809315774481575       0.33501606514556365      1.8053073441135118E-6
0.4                       0.34                     1.8794317201413501E-6
0.41618181065665816       0.3300779138975572       1.7344237884584815E-6
0.4242511269778433        0.3251437177141576       1.6664430662140878E-6
0.4322955834373725        0.32013458991922644      1.6008364226942216E-6
0.44035903370601          0.314988738735289        1.536973079503495E-6
0.4654601178152077        0.29847806727443027      1.3507123570292168E-6
0.45693044108876485       0.304039586281995        1.411405987824768E-6
0.4485717147572572        0.3096994870367283       1.474150189759006E-6
0.48438131504727133       0.2927639694003381       1.2500718143246575E-6
0.47852846316642106       0.29817531897245153      1.2950063243642171E-6
0.4723191457797592        0.3028366603580527       1.3396548560468316E-6
0.49275071839396          0.29263486860718213      1.216726707185828E-6
0.5093984508470204        0.2754968581511377       1.0921921390851739E-6
0.5017628536926939        0.27976992756878327      1.1348993518012546E-6
0.5009536856213708        0.288277887935649        1.169226819160757E-6
0.5795606862074384        0.2443793807981826       7.785477200360885E-7
0.5716002793442397        0.24863832013434814      8.122858703982313E-7
0.5163087072489362        0.27889617469700195      1.080180707648916E-6
0.5636386584774756        0.2528983592349105       8.470855887195103E-7
0.5556794847257511        0.25716598491213305      8.829919059610757E-7
0.5242485181755352        0.2743490334929533       1.0373344455721857E-6
0.532026767978082         0.26999389894421527      9.969974655080897E-7
0.5398680567452199        0.26569475144533133      9.578735858540186E-7
0.5477581620568682        0.2614237664821122       9.198809120274671E-7
0.5874676709288972        0.24011549473507582      7.459539466576724E-7
0.5951204461590208        0.23590941130336401      7.15127340531568E-7
0.6024817958210464        0.2320563004169993       6.868416138349345E-7
0.6399393554074092        0.17809851975640692      4.7120330325087104E-7
0.6349048229029486        0.18616737306016476      5.001914678983706E-7
0.6299723284473796        0.1941568219291762       5.294541294571452E-7
0.609680454302202         0.22843949102512986      6.603397532479298E-7
0.6252138917485054        0.20205027459333655      5.587720679048321E-7
0.6206584229252452        0.20991081716221094      5.881916377251692E-7
0.6177441479449441        0.21780582665853254      6.146897712385791E-7
0.6154843378829387        0.2248323455623528       6.377276643544876E-7
0.6599931335001715        0.16194297146236356      4.0011667493698135E-7
0.654981195132432         0.17003295455655085      4.26893413549581E-7
0.6499593724314879        0.17811590789532625      4.5431557815310423E-7
0.6749991944242888        0.15384904486491352      3.6000697462324567E-7
0.6699967496596545        0.16194503184191422      3.852795558674717E-7
0.6899999446180806        0.14575205681331468      3.224479613333755E-7
0.6849996994979657        0.1538492797414145       3.462648888019471E-7
0.704999996673636         0.13765473698764505      2.8734373261446826E-7
0.6999999826510185        0.14575206991340525      3.097485656111347E-7
0.7199999998622018        0.12955740036788824      2.54605479837451E-7
0.7149999990610553        0.13765473767604305      2.7563749135519655E-7
0.7349999999975267        0.12146006288009328      2.2415063147609334E-7
0.7299999999652447        0.12955740039681843      2.4384557874908005E-7
0.7499999999999956        0.11336272535538018      1.9590219277359687E-7
0.744999999999437         0.12146006288061668      2.1429277747632727E-7
0.7649999999999999        0.10526538782999859      1.6978832533665195E-7
0.7599999998114569        0.11336271322929148      1.8690451044568556E-7
0.7850000000000001        0.08907071277922957      1.3043894635479008E-7
0.7800000089815988        0.09716803202501635      1.4574200008649398E-7
0.775000052392659         0.10526528119901168      1.6161118931330777E-7
0.8                       0.08097337525384507      1.0961426413893472E-7
0.795                     0.08907071277922957      1.2370092440542133E-7
0.8150002506347596        0.07287587468527253      9.071373332264784E-8
0.8100003925925572        0.08097319241241105      1.0360656219407224E-7
0.8300013074022511        0.06477791008490626      7.368500046985418E-8
0.8250019004933103        0.07287483280302294      8.540426265340585E-8
0.845003286576816         0.056678964217349415     5.848002994090913E-8
0.8400050552651293        0.06477549134909007      6.904461866987344E-8
0.8600060895767205        0.048577409632089924     4.5054121456515894E-8
0.855009260036369         0.056674582213816965     5.4482555389415886E-8
0.875009592469438         0.04047375755592488      3.336899570084479E-8
0.870015331476068         0.04856874434716906      4.1674316250242776E-8
0.8900097115132722        0.03237236401757717      2.3393798761816496E-8
0.8850173994017756        0.04045892565885571      3.058682989015619E-8
0.9050081347691653        0.024270520910428108     1.509371473170978E-8
0.9000091779949558        0.0323499939216179       2.1191978920666218E-8
0.9200132997470087        0.016165471987945313     8.43871999518329E-9
0.915004053255338         0.0242411092817657       1.345606914002368E-8
0.9350196230637873        0.008064632031970779     3.410836847743488E-9
0.9400000000000001        0                        0
0.9300144560850485        0.016130037475644527     7.352313333432202E-9
0.008138029185138583      0.9448845520959804       1.4808646877135246E-8
0                         0.9500000000000002       0
0.00813313944235791       0.9548675146317717       1.2037729064000707E-8
0                         0.9600000000000001       0
0.016264577860792797      0.9397542357317912       3.243636953763849E-8
0.02428260684819628       0.9248488037562936       6.109701082743164E-8
0.024316728668288858      0.9346824663888031       5.2684260642727814E-8
0.03236835845225035       0.9099085547806709       9.895114297071778E-8
0.03235101616914808       0.9198158722645358       8.702911641226821E-8
0.040472513465941114      0.8949598595541378       1.4650028981935727E-7
0.040450702894566065      0.9048813194064984       1.3083266198260868E-7
0.048575385753536156      0.879976616792253        2.0445166028777406E-7
0.04856327953693684       0.8899468453090892       1.8455351805382402E-7
0.05668108848567358       0.8649895746684425       2.7361134193573023E-7
0.05667271598847346       0.8749657677967669       2.4898000721322034E-7
0.06477689968975549       0.849977725167244        3.549363567788849E-7
0.06478183430324504       0.8599754048745898       3.2492268057546456E-7
0.07284343749728335       0.8349449557954065       4.4940939791790296E-7
0.07286415647927912       0.844954884430784        4.1329860976881105E-7
0.08080513743509468       0.8199370968590467       5.575722660803139E-7
0.08088052836786865       0.8299296211873595       5.148857289557748E-7
0.08860054371987128       0.8049009965636069       6.804277996241842E-7
0.08881839866345773       0.8149486004419242       6.304948724913239E-7
0.09618271070457365       0.8002194232824547       7.567570467279046E-7
0.10290484156066498       0.7960394486318724       8.263931000530869E-7
0.10556995595373203       0.788829767925787        8.909801437053423E-7
0.11034801248981606       0.7808372772251562       9.797906767718776E-7
0.1151487313534352        0.7728045411465884       1.0747024199968162E-6
0.12005827632439559       0.7647461597211175       1.176496914179825E-6
0.12500658235370077       0.7566758308061474       1.2848099351615477E-6
0.1300015116453708        0.748582638341674        1.4000148852129543E-6
0.13500012547118487       0.7404865898807191       1.5217875252712724E-6
0.14999999999999994       0.7                      2.165908385951783E-6
0.1399999999999999        0.7323893501015379       1.6502199872458732E-6
0.14499999999999993       0.7242920125761535       1.7853772277402693E-6
0.1499999999999999        0.716194675050769        1.927289117201438E-6
0.15499999999999992       0.7080973375253845       2.075917226482681E-6
0.4080912988747125        0.34500085349892246      1.857023438822671E-6
0.4                       0.35000000000000003      1.9329919028028238E-6
0.41617421719289976       0.3400131172858623       1.7842484132776915E-6
0.42424281680179243       0.3350169169087041       1.7144001079377082E-6
0.43229456324485394       0.33000002003217355      1.647254071741115E-6
0.44037925792833765       0.3248504058389954       1.5818919008923967E-6
0.44855818152205673       0.31952328641244215      1.5177486818451229E-6
0.4648149250498419        0.308001328198945        1.3933801987549425E-6
0.456981700810148         0.3139020076133235       1.4536198118846413E-6
0.47263959708804704       0.31039975055293223      1.368599853609972E-6
0.4869769360807676        0.29920964727384314      1.2645461401419083E-6
0.48023118587821945       0.3050724153376771       1.3149871406000693E-6
0.49383750062780235       0.3000991759550892       1.2402177833056506E-6
0.5000250838829583        0.29657981237717834      1.2029422718315622E-6
0.5094829368708561        0.28506206451618493      1.1261572539732226E-6
0.5062923283265499        0.2929372761154403       1.1658746584849055E-6
0.517478707906455         0.28612650471049894      1.1009916035190955E-6
0.5867954677307001        0.24902482064902326      7.72405849564815E-7
0.5788781530003301        0.25323603911250814      8.055439162470906E-7
0.5709199127152428        0.25746282087798134      8.398688922719674E-7
0.5240696896244204        0.28267439948920003      1.066014408520591E-6
0.562951103501221         0.2616949179067108       8.753104496023949E-7
0.5549963722827238        0.26591529753637894      9.11782870214884E-7
0.5314073245165315        0.2785262381007224       1.0271386124998028E-6
0.5391719583477365        0.27432675754496244      9.878295566445103E-7
0.5470599434305198        0.2701253085626288       9.49309063076028E-7
0.5945915938281463        0.24484661702771152      7.40661520091502E-7
0.6022070974851433        0.24074257313590428      7.104996031875772E-7
0.6098082464260135        0.23684097091591116      6.817645860967584E-7
0.6449280351567238        0.18619668725419689      4.823964725529789E-7
0.6399817144916947        0.1942019923938091       5.107841808189224E-7
0.6351215719588886        0.20214057027516696      5.394691651420644E-7
0.6177061036667377        0.2326744169828652       6.524967230431389E-7
0.6304262064499168        0.2099648000296135       5.681438542659868E-7
0.6261225440888838        0.2175318715075192       5.95913633005666E-7
0.622254915201997         0.22494742659169786      6.228222938548692E-7
0.6649901636367317        0.17003850228707984      4.111810410579424E-7
0.6599764212526769        0.1781268310220601       4.3771042215515824E-7
0.6549618111071346        0.18620392194875612      4.6484331566020843E-7
0.6799986368093709        0.16194604585096503      3.706961362626273E-7
0.6749954553040661        0.17004156445168264      3.957406520238138E-7
0.6949998975905523        0.1538493687862576       3.3275574605895285E-7
0.689999486069946         0.16194648909776946      3.563633750403788E-7
0.709999994834957         0.14575207388146716      2.9726170903238864E-7
0.7049999675742077        0.15384939936606132      3.1947579670800217E-7
0.7249999997453558        0.13765473786464397      2.6412400671316917E-7
0.719999998526749         0.14575207502591134      2.849833090629457E-7
0.7399999999914989        0.12955740040393252      2.332592896212444E-7
0.734999999933292         0.13765473791452856      2.5279895034756614E-7
0.7550000083940217        0.12145998556248185      2.0458995616805145E-7
0.7500000525489939        0.1295571729881729       2.2284170491040156E-7
0.7700001394467358        0.11336238541339337      1.7804371583311162E-7
0.765000300295585         0.12145925313462029      1.9503649422099838E-7
0.7900000682189643        0.09716794334580031      1.3834854166718087E-7
0.785000368223632         0.10526471701716193      1.535538576196634E-7
0.7800009911487814        0.11336073811138137      1.6931342394970374E-7
0.8050002823829594        0.08907061404668241      1.1705624197722638E-7
0.8000005202938185        0.0971678648423393       1.3105952943405533E-7
0.8200024974847974        0.0809718918248802       9.76760144333453E-8
0.8150027918892447        0.08906936961516954      1.1049845227675642E-7
0.83500646207349          0.07287163743278546      8.015738359086264E-8
0.8300074038569651        0.08096816429298732      9.181708877665951E-8
0.8500127382004172        0.06477050501103941      6.445445696085257E-8
0.8450150797851929        0.0728654321496214       7.496869085184003E-8
0.8650205964410076        0.05666557431707069      5.052270112731612E-8
0.8600248673391228        0.06476072851616223      5.990968682297782E-8
0.8800287071612688        0.04855003695908372      3.8319814643344164E-8
0.8750382807880434        0.05664696788775134      4.6594212911872136E-8
0.8950171574503467        0.040428391410268605     2.782278717256228E-8
0.8900360544889891        0.048514376287472606     3.4988601781098736E-8
0.9099914187898229        0.03230304606948992      1.8999648080217132E-8
0.9049895629679153        0.040362298641083504     2.5070798567148286E-8
0.9249852460457215        0.024186700492293243     1.1823460094448012E-8
0.9199493748292397        0.032228498282581106     1.6819821271631876E-8
0.9450347678375733        0.008049397501947242     2.874946152738781E-9
0.9500000000000002        0                        0
0.9400413608200804        0.016105438066507025     6.278111469222686E-9
0.9349670323800118        0.024112707603404258     1.0199310448229001E-8
0.9550312035825863        0.008010460990408511     2.3374944585734927E-9
0.9600000000000001        0                        0
0.008090925351867784      0.9647625260105405       9.299933203815097E-9
0                         0.97                     0
0.008078815865305233      0.9744169099694148       6.7153145491318345E-9
0                         0.98                     0
0.016326842618055212      0.949691466106918        2.6989240807375346E-8
0.01628713053521433       0.959533051113309        2.1527262742367963E-8
0.024480198758042488      0.9444360374764607       4.4760023981578436E-8
0.032316023765972327      0.9295670437387505       7.561441780745709E-8
0.03238710204990912       0.9391510759651891       6.491707111363395E-8
0.0404226473237122        0.9147460908820308       1.1579323459530876E-7
0.040359179002354056      0.924400379037897        1.0146234539598682E-7
0.048528121466717165      0.8998444888150445       1.6551273329006492E-7
0.04847748945967586       0.9096405296423344       1.4732325663394246E-7
0.05665685703118732       0.8849310982303207       2.2543358882753308E-7
0.056610930155866344      0.8948118521198728       2.029463967432652E-7
0.06477586909519827       0.8699470667022755       2.963732798967323E-7
0.06475801574470123       0.8799011417653142       2.6911671388788027E-7
0.07287446462407549       0.8549495123708897       3.790453754928646E-7
0.07287640268060626       0.8649206762987447       3.4650476345029506E-7
0.08092576090027062       0.8399275506496763       4.743247704345442E-7
0.0809568650437915        0.8499198598138663       4.3582484549175323E-7
0.0888844480921004        0.8249388255494766       5.827592286585516E-7
0.08895259333701654       0.8349101745261847       5.377465061523476E-7
0.0968651020396224        0.8099913985369714       7.060156108999662E-7
0.0968623233674476        0.8199993857483585       6.527007416253793E-7
0.10548134608505692       0.8050528420398875       7.871709131073502E-7
0.1108488597329203        0.7966411727901967       8.733651452509138E-7
0.11535391039158838       0.7888687969155082       9.551479813974972E-7
0.1201559513936271        0.7808958788603698       1.045270886713686E-6
0.1250724103029928        0.7728390468745059       1.142170057148396E-6
0.130005910208109         0.7647718041963107       1.2448707771136194E-6
0.13500118241092074       0.7566795662099857       1.3539634113371253E-6
0.14000017448832996       0.7485838008220606       1.4689990525103759E-6
0.1450000094567414        0.7404866779756036       1.5900152089496314E-6
0.15999999999999995       0.7                      2.231129765297686E-6
0.1499999999999999        0.7323893501015379       1.717029611720952E-6
0.15499999999999992       0.7242920125761535       1.8500196658349491E-6
0.15999999999999992       0.716194675050769        1.988896999453364E-6
0.16499999999999992       0.7080973375253845       2.1334846937064363E-6
0.4080961158996153        0.3549930929532998       1.9071693822503086E-6
0.4                       0.36000000000000004      1.984854693485598E-6
0.4161807595008541        0.3499938022972368       1.8327702322679223E-6
0.42425578345278925       0.34499131389201626      1.7613850864837815E-6
0.4323156543157219        0.3399732805843688       1.6928027122581985E-6
0.4403743483948162        0.3349105900754993       1.6266526912368002E-6
0.44851013636683534       0.32962493452033903      1.5616441885687869E-6
0.45680377179897          0.32415502268660296      1.4975353636096578E-6
0.466192448031857         0.3182037037370584       1.4288225392444316E-6
0.47533774172497206       0.31773876300849696      1.385257467385428E-6
0.48175223816949875       0.3132430023760695       1.3397092687692152E-6
0.4904103764201888        0.3072923038075143       1.2806751214320232E-6
0.4989096121006238        0.3047962369981534       1.2367828169465715E-6
0.5072803740157259        0.3000852628967764       1.1870799387987327E-6
0.5140724823339241        0.29399812132723885      1.1403033929816512E-6
0.522481823644251         0.2910928117700857       1.0996258990339589E-6
0.5940925765516816        0.25370963839024235      7.656105283987434E-7
0.5861860198430922        0.2578644268857979       7.982047349874301E-7
0.5782218965246128        0.26205864338931356      8.32073238657334E-7
0.5702369746629592        0.26627080780931395      8.671042255867611E-7
0.5305359849294301        0.28695718056304537      1.0574685068807522E-6
0.5622477145693158        0.27047488711465245      9.032174737345022E-7
0.5542588215559668        0.27464888333379867      9.40370502604226E-7
0.5383499933735287        0.28285734310049854      1.0175504158953069E-6
0.5462798764640987        0.27877956986452446      9.78525617154007E-7
0.6018913677469512        0.24959580440129114      7.343699140129711E-7
0.6096652942341444        0.2455787283928407       7.043526444051457E-7
0.6173610284933811        0.24165618633724337      6.756325038141656E-7
0.6499620614006583        0.19426456944347387      4.92537370938487E-7
0.6450166880552713        0.2022602244935422       5.205959570531688E-7
0.640124278667608         0.2101958752375447       5.49013659635136E-7
0.6250982271579627        0.23805530894943747      6.484159751590172E-7
0.6259151897020911        0.2310404320569192       6.295717308089175E-7
0.6353129120566002        0.2179542601035164       5.774310642324952E-7
0.6305983393704551        0.22572816820328467      6.062447818955368E-7
0.6699876646280699        0.17813370989674795      4.2139663944757553E-7
0.6649767160567334        0.186216978327128        4.4764864721744657E-7
0.6599691351903308        0.19428401735501288      4.7446692094408385E-7
0.6849981081843914        0.1700430521632438       3.805695821030051E-7
0.6799940106265           0.17813773678933142      4.053723059452093E-7
0.6999998227485054        0.1619466616431515       3.422772906841757E-7
0.694999282407835         0.17004369917742335      3.6566363918277163E-7
0.7149999903229562        0.1538494090339361       3.064207081746453E-7
0.7099999431721145        0.16194672243617952      3.2843325254601404E-7
0.7299999995948824        0.14575207534277226      2.729087870906408E-7
0.7249999972469281        0.1538494118926006       2.935856271928853E-7
0.7449999999976006        0.13765473793097277      2.41657579138484E-7
0.7399999998953257        0.14575207542831672      2.6103312074108246E-7
0.7600006335063098        0.12955584323952002      2.1258619964352452E-7
0.7550008902673602        0.13765283376040174      2.3069076941591268E-7
0.7750019763090689        0.12145622445153421      1.8562429316179062E-7
0.7700032871960492        0.12955155831598794      2.024836041368157E-7
0.7950015216689934        0.10526378171156596      1.4561168106527686E-7
0.7900032358185016        0.11335729682112278      1.6070798135215334E-7
0.7850062263587239        0.12144924171461254      1.7634544534996557E-7
0.8100035892107442        0.09716680283137025      1.2386787855790782E-7
0.8050043662563933        0.10526251613825266      1.377795508643496E-7
0.8250082035472682        0.08906509160530418      1.0402119819518054E-7
0.8200093346915942        0.09716194452175368      1.1676612023561201E-7
0.8400155910252495        0.08096026614739159      8.602444040013761E-8
0.8350154841337789        0.08905455449963376      9.761820103537524E-8
0.8550273944020131        0.07285357840174034      6.98330330284397E-8
0.8500270119744554        0.08094465502179404      8.029166279676879E-8
0.8700414845649447        0.06474365164357491      5.540599065681068E-8
0.8650419380805437        0.07283511843842091      6.474791952572499E-8
0.8850600323266989        0.05662034387540914      4.2698291454503235E-8
0.8800605652903021        0.06471796388754146      5.0941504032575075E-8
0.9000015156046444        0.048428181510134394     3.167135894888567E-8
0.8950045988628116        0.05650157562284914      3.880735220329799E-8
0.9149239667098947        0.04025406016803728      2.233480731535887E-8
0.9099174301898036        0.0482851170969698       2.8373948618472965E-8
0.9298889081607093        0.03213400274854123      1.4658299853911085E-8
0.9248250613592641        0.04013011581867661      1.9632275753819094E-8
0.9500363135899343        0.016035850307566518     5.201115730636053E-9
0.9449740024464964        0.024025664160632575     8.584598530313375E-9
0.9398463031995821        0.03202009264581721      1.2509710962251844E-8
0.9650472972884458        0.007991787643031831     1.8106215374567804E-9
0.97                      0                        0
0.9600688427795641        0.015985730489905463     4.138622372284797E-9
0.9750012711847478        0.0077648761283562176    1.2571869947217328E-9
0.98                      0                        0
0.008822975732281857      0.9847987489496186       4.3449828898992766E-9
0                         0.9900000000000001       0
0.006778953433011379      0.9934653284311038       1.4335753590932861E-9
0                         1                        0
0.01612797118015947       0.969223624685109        1.6137807186619775E-8
0.015458205161895531      0.977488974921302        1.1281853455255272E-8
0.024751075960219988      0.954398544011967        3.688753859344017E-8
0.024293306708527584      0.9642527744178229       2.8233778793473438E-8
0.03284280187522416       0.9489229772299337       5.4844480789361576E-8
0.040319776284487234      0.9338917196880279       8.784608661907035E-8
0.040475157156967534      0.9430462972442637       7.539756552757055E-8
0.048434647481303376      0.9193520811716205       1.2992944308624428E-7
0.04829806103701062       0.9289441240288511       1.1306305658894472E-7
0.05653219014806334       0.9045753232982414       1.814826270104287E-7
0.05646965498474826       0.9142669192561518       1.6099050659551972E-7
0.06461675678168889       0.8995727289523593       2.1820663765517543E-7
0.06471056267902905       0.889781135609576        2.431060255045957E-7
0.07286681111260883       0.874871544368259        3.154837788435408E-7
0.07282353146865705       0.8847438434750734       2.859202910222642E-7
0.08097301583307141       0.8598946844101842       3.992300401899807E-7
0.08097268701311573       0.8698426958176121       3.6438218087921803E-7
0.08901380627260776       0.8448852914458077       4.950476765148387E-7
0.08905686790087024       0.8548586208451037       4.5441327299982897E-7
0.09694344164319318       0.8299202189380357       6.032764782355291E-7
0.0970379160441134        0.8398702548649184       5.564015901125487E-7
0.10467757312296325       0.8154080236411119       7.219664896388753E-7
0.10482789455198056       0.8250508381694921       6.698075087704573E-7
0.11180036421216766       0.8120839533074504       7.813217202319594E-7
0.11584447981867936       0.8051569478951852       8.473666988026037E-7
0.1204589253090968        0.7970467458439467       9.283954659051645E-7
0.1251644379918182        0.7890089328886857       1.0142815325380767E-6
0.130080326889891         0.7809403735588942       1.1066201571699894E-6
0.13500824544980566       0.772869823355596        1.2041782125248474E-6
0.14000132627204973       0.7647772055362544       1.3075612792781434E-6
0.1450002501829401        0.7566809967862661       1.4163390356316574E-6
0.15000000804668964       0.7485840119084493       1.5304932343978599E-6
0.15500000248004106       0.740486683083581        1.6500116965861177E-6
0.1699999999999999        0.7                      2.283492233071009E-6
0.15999999999999992       0.7323893501015379       1.7748331137996066E-6
0.16499999999999992       0.7242920125761535       1.9048359075208517E-6
0.16999999999999993       0.716194675050769        2.0398163187137862E-6
0.17499999999999993       0.7080973375253845       2.17946775008348E-6
0.4080970849677412        0.3649957049236252       1.95557947467136E-6
0.4                       0.37000000000000005      2.034755062135174E-6
0.4161889283334185        0.35999033870503644      1.879681768664522E-6
0.42427130792899576       0.35498412759619696      1.8068824917038009E-6
0.43234393686447015       0.3499639423706201       1.7369347937374099E-6
0.44040943023418416       0.34491136753098567      1.669575965905143E-6
0.4484695967186507        0.3397903615298961       1.6045001863768698E-6
0.45664836346570165       0.334515365225816        1.5406122790002534E-6
0.46480643597377874       0.3292710961397494       1.4793060851437035E-6
0.4732209323734444        0.3254694678738673       1.4245146749110699E-6
0.4814867786410817        0.32187735063065404      1.3730630694093486E-6
0.4901098977345779        0.31718961654100297      1.3178503169514392E-6
0.49822064961026097       0.3128004920007115       1.267785701458157E-6
0.6015270688209394        0.25841833584568047      7.579342440289016E-7
0.506378937458594         0.3085275657934484       1.2195816531997E-6
0.5140358646749261        0.3037086724696203       1.1730948266600865E-6
0.5215007060889396        0.2991860369096208       1.1297454874670564E-6
0.5295120245219608        0.2952734897000287       1.0876552807390553E-6
0.5936051732722861        0.26253056621589116      7.900797796068328E-7
0.585613318387341         0.26669493675344375      8.235456835208644E-7
0.5775921378989798        0.2709050353865124       8.582569272396831E-7
0.5695711953626594        0.27512310326758244      8.940706602926709E-7
0.5373939017539514        0.29132037167664077      1.047191672221844E-6
0.56154665183076          0.2793006472239234       9.308997837788455E-7
0.553459548609791         0.28337658465668547      9.687915375831407E-7
0.5453944098551071        0.28738217593080484      1.0075949898335116E-6
0.6094187874368346        0.2543228230855688       7.268592229790561E-7
0.6173147021932591        0.25031606018112873      6.969037179254455E-7
0.624920359691223         0.24662199261867912      6.692717709157979E-7
0.6549725679548791        0.20232430505318846      5.018094019173639E-7
0.6499830093621708        0.21030071870177264      5.295926299330292E-7
0.6313562024630698        0.24201104132025508      6.430486855039484E-7
0.6449356471092847        0.21820149660556057      5.579163578840443E-7
0.6334192839183241        0.2343780694392499       6.204657043628147E-7
0.6396588641562208        0.22609658491872967      5.873250514583921E-7
0.674986050390598         0.186226940281921        4.3076391861812356E-7
0.669975543250207         0.1943040357746437       4.5672590085581985E-7
0.664961772582828         0.20235936534811536      4.832358109220175E-7
0.6899973221324553        0.17813982226266534      3.896322770293481E-7
0.6849921850092239        0.18623301117096944      4.1417920209134523E-7
0.704999748938976         0.17004395322145985      3.5101782727232293E-7
0.6999989228778817        0.1781407849058471       3.741712148781526E-7
0.7199999828383379        0.16194674216472965      3.1482609068476957E-7
0.7149999225553527        0.17004404688990962      3.366265848145467E-7
0.7349999992475374        0.15384941269367222      2.809652321418266E-7
0.7299999950665438        0.16194674815083268      3.0145015260342697E-7
0.7500009459977041        0.14575013939160322      2.493466557713445E-7
0.7450008078522901        0.15384767654805062      2.685499317972395E-7
0.765004377340027         0.1376472609898405       2.1988904952654052E-7
0.7600048692749123        0.14574351945273553      2.3783755604773626E-7
0.7800097960777644        0.129541446193491        1.9252343069695444E-7
0.7750125477756716        0.13763462277681315      2.0924051652462897E-7
0.8000063675997551        0.11335406287527929      1.522259101773996E-7
0.7950118158910167        0.1214399026759001       1.6719886377607487E-7
0.7900193443403117        0.12952556668870815      1.827023559247128E-7
0.8150105063201525        0.10525833771034308      1.3004849409983844E-7
0.8100125301837562        0.11335006793332277      1.4385909998974445E-7
0.8300172415910677        0.09714910924954617      1.0974633651790305E-7
0.8250209439375645        0.10524524671215478      1.224067825768656E-7
0.8450247810670428        0.08903431911469396      9.128297266368539E-8
0.8400249500152652        0.09712475826445537      1.0280354854519874E-7
0.8600395629139745        0.08091902397905867      7.461549394767895E-8
0.8550307617612938        0.08899774726334253      8.501025927412728E-8
0.8750492805074823        0.07280423403505645      5.97110389045001E-8
0.8700336925858405        0.0808665381897315       6.899065368250734E-8
0.890001176241198         0.06458489896892337      4.6479753194019124E-8
0.8849953057056612        0.07267212472145         5.4681869643155837E-8
0.9049355699067038        0.05636113780438766      3.495522244757674E-8
0.8999037812507767        0.06440336757343708      4.2058180245630644E-8
0.9197945548183656        0.0481008053914056       2.5109125477516118E-8
0.9148121410285539        0.056142100711342235     3.112687098416285E-8
0.9296434251240832        0.04795273377477809      2.1913750608663556E-8
0.9347078800038204        0.04004478648338782      1.6982809668698425E-8
0.9446010415313703        0.039904156722889224     1.43355663905415E-8
0.9550115805325273        0.023979612954517195     6.995526393083272E-9
0.9499246440823064        0.031875470345221035     1.0351038764513292E-8
0.9651533257304961        0.02385975743284774      5.385463293668332E-9
0.970117706119563         0.01602439240392186      3.1016019147430935E-9
0.9799458303470229        0.015144015803168043     1.9658835681904243E-9
0.9848967933534531        0.007429060920015569     7.26299228057192E-10
0.9900000000000001        0                        0
0.9932219638915555        0.006517353465659399     2.85881838578382E-10
1                         0                        0
0.019874535213891042      0.9847018894290474       9.829078188918025E-9
0.015071791432775039      0.9925278932058998       3.640446205804378E-9
0.009999999999999993      1                        0
0.024560433204489453      0.9748847624100809       1.9966162731072053E-8
0.03160346890165057       0.9685360665003605       3.2177612849095017E-8
0.03428315673428421       0.9595503978198184       4.501489029951741E-8
0.04196385409818476       0.9521649293472066       6.518422543673119E-8
0.048079428098739614      0.9381380584264862       9.720984558632088E-8
0.04734667120396524       0.9458701244697767       8.330601369206174E-8
0.056548951421778855      0.9238472876489721       1.417285255590128E-7
0.05634325747162132       0.9332633763821309       1.2267593183438994E-7
0.06446619101010681       0.9092001781264714       1.9447674704214615E-7
0.06432710986814878       0.9187127910459126       1.7188473330711823E-7
0.07257378268713904       0.9042160666786082       2.3055128472674589E-7
0.07275939019429772       0.8945705061710355       2.576280008880499E-7
0.08092415382491777       0.8797020633946271       3.3119525779963807E-7
0.08087956629099292       0.8895098715914105       2.9957949678415585E-7
0.08908081782080382       0.8648143680001701       4.1570532848284383E-7
0.08905621194631332       0.874696497967706        3.788314301408376E-7
0.09712102269288665       0.8498167065495421       5.118598969405546E-7
0.09717181087344745       0.859762631408394        4.693277435966789E-7
0.10502222711833438       0.8348963710625107       6.195302180077486E-7
0.10517440520064181       0.8447927666674295       5.713273315730999E-7
0.11254960367729104       0.8203126570341257       7.366126000368795E-7
0.11292798557128458       0.8299553580905585       6.84034597263536E-7
0.12044881835684772       0.8144892959269411       8.126845926925795E-7
0.12538739161929247       0.805412775294668        8.979170840065248E-7
0.13019622530173094       0.797176028594202        9.818340413879178E-7
0.13509205333914862       0.7890560096470428       1.0700748631943575E-6
0.14001169592003745       0.7809675966968904       1.1629289417515342E-6
0.14500187642524298       0.7728745778353787       1.2609914470275515E-6
0.15000021302951483       0.7647783543136514       1.3639558884917783E-6
0.1550000053789425        0.7566813214828022       1.471772362481997E-6
0.1599999986092346        0.7485840168398342       1.58439617111943E-6
0.1649999999203785        0.740486685403542        1.7017417137031508E-6
0.17999999999999994       0.7                      2.3233558541517936E-6
0.16999999999999993       0.7323893501015379       1.8236659143104465E-6
0.17499999999999993       0.7242920125761535       1.94995116006804E-6
0.17999999999999994       0.716194675050769        2.080288006392912E-6
0.18499999999999994       0.7080973375253845       2.2142551579634098E-6
0.4080980862132309        0.3749980398473505       2.0019283605505246E-6
0.4                       0.38000000000000006      2.0824205457944293E-6
0.4161941322262125        0.3699936554738292       1.92473865564472E-6
0.42428450799358475       0.3649868796021066       1.8506708801357696E-6
0.4323668499576039        0.3599729373155716       1.779529889276185E-6
0.44044187832130693       0.3549396452306051       1.711088069851372E-6
0.44851116679013914       0.3498903853949246       1.6451951785042644E-6
0.4565892349230831        0.3447309943970554       1.5812672750890725E-6
0.46471100501289203       0.3395197820812527       1.5192535306310328E-6
0.47301648715834466       0.33503859032998107      1.461275797880012E-6
0.4812612968344477        0.33076777720740275      1.4063941153948397E-6
0.4895525322525715        0.3264035672679336       1.352870863607625E-6
0.4977805936263593        0.32184663296950633      1.3008015701668747E-6
0.5058723516550152        0.31729050343583265      1.2510649071807954E-6
0.6090859854863064        0.2631437533196601       7.494115734400067E-7
0.6011700528959933        0.2672115953067471       7.810312852351064E-7
0.5137521359207486        0.31261021147141915      1.2034173882622452E-6
0.5212305522316245        0.3078448364192182       1.1585803538551236E-6
0.528703927763666         0.3034989911513495       1.1164258213994702E-6
0.5364908638960597        0.2995984706685889       1.0757380119922545E-6
0.5930953800692387        0.27131225228734845      8.141465773680749E-7
0.5850613194639807        0.2755566871693838       8.485399848301582E-7
0.5769695586668051        0.27980457162153427      8.841871362435379E-7
0.5689198816268706        0.2840461278241436       9.208008567847506E-7
0.5445669490930555        0.29582717186702373      1.035636637107369E-6
0.5609446119261882        0.28821212625277837      9.581060551198575E-7
0.5528000513908383        0.2921008753305551       9.96352311312132E-7
0.6170598288718412        0.2588837710428178       7.181121588962679E-7
0.6165853305984357        0.2673962131474039       7.394167721237485E-7
0.6254629144321298        0.25483285960962254      6.87150585655646E-7
0.6338779433261629        0.24979761957950086      6.548862736056397E-7
0.659933482733896         0.21037964998916792      5.102832021361609E-7
0.6548537009676476        0.2183572638006481       5.379256075476198E-7
0.6394649379969204        0.24172672483999239      6.234587890881173E-7
0.6424975900936556        0.24879787531653605      6.320430641884031E-7
0.649612069065019         0.22628895899057766      5.663998061324766E-7
0.6440231739394003        0.2340228253872675       5.958190607492617E-7
0.6799822848637799        0.19431888282863632      4.392954621557001E-7
0.6749655126943921        0.2023903760587417       4.649675057690064E-7
0.6699324784289807        0.21044006034090812      4.911949784189153E-7
0.6949960517345807        0.1862361573419829       3.9789013457340116E-7
0.6899887447379465        0.19432771011546116      4.22170526390421E-7
0.7099996305876369        0.17814118291748984      3.589832832240693E-7
0.7049983739335325        0.18623757001383415      3.818921915982348E-7
0.7249999930882756        0.17004408458126186      3.2248387035143733E-7
0.7199999040404261        0.17814127770855234      3.440619867103554E-7
0.740000626224591         0.16194536106002144      2.882962171797044E-7
0.7350005214468732        0.17004294717650484      3.085805807997356E-7
0.7550048802597943        0.15384080861493715      2.563257611591138E-7
0.7500046795469949        0.16193918397921156      2.753491737171405E-7
0.770014279907654         0.14572866223069986      2.2649290251233225E-7
0.7650155823356269        0.15382440871578462      2.442770335088656E-7
0.7850256613710968        0.13761404580984476      1.9873947114540157E-7
0.7800297347624902        0.1457030594062713       2.1530429427129048E-7
0.8050165841740764        0.12143355235099904      1.5818823548014647E-7
0.7950452221704939        0.1375782472284359       1.883705721887078E-7
0.8000285360929784        0.12950596997858352      1.730217465275524E-7
0.820025014090087         0.11333955394732013      1.3559317789899945E-7
0.8150264139481266        0.12142846136388523      1.4929998712961174E-7
0.8350312893043097        0.10521792225849766      1.1484900074347684E-7
0.8300415897251381        0.11331448724132592      1.2741735931644813E-7
0.8500247861490879        0.09707983246020908      9.593181908050599E-8
0.8450363853247431        0.1051697025279178       1.073701076173487E-7
0.8650145629613912        0.08893065221431395      7.879808360599042E-8
0.8600027556868309        0.097000730457151        8.912746060241946E-8
0.8749709557306359        0.08883092696005614      7.264904227303457E-8
0.8799867481054077        0.0807584270398053       6.340831936946443E-8
0.8949020096883892        0.07248858086106277      4.96987012988333E-8
0.8899183329126332        0.08060835261846656      5.7873591125976945E-8
0.9098085198672765        0.06422330314409273      3.769410872517137E-8
0.9047299762807359        0.07221260655269308      4.47610293790977E-8
0.9196245668829857        0.06386595087021489      3.3329939075607476E-8
0.9246175476306641        0.0557994858890988       2.7318195254084033E-8
0.9345378144683413        0.05561867606731552      2.3601405008909636E-8
0.9393663382217223        0.048004774773961256     1.887259522366919E-8
0.9486700157042288        0.047878217546540536     1.5911997748789665E-8
0.9550866768296843        0.03959420627621302      1.1515584425224173E-8
0.9597844443756139        0.031961196397739755     8.324989374058446E-9
0.9682547568720765        0.03134991124396541      6.440783786703803E-9
0.9752994154139808        0.025012431348922764     3.998182513285295E-9
0.9844421156507743        0.022521962371343587     2.266762974827838E-9
0.991213026104324         0.015157706408281296     8.617670364514698E-10
1                         0.01000000000000012      0
0.02983670054063592       0.983960611127404        1.5421890453492115E-8
0.024954253523452034      0.9922014120797567       6.27437563040974E-9
0.019999999999999987      1                        0
0.0347899688055871        0.975981540721981        2.6927161414756424E-8
0.04009047905536451       0.9680108571320986       4.133933676518019E-8
0.04483855893295641       0.9602495361685365       5.750913151098736E-8
0.05132393032527177       0.952089473273848        7.938079095609025E-8
0.055953449214825694      0.9433733715343682       1.025548088269764E-7
0.0628435348307679        0.9373203453583637       1.273878208716537E-7
0.06542097768784079       0.9285444340091651       1.5200618238040034E-7
0.0722654264704369        0.9135417254334613       2.0499231600298992E-7
0.07143550728259107       0.9214616132520488       1.8266215736749817E-7
0.08068322929321436       0.9085630548212721       2.41259772138011E-7
0.08094238073289213       0.8992092031403793       2.698484820442084E-7
0.0889412061430735        0.8845384089647678       3.4336643506469264E-7
0.08887688341205557       0.894277971588878        3.09860139281901E-7
0.0971989836906384        0.8696590365607986       4.2885234474406795E-7
0.09712322726895685       0.8794272103679378       3.902595907006824E-7
0.10525390162994788       0.8547321730156333       5.249420429234342E-7
0.10531154534532491       0.8646729082331874       4.806201345248138E-7
0.11320654660996404       0.8397976835604922       6.324957856791313E-7
0.11335987277004766       0.8497085019290871       5.825501171352299E-7
0.12072597535251461       0.8250392951679062       7.495696225463564E-7
0.12125600980746527       0.8347808655939232       6.955742929937026E-7
0.12764583038490096       0.8206534844959156       8.090921474240033E-7
0.13045646464844646       0.8133380463577198       8.699615759664725E-7
0.1351973963021782        0.8052865048369627       9.486260880810365E-7
0.14010418827914767       0.7971699076725011       1.032808746632221E-6
0.14502687369191272       0.789068450212804        1.1212968359817387E-6
0.1500042139305869        0.7809716932607422       1.2143918093518806E-6
0.15500028824915474       0.772875788332921        1.3119586386880385E-6
0.16000000299656209       0.7647786553935907       1.4139248800268746E-6
0.16499999627362374       0.7566813474892486       1.5202111220814706E-6
0.16999999824185597       0.7485840208835609       1.6307151124182986E-6
0.17499999965057592       0.7404866866264302       1.7452816198172409E-6
0.18999999999999995       0.7                      2.351296475159454E-6
0.17999999999999994       0.7323893501015379       1.8636880800949657E-6
0.18499999999999994       0.7242920125761535       1.9856307332682033E-6
0.18999999999999995       0.716194675050769        2.1107086751157168E-6
0.19499999999999995       0.7080973375253845       2.2384059094075374E-6
0.4080973375253845        0.38500000000000006      2.0459766348020688E-6
0.4                       0.39000000000000007      2.127574754422151E-6
0.4161958000074935        0.37999729084644335      1.967686265062762E-6
0.4242913947271532        0.3749929106833261       1.892535657843975E-6
0.43238252654695525       0.3699836195352941       1.8203355502923415E-6
0.4404674083258305        0.36496406014608035      1.7509040438582775E-6
0.448549583529483         0.35992562332163963      1.6840301275270377E-6
0.4566363662728006        0.3548605160889838       1.6195041996106534E-6
0.46473083342840865       0.3497788559032271       1.5572245620337092E-6
0.47297573245813473       0.3449700797315094       1.4973838091332714E-6
0.48111622331039405       0.3402547015098958       1.4405071008662358E-6
0.48928123385295447       0.33570889510324764      1.3860598311981725E-6
0.49741549134638874       0.3310521068743951       1.3332417319750085E-6
0.5055461496437943        0.3263751862238778       1.2821504616987875E-6
0.5135766981160295        0.3216025997678163       1.2328713650650594E-6
0.6092682111519079        0.27265036493401845      7.71773519942023E-7
0.617032797567774         0.2739397605797754       7.533283698514141E-7
0.6004751584447692        0.2757169096737896       8.039920896479151E-7
0.5214244983968           0.3166928065902054       1.1855058877701668E-6
0.528386681617117         0.31178386387938384      1.1430661652764892E-6
0.5354924093217288        0.30771790647716757      1.1037959815002084E-6
0.5347541242416064        0.3143176475438049       1.1260478503778271E-6
0.5434414013317984        0.3040273349711121       1.0636554672800374E-6
0.592676606799789         0.28018326393643606      8.377778543011747E-7
0.5844974874757851        0.28448557886320675      8.733349168018375E-7
0.5763770980504105        0.288826167100752        9.099249568990589E-7
0.5684779000692592        0.2932189994728797       9.47079336524689E-7
0.5519287676319676        0.3005480469693114       1.0234268070130659E-6
0.5605396757501895        0.2972718871120483       9.845850856152806E-7
0.6245020728883031        0.26329089777215214      7.090445267388112E-7
0.6240338636022523        0.2719276280841518       7.297746177814868E-7
0.620692434440358         0.2776006388670975       7.515331705307697E-7
0.632567949979347         0.25914458877802354      6.7909226919169E-7
0.6407424221009572        0.25568552866235683      6.512555958513837E-7
0.6648596102252436        0.21846713067639867      5.180226329095954E-7
0.6485550575410645        0.2523185508027501       6.252743209617224E-7
0.6597076701140753        0.2264854531442778       5.45567739926997E-7
0.6491480129351389        0.24335523877108417      6.047748774240008E-7
0.6544546026755338        0.23456289227054575      5.740415584676001E-7
0.6849747886336902        0.20241079230639403      4.470038233084641E-7
0.6799471759132243        0.21048018772593216      4.7238950534739226E-7
0.6748897748682782        0.21853518673004155      4.98355990837999E-7
0.6999943208177225        0.19433203881939917      4.0534994202371927E-7
0.6949851041879452        0.20242208445800258      4.293517722340399E-7
0.7149998181159248        0.18623783960508544      3.661789381118477E-7
0.7099989911483279        0.1943330527905095       3.888297421132577E-7
0.7300005421439474        0.1781400796953183       3.2939767001607943E-7
0.7250014128727237        0.18623595932913628      3.507399906715515E-7
0.745004361611764         0.17003745539373186      2.949011703110654E-7
0.740004237901188         0.1781343412549599       3.149742437924627E-7
0.7600160361987335        0.16192206607986936      2.62589273920191E-7
0.7550146599295783        0.1700199109881129       2.814236053061854E-7
0.7750330773753814        0.15379396695829212      2.3239286723875548E-7
0.7700351006993085        0.16188752471966605      2.5000237629115135E-7
0.7900523413631519        0.1456617805319049       2.0425996267059858E-7
0.7850544632440236        0.15374638466754634      2.2066878477286376E-7
0.8000851863262114        0.1456172751517892       1.9336898533899398E-7
0.8100195432015259        0.1295132021170646       1.6353000675851835E-7
0.8050647842112981        0.13752967934863275      1.7814036511938636E-7
0.8250440392790114        0.1214230356403967       1.4052406831458055E-7
0.8200414297704373        0.12951017200038162      1.5412667124468065E-7
0.840060192966261         0.11326643518693488      1.1932227279912844E-7
0.8350776715331074        0.12137818533524776      1.31807028611305E-7
0.8550179485101816        0.10511048730509266      9.999138439889676E-8
0.8500621033524727        0.11319344817612724      1.1131985085342457E-7
0.8699490931466423        0.09688380993959567      8.239530169012756E-8
0.8649537243846206        0.10495654609990535      9.265336458253549E-8
0.8798793512024233        0.09676270605428729      7.575252516670978E-8
0.8849092753207548        0.08871416831146652      6.657028643855058E-8
0.899746818021595         0.08029642952539633      5.235712237396176E-8
0.8948225602150405        0.08851846981974175      6.05228266334262E-8
0.9145880864635106        0.0720840441696923       3.996075949872995E-8
0.9094107540383931        0.07975622102333108      4.6878025424024365E-8
0.9243637994313337        0.07160805764529828      3.5080319852581244E-8
0.9292927834616552        0.06311664851953643      2.892215762346157E-8
0.937163518403953         0.0625942952814943       2.5455247887168414E-8
0.9440371869871227        0.05662951030379809      2.0507296168645006E-8
0.9527212759469648        0.05399812346742622      1.6506148272335207E-8
0.9580258554843574        0.04771725480383686      1.29526125236454E-8
0.9659142036246925        0.040323206987393195     8.889116317068738E-9
0.975377267782566         0.03550456943640654      5.652442781739487E-9
0.9837480088292441        0.03069361429239184      3.225193135917217E-9
0.9918726690955427        0.02558033626688032      1.3443397849335E-9
1                         0.02000000000000013      0
0.039899168398115345      0.9839754667545111       2.0507058122451687E-8
0.034941844098280515      0.992018595369046        8.95574206234548E-9
0.02999999999999998       1                        0
0.04493902943540493       0.9759719733107223       3.460770764950663E-8
0.04999381406529524       0.9681665231248088       5.0989667927205316E-8
0.05518981383424981       0.9600370021947944       7.067559002418618E-8
0.06060689612615134       0.9519317409748891       9.33955288369993E-8
0.06583161372332984       0.9443048088381376       1.176249962708288E-7
0.0707578660814212        0.9365594749424521       1.4421451430107943E-7
0.07561190500689124       0.9279702354443874       1.754435586794903E-7
0.08039329286653898       0.9187725049643766       2.1119523482956272E-7
0.08732857262130074       0.912678392779123        2.4626112336919575E-7
0.0898798757455465        0.9041131320560799       2.802457429906484E-7
0.09687703963911873       0.8889877950040047       3.534853653199685E-7
0.09595047224727757       0.8970848345841345       3.21408718983091E-7
0.1054346439922128        0.874523076979665        4.3885452554232004E-7
0.10520348657886451       0.8840992644405608       3.987404140716877E-7
0.11338287408860026       0.8596378531923922       5.34341674604388E-7
0.11340302339225056       0.8694899797454629       4.886507566702475E-7
0.12141052851257764       0.8446662263660842       6.417541814399408E-7
0.12156188779208607       0.8544739985334134       5.908606779633323E-7
0.12917492228309835       0.839618164632169        7.013645815418896E-7
0.13009010051535236       0.8296084657463284       7.644752184022819E-7
0.13561887851245188       0.8212859159633443       8.410558613659323E-7
0.14013884519300357       0.8133383991863944       9.146968267783396E-7
0.14509472412709437       0.8052629050640449       9.94997054917432E-7
0.1500440199791022        0.7971672844279943       1.0793826528451277E-6
0.1550097149907767        0.7890701334773572       1.1678500914673112E-6
0.1600003565827287        0.7809732109862323       1.2604193426810358E-6
0.1650000180538993        0.7728760044093971       1.3569891970211434E-6
0.16999999502526258       0.7647786875512466       1.4574514375471483E-6
0.17499999736575647       0.7566813567939116       1.5616934932740588E-6
0.1799999994002518        0.7485840241393253       1.6695541897677005E-6
0.18499999980888138       0.7404866872385166       1.7808122952960867E-6
0.19999999999999993       0.7                      2.368071858770192E-6
0.18999999999999995       0.7323893501015379       1.895175013363279E-6
0.19499999999999995       0.7242920125761535       2.0122655071151686E-6
0.19999999999999996       0.716194675050769        2.131609029822705E-6
0.20499999999999996       0.7080973375253845       2.2526182107933857E-6
0.4080973375253845        0.395                    2.0874479191646196E-6
0.4                       0.4                      2.1699412895368774E-6
0.4161953471864246        0.38999929644333825      2.0082777418181613E-6
0.42429315954015223       0.3849973617939812       1.932240410712133E-6
0.4323892808610486        0.37999312439451693      1.8591613547912985E-6
0.4404824407966899        0.37498204121642037      1.7888640398431923E-6
0.4485722461492874        0.36996152494430173      1.721186563395164E-6
0.45666490829262896       0.36493046794408235      1.6559467893603317E-6
0.4647716246349745        0.3599050055023971       1.5930123530064686E-6
0.4729280687996623        0.3549412078333315       1.5322731801195964E-6
0.4810387259775182        0.350071679032842        1.4742233462803753E-6
0.4891424656342803        0.3452980760077942       1.4185263054271412E-6
0.49723627254374464       0.34052358551654327      1.3647670822579373E-6
0.5052683680542778        0.33564822155907326      1.312771653976568E-6
0.5134024641627439        0.3308480305696885       1.2622789045639938E-6
0.5214829356935           0.32581808194385253      1.2129820218091875E-6
0.614587072820468         0.2801154324149636       7.742306664387305E-7
0.6070186316925622        0.2801699909919795       7.95895461628854E-7
0.6005698611220784        0.28480442692183205      8.25669001834879E-7
0.5301179868017808        0.32049724605954216      1.1622273505741848E-6
0.5377113160599866        0.3189890180779992       1.1280748205344272E-6
0.5420286830383673        0.3129418221794001       1.0944435351629362E-6
0.5512440286307239        0.30838892741938256      1.0477464636637435E-6
0.5923840037638726        0.28923699860042595      8.610202141850646E-7
0.5839655969436225        0.29369447784134456      8.982807256863465E-7
0.5759150171338129        0.2977707445211849       9.345628441546578E-7
0.5682569714819321        0.30323502308194905      9.742494439978002E-7
0.5591221390837808        0.30570438367048886      1.0123680911586785E-6
0.5570851637929426        0.3123884740499353       1.0374701634096072E-6
0.617359374097447         0.2861134176478166       7.79800827244929E-7
0.6208353489696407        0.2823526933960479       7.616659763180019E-7
0.6313025498458129        0.2675603259708934       7.009127298068566E-7
0.6311536542564974        0.27396585067332846      7.15223080774464E-7
0.6269730892416553        0.2796676798605487       7.388080537576914E-7
0.6393275540444088        0.263785682655847        6.722020962086377E-7
0.647632914924329         0.26018407473848876      6.439950186478502E-7
0.6697836594816597        0.22658411619084665      5.24961447410589E-7
0.6559836978791226        0.2564617331567128       6.162629077319691E-7
0.6553257073131847        0.24942685417132213      6.033961019413047E-7
0.6646334906544743        0.23463977861145194      5.522301022086647E-7
0.65958878694286          0.24258138867875967      5.795865046202416E-7
0.6899648952729657        0.21050388765609987      4.538970688524806E-7
0.6849228993597173        0.2185750487301326       4.789989982146935E-7
0.6798465362607092        0.22664013667674432      5.046913320088713E-7
0.7049949187477719        0.20242645428782247      4.1201277177461877E-7
0.6999818048165554        0.2105154998049689       4.357289171790085E-7
0.7200033628136272        0.19433009773377674      3.726007873541813E-7
0.7150040757679546        0.20242376089188696      3.949802277502459E-7
0.7350056222743896        0.18622896604458614      3.355595493991908E-7
0.7300089748395635        0.19432096701494808      3.5664965958338927E-7
0.7500124073423263        0.17811591339121716      3.007706437101936E-7
0.7450117838588062        0.18620876583598997      3.206191067530114E-7
0.7650319926877033        0.1699843805033394       2.68133975058251E-7
0.760023578618891         0.17807814757316873      2.8677416726418295E-7
0.7800605319949035        0.1618367944316939       2.375885574719058E-7
0.7750588660056364        0.16993085091627777      2.550254610655333E-7
0.7950805393745908        0.15368952772438674      2.091104225948916E-7
0.790067898472994         0.16176159167924095      2.2536245240284165E-7
0.8051385441685525        0.15362452153438177      1.97683211459744E-7
0.8101481695467729        0.14553284736848981      1.8256087279381252E-7
0.8150452266606848        0.13755723030219008      1.681869134321278E-7
0.8300806250354479        0.12949253623366277      1.4481654948841614E-7
0.8250458008356596        0.13762277090511343      1.5838629348509694E-7
0.8451097036030302        0.12130592028966576      1.2317799426402956E-7
0.8401128414311496        0.1294000928751511       1.355585646445197E-7
0.8600224994713005        0.11306147287210827      1.0339804603714171E-7
0.8550773767161188        0.12110555865170881      1.1459719040460211E-7
0.8748399933956004        0.10475826482705154      8.541066232068989E-8
0.8699003631601115        0.11281753533941705      9.554968557182548E-8
0.8847533848950447        0.10460212176025852      7.827394999392885E-8
0.8898540190819828        0.0967764287249161       6.925215426346579E-8
0.8996170849186423        0.09626578834009025      6.261092343952265E-8
0.9044229926766858        0.08785741720642498      5.445124009869586E-8
0.9124474546662252        0.08722377132930675      4.942669766704174E-8
0.919590127205684         0.08083729665961661      4.206289392883781E-8
0.9284783055318836        0.07838168252629868      3.622853723885509E-8
0.9346089270422846        0.0713627231264308       3.016568177954723E-8
0.9438378262329209        0.06656830942440776      2.4152147640813006E-8
0.9519631037353142        0.06174443255399507      1.9154841232616262E-8
0.9595729253659474        0.05683320607851532      1.4836272751526459E-8
0.967331506436012         0.051053209555343836     1.0770497397901166E-8
0.9753826264050469        0.04533121746879531      7.207369220860124E-9
0.9836645955503555        0.04031703527697069      4.254125173701189E-9
0.9918522712941918        0.03520608330650874      1.853350926631041E-9
1                         0.03000000000000003      0
0.049927944882878106      0.9839445902705823       2.555641627912778E-8
0.04495902624084548       0.9919759081095523       1.1522950248287081E-8
0.03999999999999997       1                        0
0.05486079854984864       0.9758774017536741       4.213508212676076E-8
0.059961586994735076      0.9678461057972638       6.132602096265332E-8
0.06516960827654279       0.959885242887224        8.310290621136956E-8
0.07023758727816427       0.9519293604738857       1.0732197498998615E-7
0.07533613585781349       0.9440181869070111       1.3409825489340706E-7
0.08012569146577578       0.9358570095654701       1.6362179392264138E-7
0.08523373614724901       0.9275539092810293       1.968797121922986E-7
0.09019467324408953       0.9196386037393135       2.3150457185840612E-7
0.09549010269482282       0.9121855272796051       2.6813752232256833E-7
0.10028381225252697       0.9037412353180957       3.096927302852166E-7
0.10516696218448442       0.8944990800777501       3.5762252852718955E-7
0.11210836279448148       0.888107451428635        4.034923094583544E-7
0.1144579898611558        0.8794011574519808       4.4792052905913573E-7
0.12147496361086534       0.8641174037393282       5.422001531109089E-7
0.12057811895268394       0.8722791941694638       4.999834045971247E-7
0.12981435713312323       0.8590627180006583       5.967822724382862E-7
0.1298970932391662        0.8496098450285507       6.479255882048644E-7
0.1372647243265547        0.8444243064894219       7.044952814280595E-7
0.13643703244401584       0.8363843217631903       7.492795824277881E-7
0.1402906092177335        0.8293681161298274       8.081956254109943E-7
0.14509993216115608       0.8214206232400467       8.799189725646325E-7
0.15005942131977834       0.8133514989532565       9.566229323445985E-7
0.15503714599007148       0.8052628038465298       1.0371791879907499E-6
0.16001196329208078       0.7971676815610235       1.1214262518259653E-6
0.16500195817646665       0.7890705830788303       1.2093888117786098E-6
0.1700001968928431        0.7809733445609711       1.3009780580542355E-6
0.17499999909357228       0.772876030062585        1.3960883733815383E-6
0.17999999759357946       0.764778696525354        1.4945972116687863E-6
0.18499999912549006       0.7566813613282196       1.596341434338923E-6
0.18999999966059433       0.7485840245982316       1.7011051064098742E-6
0.19499999999999995       0.7404866876269225       1.8086095666666237E-6
0.21                      0.7                      2.3745783013777306E-6
0.19999999999999996       0.7323893501015379       1.9185034902633236E-6
0.20499999999999996       0.7242920125761535       2.0303522088432704E-6
0.21                      0.716194675050769        2.1436267261044784E-6
0.21499999999999997       0.7080973375253845       2.257692983008984E-6
0.4080973375253845        0.4050000000000001       2.126105984537013E-6
0.4                       0.41000000000000003      2.2092479629679453E-6
0.416194675050769         0.4000000000000002       2.0462727715665645E-6
0.42429271404534585       0.39499934270737713      1.9695543189012857E-6
0.4323903267846716        0.3899981638792489       1.8957858096094008E-6
0.44048774043061245       0.3849933829567745       1.824793221133513E-6
0.4485831413671936        0.37998327810100585      1.7564322573793177E-6
0.45667796708794867       0.37496802481816416      1.690555004143984E-6
0.4647783564054307        0.3699552826234694       1.6270231109476234E-6
0.4728911561986111        0.36496365975221656      1.5657429197411956E-6
0.48100226404098206       0.3600092979817016       1.5067315991754064E-6
0.489092726803863         0.355107565611327        1.4500195993215324E-6
0.49717379519701205       0.35023406803130225      1.3953598716600024E-6
0.5052300975404257        0.3453229514579816       1.3425267075422087E-6
0.513255292664819         0.34034256217517805      1.2913660106093224E-6
0.5213073688066803        0.3353223821106473       1.2416342543073597E-6
0.5294206479752264        0.33028705320835955      1.1932086902317046E-6
0.6098805076873318        0.2876685036864258       8.049265451730569E-7
0.6007856652817032        0.2930646600862086       8.444744074285953E-7
0.5372567375436162        0.32585248088886637      1.149103412036513E-6
0.5443991051865499        0.32133592839005415      1.108785301127506E-6
0.5515819287046252        0.3165805047030279       1.0688007721919322E-6
0.5920681914998278        0.29937531060874634      8.86379701556441E-7
0.5826463738351729        0.30267426622016763      9.247242516148152E-7
0.5757517481571153        0.30495919660740023      9.532792230026632E-7
0.5723114822093652        0.3094498463457459       9.762151104068842E-7
0.5653651646960232        0.31233631322513444      1.0077479402582588E-6
0.5594107380987675        0.31868492355536576      1.0454439915665384E-6
0.6171800299112464        0.2926100814852766       7.945349941827825E-7
0.6243478413247094        0.28780676032433616      7.635839978438278E-7
0.6378691373618272        0.2715653609154974       6.924484352923487E-7
0.6355602786644916        0.27906955326990557      7.142710269149734E-7
0.6321911282081893        0.28494210895773164      7.356491646426668E-7
0.6460270667947192        0.2682404746620377       6.646399450251513E-7
0.6546064519030418        0.2648897298085575       6.365346815787382E-7
0.6747231824011414        0.234719052768303        5.310425712968312E-7
0.662699240774974         0.26136226533680934      6.100687459249022E-7
0.6640084000572885        0.2518740421669556       5.88389387868749E-7
0.6695257659665071        0.24289765681613407      5.582882635083037E-7
0.6949534932018874        0.2185963472338875       4.5997877108683994E-7
0.6899053599804713        0.2266684782966687       4.84767725750631E-7
0.6848285000134439        0.23473627875775005      5.10120491678607E-7
0.7099974156844481        0.210516163651361        4.178820284191903E-7
0.7049794037346445        0.21860538449553735      4.413054470398304E-7
0.7250125045813188        0.2024121654485791       3.7824402064080335E-7
0.7200117096194475        0.21050498564187384      4.00348068376427E-7
0.7400142192451759        0.1943005120845566       3.409635445246642E-7
0.7350179198405652        0.20238997937457015      3.617979305086096E-7
0.7550141199892925        0.186163849542874        3.0590439071087737E-7
0.7500139904575838        0.19426359133756543      3.2553589958386933E-7
0.7700386621380187        0.17801827157380215      2.7297570189085046E-7
0.765010690110954         0.1860930678128628       2.914127501730913E-7
0.785077590613948         0.16985287166700025      2.4210817779320913E-7
0.7800507329664227        0.17792906776728623      2.593711018615681E-7
0.8000752631124917        0.16168667446161997      2.133291334288942E-7
0.795016624986406         0.16970667555526117      2.294128987689609E-7
0.8101174361484733        0.16152319787620728      2.013366590873291E-7
0.8153386996115958        0.15336957018996777      1.8605431277118705E-7
0.8201522078294851        0.1456291307054394       1.7217674192121536E-7
0.8351318598668835        0.13757815154131328      1.485096885260055E-7
0.8301550974155593        0.14574956624257687      1.6194631323808522E-7
0.8501093551857414        0.12921859231155366      1.2637327963093663E-7
0.845112080538611         0.13731005384045483      1.3864990255092516E-7
0.8650945173098015        0.12110410685702801      1.0626304970426242E-7
0.8600180227528089        0.12866028303863286      1.1706628843969414E-7
0.874872779396824         0.12051620292989956      9.775612441119977E-8
0.8796212042981705        0.11250382393039036      8.787653839584183E-8
0.8878838395387634        0.11177315567520062      8.11148815480168E-8
0.894874758941093         0.10549672151359984      7.176934122718693E-8
0.9037434928033364        0.10293637326913968      6.400769617347216E-8
0.9099846826126872        0.096009323559659        5.584533651415745E-8
0.9193361602790606        0.09120362976155844      4.749233422860826E-8
0.9276633060361597        0.08634366810819959      4.0296735108486264E-8
0.9356288717805148        0.0812223505928889       3.372137676012006E-8
0.9434929880253753        0.07605603290009334      2.7713352940073595E-8
0.9517612332034763        0.07102286238063492      2.2088685346556253E-8
0.9597346958506435        0.06599652600838656      1.713232037443182E-8
0.9676322364997568        0.06069312507920383      1.2667029841280291E-8
0.9756347323649639        0.05533568113146736      8.69560201073669E-9
0.9836940267078296        0.05021399875593786      5.282297810704247E-9
0.9918477519526535        0.04507787534016924      2.371739133910647E-9
1                         0.04000000000000015      0
0.05994141636133826       0.9839075618172435       3.052742297462587E-8
0.0549675668216848        0.9919601177895995       1.4021779876706883E-8
0.04999999999999997       1                        0
0.06495324014196073       0.9758569782740211       4.952607837970237E-8
0.07001513763828675       0.9678240410517899       7.103210805653885E-8
0.07506829753244745       0.9598066299489058       9.502447367365163E-8
0.08005312773173398       0.9517652354060583       1.2153208896408187E-7
0.08502436821399469       0.9436956292006242       1.5065292800575876E-7
0.09001118501763652       0.9355677936076015       1.8257264135704344E-7
0.09506731303282635       0.9275183717049988       2.1704886668351778E-7
0.1000782671929373        0.9195382742868907       2.538954748317857E-7
0.10508967849155186       0.9114289808974937       2.939163740798156E-7
0.11012578215147868       0.9031358570135104       3.375268465424099E-7
0.11548022871778486       0.8951946650063155       3.835021979754897E-7
0.12040668007370131       0.8873007671109686       4.3098029606532035E-7
0.1250662990287892        0.8790644699561088       4.820952827180126E-7
0.1301339297173757        0.869829302163098        5.424886293008184E-7
0.13709475544595479       0.8632329170906384       5.98634163214634E-7
0.13933678577737105       0.8541437383185366       6.558899441740268E-7
0.1446148033912695        0.8466297687568973       7.172995358883745E-7
0.14483155497788633       0.8383078670055375       7.688760470628005E-7
0.14990306321475647       0.8295291474921926       8.43753942864706E-7
0.15500000000000014       0.8214600628807676       9.176294277823284E-7
0.16000587549980344       0.8133630864888542       9.947194707321425E-7
0.1650074223037454        0.8052650048586579       1.075153739737446E-6
0.17000390075377073       0.797168057320175        1.1588828433628875E-6
0.17500096209206809       0.7890706821178656       1.2458849334204973E-6
0.1800000091320666        0.7809733725046003       1.336076220608369E-6
0.18499999891386656       0.7728760360642825       1.4293341042760102E-6
0.1899999991019907        0.7647786988258889       1.5254948220994462E-6
0.19499999956998773       0.7566813620103675       1.6243503478442808E-6
0.19999999987042974       0.7485840249474071       1.7256377580433865E-6
0.20499999998804327       0.7404866876082181       1.8290312959386486E-6
0.21999999999999997       0.7                      2.3718025460674658E-6
0.21                      0.7323893501015379       1.9341341378424673E-6
0.21499999999999997       0.7242920125761535       2.0404701369540876E-6
0.21999999999999997       0.716194675050769        2.1474760814758535E-6
0.22499999999999995       0.7080973375253845       2.2544952483748175E-6
0.4080973375253845        0.415                    2.16170696094865E-6
0.4                       0.42000000000000004      2.245231234990116E-6
0.4080973375253845        0.42500000000000004      2.1940173172944466E-6
0.4                       0.4300000000000001       2.2776406708457907E-6
0.416194675050769         0.41000000000000014      2.0814421981459955E-6
0.424292147443026         0.4049999123017296       2.0042605195845023E-6
0.4323898427885496        0.3999995871332095       1.9299966779474134E-6
0.44048731667339835       0.39499951138708045      1.8585015766057434E-6
0.4485859731233419        0.38999444519085125      1.7896053326007097E-6
0.456683001866476         0.3849872440158797       1.7232013177594702E-6
0.4647807390635509        0.3799799207563028       1.659155651990323E-6
0.47288213278943597       0.3749792120801743       1.5973558925698012E-6
0.4809848281281723        0.369994123473293        1.537734086526551E-6
0.48907973960901674       0.3650213482673608       1.4802237809846926E-6
0.4971537963404348        0.3600771583531952       1.424835385035431E-6
0.5052074459604686        0.3551022747062842       1.3712921789518295E-6
0.5132394108222312        0.35008699675950844      1.31948405837808E-6
0.5212528730414872        0.34504272068231134      1.2693470213333272E-6
0.5292714910310025        0.33993597455346863      1.2206138955759186E-6
0.5372589547972115        0.3347499134053722       1.1733337077924879E-6
0.6095140167627088        0.2969715154711818       8.268639935911186E-7
0.6013595239268467        0.30138160956207494      8.617633309048707E-7
0.5956643238876056        0.3063752111466942       8.911426558392618E-7
0.5450507070323309        0.3294968543104706       1.1281218969234034E-6
0.5527652681590375        0.3241548959591728       1.0843386625786165E-6
0.5883074769374914        0.3081041388606166       9.190865607824679E-7
0.5795568247984682        0.31158441885487353      9.566434898469912E-7
0.5726122876479225        0.315117943156756        9.891976054625248E-7
0.5682460168777284        0.3205863976091552       1.0181004077366315E-6
0.561293494181864         0.32592663680868805      1.0567420251470064E-6
0.6171595387264273        0.3007895967821154       8.120879295231094E-7
0.6248346328240184        0.2963195123303429       7.800747582787458E-7
0.6327667832218833        0.2918433387935262       7.48218874242184E-7
0.6438437205650329        0.2767702782609725       6.876331869292021E-7
0.6404879979657616        0.28652944302841005      7.161827226551365E-7
0.6529551123652604        0.2729730356791137       6.566566628728082E-7
0.6621254763375721        0.27027460243854645      6.286054930484647E-7
0.6684717138631323        0.2656527253555606       6.045311535256504E-7
0.6797177256054342        0.24279494077411382      5.360394346514355E-7
0.6709408285843598        0.2590352839034082       5.862812865245065E-7
0.6744912638807141        0.25076544777995113      5.625584219471648E-7
0.6999524518189241        0.22668572815177004      4.652314958232688E-7
0.6898670810714235        0.24282150588423854      5.145829230115326E-7
0.6949163113602563        0.2347539177674354       4.896495130021409E-7
0.7150015592925761        0.21859994959978554      4.2296607404793077E-7
0.7099847572525007        0.22669751691269313      4.4608875678875425E-7
0.7300212073855133        0.21047929517328626      3.8312144502340056E-7
0.7250199909608487        0.21857187303751233      4.049398474594506E-7
0.7450183372039693        0.2023599466033903       3.4564182012035497E-7
0.7400220228365746        0.21044163065476532      3.662051533158674E-7
0.7599896858668361        0.19416452850523216      3.103225187690245E-7
0.7550026355501901        0.20228893893156347      3.297362566740932E-7
0.775007324255854         0.18601317624291017      2.771545643614721E-7
0.7699539742732472        0.19404384983608455      2.953619369417852E-7
0.7899837644421515        0.17773357134771564      2.4595962304265237E-7
0.784957695294306         0.18582422717761707      2.6305771749451473E-7
0.8049672033140584        0.16961684402179705      2.169751053641602E-7
0.7999040847648629        0.1775616136877116       2.328186880662614E-7
0.8147869641211524        0.16937089911136124      2.0471090459349238E-7
0.8203961170003872        0.16146462892992827      1.8937580137853935E-7
0.8253234472063797        0.15384718167888595      1.7563601099534697E-7
0.8402599825837478        0.1457996952726997       1.5166009915955934E-7
0.8350694284811219        0.15397331675926484      1.6520285816894632E-7
0.8549300601408708        0.13696488564901502      1.290233492529336E-7
0.8501283840232718        0.14489890539299627      1.4086213685757125E-7
0.8632676795380456        0.13626733059460774      1.2062472609555407E-7
0.8701910936177811        0.13004263219792483      1.0925340704513441E-7
0.8792786696141015        0.12750360656929877      9.939432554043477E-8
0.8854768654026784        0.12055566305051496      8.918348558720047E-8
0.894772755722713         0.1158370025107962       7.863380466791533E-8
0.9031017261933031        0.11098271435654838      6.931786359997202E-8
0.9111392113509568        0.10592731857580102      6.063811334874254E-8
0.9190312030272749        0.10076384583267009      5.253870854802502E-8
0.927421850198982         0.09571973054396504      4.47177585077675E-8
0.9355079088563132        0.09073609809171777      3.76571470544924E-8
0.943533148527659         0.08562769641467077      3.111170386036125E-8
0.9515875051689832        0.08053251245008089      2.508671660243663E-8
0.9596656501372021        0.07548592781020258      1.9592840639661548E-8
0.9676825498653625        0.07034300766185118      1.4632373745083292E-8
0.9757087933708407        0.06518672410895694      1.0195587213516525E-8
0.9837651343649809        0.060155247962863964     6.290855930215464E-9
0.9918673054204045        0.05507672841464276      2.886850162094515E-9
1                         0.050000000000000155     0
0.06996711708515373       0.9838772899111183       3.539141937216061E-8
0.06497675228003494       0.9919414741381064       1.6480877675670497E-8
0.05999999999999997       1                        0
0.07497733527774512       0.975817274869154        5.672941167872249E-8
0.07998962794995267       0.9677592598579383       8.050583417083835E-8
0.08498311832940875       0.9596996734460154       1.0672312848436161E-7
0.0899469691402796        0.9516119601540538       1.3545391291697356E-7
0.09494414440313881       0.9435348224321819       1.6670111557584516E-7
0.09992979793621126       0.9354336495677932       2.0054547515097362E-7
0.10497134892973758       0.9273879498908628       2.368834239989683E-7
0.10998264847937998       0.9192958209414818       2.759433248972932E-7
0.11500071476834373       0.9111467718020891       3.179049165784532E-7
0.1201102305572964        0.9030946140054874       3.6241746903864113E-7
0.1251812475894553        0.8950717245823673       4.0945765191370187E-7
0.13014595245054114       0.8869651342404046       4.593723261924722E-7
0.13513920321695772       0.8786555456845795       5.132003091195686E-7
0.14050125485812037       0.8707062130491005       5.691863922369229E-7
0.1456882247987316        0.8623493359589623       6.297990539538284E-7
0.15070733609675663       0.8443264475834736       7.515869723184425E-7
0.15087511179442975       0.8528946790950299       7.000546751408518E-7
0.15460332916752176       0.8374929904944872       8.077426065866844E-7
0.15967683361750773       0.8295769507965831       8.774021751107931E-7
0.1649312633852254        0.8214764230385305       9.51958467787192E-7
0.16999999999999993       0.813362725355383        1.0290778402177316E-6
0.17500070840098172       0.8052662889539924       1.1088852910056453E-6
0.18000088745431          0.7971683267949152       1.1916799637835334E-6
0.1850002623945132        0.7890707274243857       1.2773582220235567E-6
0.18999999991520755       0.7809733748957555       1.365804632698945E-6
0.19499999969194134       0.7728760372577446       1.4568644223543826E-6
0.19999999966764626       0.7647786996919924       1.5503384822759172E-6
0.2049999998329332        0.7566813624189895       1.645980214907075E-6
0.20999999995427276       0.7485840250809978       1.7434886552214171E-6
0.21499999999489944       0.7404866876189952       1.8425020692151702E-6
0.22999999999999995       0.7                      2.360773481217197E-6
0.21999999999999997       0.7323893501015379       1.9425917236596074E-6
0.22500000000000003       0.7242920125761535       2.0432562583687616E-6
0.22999999999999998       0.716194675050769        2.143917282320663E-6
0.23499999999999996       0.7080973375253845       2.2439170332478546E-6
0.4080973375253845        0.43500000000000005      2.222817758250027E-6
0.4                       0.44                     2.3062433030908562E-6
0.416194675050769         0.42                     2.1135761691645076E-6
0.416194675050769         0.43                     2.142468798512911E-6
0.42429201257615357       0.415                    2.03615666011085E-6
0.43238945461079487       0.40999993428957393      1.9616056974213877E-6
0.4404869651501642        0.40499979051109114      1.8897798032460711E-6
0.4485851960893365        0.3999987319630541       1.8205367184024262E-6
0.45668353731470446       0.39499590899473475      1.7537509033885174E-6
0.4647811635737656        0.38999203821275147      1.6893098063996988E-6
0.4728796865468358        0.38499141316678204      1.6271035647547564E-6
0.48097843050661293       0.3799924398936337       1.56702622904349E-6
0.4890752022345884        0.37499901408523395      1.5090014720219775E-6
0.49715967282462525       0.3700154323678185       1.4529994343204416E-6
0.5052288434196092        0.3650302218755923       1.3989085023155475E-6
0.5132793107551487        0.36001991536039385      1.3465926929311062E-6
0.5213069124010125        0.35496912145418485      1.2959481265497683E-6
0.5293105072350218        0.3498628016538052       1.2468639428969214E-6
0.5372289017647844        0.3446942659975779       1.199510784082302E-6
0.5456472026559114        0.3388885568188193       1.1499718837256743E-6
0.6094054213626697        0.3051866798275621       8.451093404142551E-7
0.601852749569542         0.30946137964302867      8.781769783484314E-7
0.5947068847033735        0.31323768316261086      9.097287565295438E-7
0.5548556357500873        0.33290452798743053      1.098519916813442E-6
0.5863798867033263        0.31713644426196297      9.464185307178504E-7
0.5636902694172772        0.3324653968661248       1.0636265931491744E-6
0.5772678892267972        0.32129746877919524      9.876267608351444E-7
0.5702625346259759        0.32746039522145887      1.0273001652633677E-6
0.6170559716025089        0.3090847713963146       8.296557985036324E-7
0.6248447764906618        0.3047018858844203       7.97153541404828E-7
0.632708865087206         0.30016558749602723      7.65039646340896E-7
0.640627676228473         0.29545347061225424      7.333393590741123E-7
0.6503659075007288        0.28215817311227936      6.81240811518526E-7
0.6491934495179726        0.2913905366912847       7.020232711451606E-7
0.6585622506933818        0.27830288713306206      6.527266453979527E-7
0.6655609091682758        0.2767787970594977       6.32290493497773E-7
0.670542104039739         0.27205827901827295      6.114069907695638E-7
0.6757932912813461        0.2658303618401197       5.875495782952194E-7
0.6848718692750713        0.2508243783314564       5.397641131889362E-7
0.6801810616487034        0.2587268609410523       5.645366991314891E-7
0.6949699655307163        0.2508990736574928       5.180749626076882E-7
0.7049743428125937        0.23476882776864322      4.696346387782587E-7
0.6999713966001422        0.24282966256959623      4.936183834260932E-7
0.7200104495150144        0.22668346968508146      4.272795532527121E-7
0.7149973643292931        0.23478903501584245      4.5008442165920796E-7
0.7350330680931343        0.2185247820638115       3.8722910006108666E-7
0.7300379387900212        0.22662014767629454      4.087455762933569E-7
0.750009966070451         0.21040061450714173      3.4960999890820615E-7
0.7450277413986792        0.21847792750312633      3.698770689742729E-7
0.7649266634951263        0.20210015082656085      3.1404000860439544E-7
0.7599493354488004        0.2102523550280445       3.332369731023362E-7
0.7799083835497103        0.1939183522663715       2.806673476638896E-7
0.7748582537639979        0.20191732067930623      2.9862224840260435E-7
0.7948856899240799        0.18551146056123305      2.4908108835189034E-7
0.7898036489315151        0.19363290564262592      2.661072705195628E-7
0.8097755008626452        0.1774862087849857       2.2006217151504176E-7
0.8047957250598364        0.18531492185527687      2.3550833057179494E-7
0.8192625103906673        0.17658603431789743      2.0709298681040368E-7
0.8242030170106827        0.16954848073735168      1.9357019306398947E-7
0.8304628032592369        0.16284383218080892      1.7929865654006068E-7
0.8302702476916841        0.16978897559409717      1.8658400031028018E-7
0.8388756240712841        0.16131345448950263      1.6825779642770677E-7
0.8455707191211026        0.15468731832303925      1.5462865462682616E-7
0.854584898511997         0.1521970748432216       1.4286676806742389E-7
0.8609521138054166        0.1451790750584333       1.3035573280482298E-7
0.8702471073733509        0.14048977702903265      1.1751802451360785E-7
0.8785585644540221        0.13575653908467467      1.0616545430615168E-7
0.886600659447328         0.13075113947897474      9.540321209386757E-8
0.8945528171572528        0.12548154287245086      8.508921504216694E-8
0.9029131799226195        0.12044061614661122      7.514646884288982E-8
0.9110728852651844        0.11543175860836596      6.593609139438026E-8
0.9191058738678703        0.11038768176956179      5.734010563486456E-8
0.9271994398540926        0.10533539078547549      4.9230176220465796E-8
0.9353522496777109        0.10034079910295295      4.163827291334413E-8
0.9434498701106834        0.09527430917195802      3.4583899443844885E-8
0.9515145550875626        0.09027027178560332      2.8097507610950736E-8
0.9595865477524713        0.08520472389344515      2.2110756263591535E-8
0.9676465043507441        0.08012780876439997      1.6652166931075612E-8
0.9757164779114899        0.07506799615532488      1.1714697891878492E-8
0.9837964817675529        0.07007997154605418      7.301430237657366E-9
0.9918886182440153        0.06505070294402972      3.3950310587360806E-9
1                         0.06000000000000017      0
0.079979726171522         0.9838481051604098       4.0126034299947465E-8
0.07498559572421266       0.9919261295625065       1.887874705433702E-8
0.06999999999999997       1                        0
0.08497731174107925       0.9757723664883808       6.373210234724027E-8
0.08996924024465562       0.9676982815737675       8.970059919434131E-8
0.09495188521036295       0.9596206651788144       1.180528103759491E-7
0.09992394200440818       0.9515243926852524       1.4885021179401685E-7
0.10489923380174791       0.9434265585593009       1.8208383877760285E-7
0.10987833527194074       0.9353188685634419       2.1781444213890833E-7
0.11491426908172236       0.9272396550750754       2.560339085973959E-7
0.11994172779959952       0.9191256874524425       2.969049680477819E-7
0.1249613858126645        0.9110571829139512       3.401445171064802E-7
0.1299844947294386        0.9029859037054404       3.859896703922756E-7
0.13502315715127006       0.8949128868578355       4.344995404579725E-7
0.14006235719426913       0.8867866727538327       4.859272544826916E-7
0.14511115697601615       0.878667063557335        5.400550715473822E-7
0.15046649058848485       0.8705187041304657       5.978922182610582E-7
0.15589983090787976       0.8621288210465298       6.601502926482348E-7
0.15861188115267566       0.8463069325654167       7.639024013889129E-7
0.161558804975711         0.854213044011542        7.230660154138458E-7
0.16407384821317408       0.8378436636296739       8.352468023592314E-7
0.169530567493117         0.8296571181879157       9.077565258523894E-7
0.17479968201608012       0.8215095106582632       9.823016058776565E-7
0.17999236713853112       0.813367432150928        1.0593789415749528E-6
0.18499967275553317       0.8052661872438964       1.138331397590161E-6
0.19000008015556558       0.7971681506527358       1.2198670082389162E-6
0.1950000464425711        0.7890707181307685       1.3039058114158148E-6
0.19999999995910875       0.7809733751218532       1.3903022783941306E-6
0.20499999989599665       0.7728760375691375       1.478869104473441E-6
0.21499999994221958       0.7566813625884693       1.661545309443205E-6
0.20999999987943527       0.7647787000174847       1.5693759279569283E-6
0.21999999998538874       0.7485840251296829       1.7550476855619073E-6
0.22499999999838843       0.7404866876244299       1.849496633386225E-6
0.24                      0.7                      2.3425192310083666E-6
0.22999999999999998       0.7323893501015379       1.9444447517144475E-6
0.23500000000000001       0.7242920125761535       2.039380638420768E-6
0.24                      0.716194675050769        2.1337275916013513E-6
0.24499999999999994       0.7080973375253845       2.22684480979638E-6
0.4080973375253845        0.44500000000000006      2.2479069958223404E-6
0.4                       0.44999999999999996      2.3308278784745183E-6
0.416194675050769         0.44                     2.1679291243420436E-6
0.42429201257615357       0.42500000000000004      2.0650533395297164E-6
0.42429201257615357       0.43500000000000005      2.090771267380639E-6
0.43238935010153806       0.42000000000000004      1.990433991916064E-6
0.44048673891266465       0.4149999684916005       1.918478957282879E-6
0.4485842366173493        0.40999985565453695      1.8490626721567825E-6
0.4566824104825741        0.4049990129845504       1.782061061320559E-6
0.4647803953746827        0.39999754631342155      1.7173678869412444E-6
0.4728780506747379        0.39499583576224717      1.6548785953811587E-6
0.48097591925805466       0.38999574978424567      1.5944945392257607E-6
0.48907310829979556       0.38499752897370426      1.5361267494229237E-6
0.49716593650157914       0.37999836362435685      1.4796976984200355E-6
0.5052477117216071        0.3749958274568285       1.4251487016023375E-6
0.5133164778035989        0.3699859369022678       1.3723945391084128E-6
0.5213668119036757        0.3649496891839841       1.3213330856683588E-6
0.529398666577234         0.35986566850746726      1.2718358720891855E-6
0.537406194702436         0.35471145066583215      1.2238049524461325E-6
0.545549647316265         0.3493756382747726       1.1762386927342694E-6
0.553708243016197         0.34391093629497593      1.129772940582444E-6
0.6094905833714401        0.31343135283822143      8.623091096780336E-7
0.6017111134377101        0.3176322695675492       8.962734850909984E-7
0.5938956459781406        0.32173717031251087      9.3113336439229E-7
0.5620664421597765        0.33981720740239335      1.087159137581079E-6
0.5858617407929484        0.32612593234964954      9.683998384439687E-7
0.5699732403686819        0.33621821691065323      1.0486834490218056E-6
0.577869743691959         0.33097763382973433      1.0076812261633598E-6
0.6010200780200922        0.3259097468606441       9.159074976560085E-7
0.6168597919678365        0.3169974472897868       8.462531877943874E-7
0.6245757176960183        0.31340166575578154      8.151993318629002E-7
0.640581253383741         0.3040288170549154       7.498348410290508E-7
0.6325980683744593        0.3086465003007044       7.818554992151184E-7
0.6484859545460135        0.29969332074363375      7.194598696984173E-7
0.6571529138969623        0.2869828578808329       6.725942209704573E-7
0.6563681096601003        0.2953063077510232       6.89899940298785E-7
0.6648962199071444        0.2832289893668495       6.457336563735479E-7
0.6716743171234932        0.2793196905587869       6.217123586968436E-7
0.6794390394455594        0.2750391787560979       5.952583257908902E-7
0.6849759208605164        0.2667595470625615       5.678289919607863E-7
0.6900040161030043        0.2589361115413071       5.428480541743599E-7
0.7000865454351701        0.2589611532054414       5.207013093790746E-7
0.705077086728828         0.25087862026915025      4.966414766384855E-7
0.7100279287288366        0.242845130680738        4.731795906012585E-7
0.7250376697321733        0.2347639241580033       4.3080277889350894E-7
0.7200362792422046        0.2428745245072662       4.5325720563072783E-7
0.7400623486794253        0.2265380457865173       3.905399968603199E-7
0.7350620950551064        0.2346308562466547       4.1175689829204034E-7
0.7549878789797234        0.21847682655607978      3.5296179134978563E-7
0.7500491723687173        0.22647795865053502      3.7277256121143477E-7
0.7697988852751991        0.20991748235002608      3.170525897747455E-7
0.7648189365767811        0.2180772052008526       3.360190853924428E-7
0.7797662581926527        0.2096467846404425       3.0106952113796477E-7
0.7847890126134821        0.2018632127951882       2.836373227290182E-7
0.7945691124896492        0.20138877335727784      2.6861754133519657E-7
0.7993821256412517        0.19284531853371167      2.516577675006509E-7
0.8074094044872335        0.1924463264451669       2.4006716618322084E-7
0.8145715657059969        0.18610643099882718      2.2340581949690668E-7
0.8234648343378805        0.18352200240279054      2.0905940615105423E-7
0.8300104122278184        0.17637358653050839      1.9353274701852037E-7
0.8373065981657432        0.1700587084064593       1.7852117797342476E-7
0.8460642949183312        0.16497560514470982      1.6360708985575812E-7
0.8539993126359903        0.16044374988770504      1.507120525210884E-7
0.8620626564307017        0.15552849312078496      1.3787754878256695E-7
0.8700452254742388        0.1502553749050651       1.2539649747144178E-7
0.8784251296161185        0.14536746571939427      1.1338473003198253E-7
0.886600462085245         0.14038744735615438      1.0206247182843304E-7
0.8946899000959155        0.13524843944781428      9.126454934268128E-8
0.9028171822251635        0.13023888081445156      8.106392231412423E-8
0.9109819143196297        0.12517709142010308      7.134336899097777E-8
0.9190758313897808        0.1201598128401519       6.224336023512976E-8
0.927161758617129         0.11515985542644154      5.3687090549077235E-8
0.9352455663462638        0.11008359042273622      4.56263724040573E-8
0.9433457878797133        0.10506478284730342      3.810381731751372E-8
0.9514368550662536        0.10005000805057562      3.1110605126308934E-8
0.9595284165835143        0.09504204991150811      2.4637968152233448E-8
0.9676200848044387        0.09002960325904613      1.8681188232450058E-8
0.9757121164638919        0.08502270645070582      1.3241020269311876E-8
0.9838046765928744        0.08002980942578936      8.316480571216076E-9
0.9918987686524007        0.07502267693261694      3.9029554545229964E-9
1                         0.07000000000000017      0
0.08998624421046868       0.983825696529936        4.470086061437886E-8
0.08499073985171428       0.9919141268982187       2.1202718077263104E-8
0.07999999999999995       1                        0
0.09498037340277077       0.975739316371246        7.048283019192971E-8
0.09996828034589977       0.9676571132656303       9.854304447845768E-8
0.10495275834233789       0.9595739399888644       1.2890712774289203E-7
0.10993762282866835       0.9514842049294605       1.6161337649325467E-7
0.11492538249929098       0.9433869249057871       1.966920544293048E-7
0.11992385643989302       0.9352849242800662       2.341728347745161E-7
0.12493512702786073       0.9271848174826246       2.7406519293897673E-7
0.12994992420314055       0.9190962638516936       3.1634100042325385E-7
0.13495210262086693       0.9110117331507261       3.610205240003049E-7
0.13996166547954322       0.9029247641804201       4.0819353456346195E-7
0.14498766103362187       0.8948314027743878       4.5792695234882837E-7
0.15006676218216955       0.8867278646954415       5.103551121728967E-7
0.155279179105402         0.8786033890066016       5.657640737707273E-7
0.16066627920508195       0.8704301561944559       6.244612978252537E-7
0.16624469743047476       0.8623068207812689       6.859456670775911E-7
0.16805590589313535       0.8460998170333904       7.921705333763515E-7
0.17215668537037185       0.8542919402494948       7.501228149939323E-7
0.17386342204142072       0.8378764439127946       8.628103451125608E-7
0.17952416918821454       0.8296791303041497       9.355301741901357E-7
0.1848197248913929        0.8215142349126724       1.0096257258672282E-6
0.1899971608038584        0.8133675761123128       1.0857734293230303E-6
0.19499999999999995       0.8052653878299987       1.1635368894228004E-6
0.20000000094498885       0.7971680502289336       1.2435336302238838E-6
0.20500000402423396       0.7890707131880685       1.3256646102552612E-6
0.22499999998157635       0.7566813626493127       1.6714028338007945E-6
0.20999999998761082       0.7809733752080936       1.4097523364870826E-6
0.21499999996296162       0.7728760376717333       1.4955823680093427E-6
0.21999999995790798       0.7647787001383092       1.5828992933867673E-6
0.2299999999956963        0.7485840251456716       1.760744223310237E-6
0.234999999999553         0.7404866876262337       1.850523171841518E-6
0.24999999999999997       0.7                      2.3180320096302815E-6
0.24                      0.7323893501015379       1.940285786171697E-6
0.245                     0.7242920125761535       2.029523916243173E-6
0.25                      0.716194675050769        2.117676487183469E-6
0.25499999999999995       0.7080973375253844       2.204133442528409E-6
0.4080973375253845        0.455                    2.2691052896380683E-6
0.4                       0.45999999999999996      2.3512086019556833E-6
0.416194675050769         0.45000000000000007      2.1897843339465072E-6
0.42429201257615357       0.445                    2.1131451308918573E-6
0.43238935010153806       0.43000000000000016      2.016313220120432E-6
0.43238935010153806       0.44                     2.0390868328608004E-6
0.4404866876269226        0.42500000000000004      1.9444382991911314E-6
0.44858404504374455       0.41999998797586646      1.8750337541007646E-6
0.45668155967535323       0.41499987130860966      1.8079903606438313E-6
0.4647793802128655        0.40999943998212224      1.7432033876810183E-6
0.4728770588432317        0.40499877521003064      1.6805774117120923E-6
0.48097458428823453       0.3999981080068986       1.6200192023059309E-6
0.4890720134310764        0.3949982409373178       1.5614413131494687E-6
0.4971683392317072        0.3899972044727617       1.5047600136990697E-6
0.5052599509806511        0.3849908630565553       1.4499037306826813E-6
0.5133431144008777        0.3799779187934995       1.3968102329186174E-6
0.5214138074308107        0.37495398750267084      1.3454132535132047E-6
0.5294709681932249        0.36989894575342364      1.2955982156263306E-6
0.5375284636205557        0.36479698957921664      1.2471997990503048E-6
0.5456270431100211        0.3596364920150083       1.1999618742667306E-6
0.5537932519537897        0.35445506436990365      1.153828316324511E-6
0.5620633056813167        0.3494582270865917       1.1090909571860783E-6
0.6098314283066583        0.32243073957212826      8.796481213396571E-7
0.6165163032692327        0.32287942238323086      8.589257384753338E-7
0.6071861375788103        0.33004064926534227      9.035349535022668E-7
0.5936844626195087        0.3303863915624558       9.502834790639197E-7
0.5699922072265476        0.34485538211661837      1.0678943013304188E-6
0.5859514137232885        0.3351643170881151       9.87663169002488E-7
0.5779745104491226        0.34009640249815803      1.0273622263251182E-6
0.6013286810950217        0.33423142286882934      9.317062638336574E-7
0.6234889478091561        0.3232051880324493       8.373706350204511E-7
0.63243714867642          0.3178985425308841       7.997532381212295E-7
0.6484884582698771        0.3077232466239947       7.340387141475883E-7
0.6405813937585886        0.3125011134377205       7.655120012370447E-7
0.6561204844066376        0.303299500826874        7.048219278119253E-7
0.6643920806330009        0.291300626744428        6.614674711424499E-7
0.6639281153024315        0.2993349962878411       6.767099945622422E-7
0.6717446201341173        0.28748769381671135      6.358652496787418E-7
0.6775569710021767        0.2829850179607653       6.135523981507209E-7
0.6848794199979293        0.28268226656374307      5.950939259621994E-7
0.6895450427634342        0.2751720740113257       5.714808712293313E-7
0.6949262906960784        0.2670773063635163       5.456272467147107E-7
0.705049083593409         0.2669379452852351       5.22739556919212E-7
0.7102879307268659        0.25881333264379713      4.984775848428855E-7
0.7151180225267618        0.25091815670879375      4.7587224945935607E-7
0.730056878201379         0.24282461767237173      4.335719832491138E-7
0.7250702484311942        0.251006277718542        4.557598111701416E-7
0.7400150677170524        0.2425460447605847       4.140561371974513E-7
0.745162667210588         0.23449235742615668      3.929333275323619E-7
0.759952536861539         0.2264525939915085       3.5551879218653233E-7
0.7551018610823483        0.23443000063982145      3.7486391216996194E-7
0.7744738641738362        0.21751107772494993      3.19477107400444E-7
0.7697127407858216        0.22578202008767287      3.3797778609475157E-7
0.7827481203455385        0.21690835843712486      3.054164401790801E-7
0.7898276692550322        0.21067346757168906      2.867846643140784E-7
0.7987329062673927        0.20817509376920745      2.703519244187515E-7
0.8048793122292215        0.2011426418312447       2.5336923549462354E-7
0.8142832407338223        0.19626546363904432      2.347417157062783E-7
0.8227600796395987        0.19129289255050452      2.1797789972121756E-7
0.8304923687051562        0.18616644893070566      2.0265234438311336E-7
0.8379713275916655        0.18023468975195928      1.874439759825149E-7
0.8459974457392168        0.1750274715121735       1.7283312572165772E-7
0.8541820708103939        0.1700694608642687       1.5883658539749497E-7
0.8621979454017886        0.16523805894919194      1.4569930091362114E-7
0.8702929314355741        0.16018675189544987      1.3284435902606755E-7
0.8783975881487778        0.15521007260002598      1.205901982000524E-7
0.8865752040334394        0.15021848254948397      1.087985657560126E-7
0.8947142278677789        0.1451548527553458       9.754525873948484E-8
0.9028196167269895        0.14013851500477167      8.68963906385913E-8
0.9109391731684594        0.1351080333929273       7.67620141443304E-8
0.9190496690388725        0.1300771379782705       6.716812110165765E-8
0.9271420152041597        0.12506519988711848      5.812621374603696E-8
0.9352340702598718        0.12004609233779678      4.960432425793412E-8
0.9433288154292798        0.11502853268968438      4.1601523188303644E-8
0.9514251356332505        0.11002212482019036      3.4119139653766516E-8
0.9595200562307973        0.10501762124892922      2.7153362851897316E-8
0.967615128615782         0.10001366953149081      2.0700845096992378E-8
0.975710320611353         0.0950103640183899       1.476025838185424E-8
0.9838057601282482        0.09000987440058657      9.330733217853795E-9
0.9919017928650316        0.08500673052702336      4.410833369045447E-9
1                         0.0800000000000003       0
0.09999228731515279       0.9838126552690856       4.908901924507031E-8
0.09499441565604123       0.991906790421858        2.343838862742136E-8
0.08999999999999993       1                        0
0.10498789120881692       0.9757210832362682       7.693986553078422E-8
0.10997792272537345       0.9676338019186193       1.069847757950513E-7
0.11496608265890591       0.9595459115602344       1.392484237789981E-7
0.11995765424269962       0.9514530670559838       1.737647153458114E-7
0.12495391255271664       0.9433567510546236       2.1054910906871625E-7
0.12995469829664857       0.9352573863000165       2.496209273436575E-7
0.13495684069489117       0.9271586196243851       2.909815907194389E-7
0.13995814003232754       0.9190664430007741       3.346193723446547E-7
0.14495034858616093       0.9109727900892116       3.8056998904285445E-7
0.14994693725945735       0.9028785203814197       4.288703755567016E-7
0.1549542242807132        0.8947852314827573       4.795411958162884E-7
0.1600741546933051        0.8866910217009104       5.328219637174131E-7
0.16534013014226834       0.8785699738943286       5.889554585380871E-7
0.1708010150619046        0.8704396516193782       6.479738688986635E-7
0.17639115924776796       0.8623339678935757       7.095087924698311E-7
0.17804118860810492       0.8460572608030589       8.18116895963544E-7
0.1822604544165999        0.8541930585243842       7.741992501670413E-7
0.18381934147407455       0.8378619598249535       8.880482474914135E-7
0.18950989656663128       0.8296822123981423       9.600064388917942E-7
0.19481602746618226       0.8215144272820283       1.0332553810357236E-6
0.23499999999448798       0.7566813626692183       1.6759412813729396E-6
0.19999999999999996       0.813362725355383        1.108293448371052E-6
0.20499999999999996       0.8052653878299987       1.1845856320908572E-6
0.21000000017940965       0.7971680502869876       1.2628132457922357E-6
0.21500000070020017       0.7890707128347798       1.3428094724873899E-6
0.229999999986139         0.7647787001817686       1.591235424373434E-6
0.21999999999480113       0.780973375243255        1.4243750149935521E-6
0.2249999999881615        0.7728760377103386       1.507274909088031E-6
0.23999999999881053       0.7485840251504786       1.7610333990838314E-6
0.2449999999998852        0.7404866876267461       1.8461074640885437E-6
0.25999999999999995       0.7                      2.288242949780905E-6
0.25                      0.7323893501015379       1.9307136750390865E-6
0.25499999999999995       0.7242920125761535       2.0143580704055533E-6
0.25999999999999995       0.716194675050769        2.0965058835835668E-6
0.26499999999999996       0.7080973375253844       2.1765873632801554E-6
0.4080973375253845        0.46499999999999997      2.2862576373937496E-6
0.4                       0.47000000000000003      2.367228596853567E-6
0.416194675050769         0.45999999999999996      2.2078827347647745E-6
0.42429201257615357       0.45499999999999996      2.1320276089880604E-6
0.432389350101538         0.44999999999999996      2.058612629879713E-6
0.44048668762692245       0.43500000000000016      1.967509456810752E-6
0.44048668762692245       0.445                    1.9875562976927383E-6
0.448584025152307         0.4300000000000001       1.8983148068111169E-6
0.4566813693259218        0.4249999960284147       1.831407104947849E-6
0.4647788229159839        0.41999992272990755      1.7666927879939817E-6
0.4728763835734468        0.4149997391568265       1.7040824173923382E-6
0.48097387864469465       0.4099994726793467       1.6434912503873059E-6
0.48907130134895604       0.404999234183454        1.584837274025119E-6
0.4971684514778369        0.3999995420178217       1.5280441672835403E-6
0.5052646823665522        0.39499488711483993      1.4730280907433709E-6
0.5133574243232545        0.3899843513866887       1.4197286041350282E-6
0.5214428493364486        0.3849677901706479       1.3680949683418886E-6
0.5295176858744317        0.3799362794810293       1.3180555909194602E-6
0.537588595741374         0.37487431264601107      1.2694813842186572E-6
0.5456774910792542        0.3697842836691129       1.2222240145881E-6
0.5538097250342972        0.36468186408976333      1.176165940740567E-6
0.5619920216835667        0.35960415170985005      1.1313272853373921E-6
0.5701736771604453        0.35460845693658094      1.087998217839723E-6
0.6160309287625014        0.33012878025247555      8.744114278147777E-7
0.6093663445592492        0.33706734658818427      9.097438790829644E-7
0.5940492161075613        0.3391497598949858       9.669730708038164E-7
0.5782719730859152        0.34951782322688274      1.0460761985505431E-6
0.5862609407820419        0.3442563109140516       1.0054315724456326E-6
0.6023435876846567        0.3425648081440147       9.443789095902754E-7
0.6241456892157544        0.3329768965023788       8.53268286410488E-7
0.6408068243405683        0.3211198952074186       7.80260149034949E-7
0.6333985220968579        0.3281655133798221       8.153331500530132E-7
0.6563980060975867        0.31097721727846694      7.17345316810327E-7
0.6487636574266954        0.3158395104023573       7.475387928936103E-7
0.663288705197681         0.3070163384049698       6.915030759441613E-7
0.662312924802169         0.31344095817157613      7.048779202287675E-7
0.6722625048972493        0.29546291536331026      6.481434959491625E-7
0.6711422691375153        0.30361732156921317      6.646369020786331E-7
0.6800474583097842        0.2903962601084874       6.198041648016755E-7
0.6877944451397069        0.2891058756657393       5.984281679005146E-7
0.6941844905365951        0.28410599335758674      5.749614471170328E-7
0.6996651164813193        0.27520952028094076      5.480122915004579E-7
0.7097128263365838        0.27482217423085603      5.245544872866102E-7
0.7153229458685157        0.2667190418368436       4.998929607585505E-7
0.7202086613026425        0.25909105443326924      4.779540044585724E-7
0.7350790103470762        0.25094052934291045      4.35691116216103E-7
0.7299356303477296        0.2591676305062822       4.5790890917720635E-7
0.7449889429572087        0.2501313038678414       4.1518132695011403E-7
0.7498625463359615        0.24227612002556553      3.9515001904416287E-7
0.7581153126393773        0.24163716281939046      3.790464376751025E-7
0.7650199055057101        0.2353955512902964       3.5848646512134125E-7
0.7740831028814543        0.23282718715624431      3.394182718976034E-7
0.7803578150223569        0.22566740096764218      3.2001096761553586E-7
0.7896523015927338        0.2209363574046299       2.9920080793460646E-7
0.7979435810638517        0.21618020428168894      2.806511876349778E-7
0.805902988950518         0.21108946718905794      2.628523393434076E-7
0.8138467225342955        0.20585600528959117      2.4552674401413597E-7
0.8222323598065885        0.2007484847189317       2.2831121717666006E-7
0.8303483608943093        0.19562331528453392      2.1206965164614982E-7
0.8382086630395311        0.1900524698551319       1.9634228772233358E-7
0.846177986356705         0.18507383453664428      1.816020701840669E-7
0.8542139189389           0.18004443755545868      1.6729199930916434E-7
0.8622919114905511        0.17507742856073172      1.5354012184285287E-7
0.870358789607522         0.17012246936621137      1.4035952347821411E-7
0.8784583656539628        0.1651234749774227       1.2765337348275683E-7
0.8865808722279698        0.1601218834021591       1.1546392877548778E-7
0.8947099670181929        0.15510328280899         1.0379669709676834E-7
0.9028229432885025        0.15007803307927228      9.267820947736364E-8
0.9109303071635887        0.14503488850439478      8.208735482048052E-8
0.9190327417690602        0.14001913084520312      7.204348266983354E-8
0.9271286619624567        0.13501047800255928      6.253121286174957E-8
0.9352244814601105        0.13000411812776183      5.353848082396346E-8
0.9433192147684664        0.12500048659101487      4.506314376594749E-8
0.9514161056213231        0.12000012291486815      3.709999373303764E-8
0.9595133482490134        0.11500009166428243      2.964736981089093E-8
0.9676106498984619        0.11000000000000022      2.2703749172398623E-8
0.9757079874238465        0.10500000000000026      1.6267917307810477E-8
0.983805324949231         0.10000000000000026      1.0338977634579389E-8
0.9919026624746154        0.0950000000000003       4.916395478270039E-9
1                         0.0900000000000003       0
0.10999708883795473       0.9838069675698258       5.327489009669855E-8
0.10499729470082554       0.9919036895581876       2.5575925087109794E-8
0.09999999999999994       1                        0
0.11499473103159877       0.9757129641256194       8.308357773250974E-8
0.1199885406702531        0.9676219982793629       1.1499978994189222E-7
0.12498194543544201       0.9595300349181062       1.4904458107258054E-7
0.1299783010729997        0.951434431418288        1.8524112754256465E-7
0.13497670811402293       0.9433373230794538       2.2359358291232437E-7
0.1399753319683014        0.9352410133601958       2.6410321946703027E-7
0.1449731542155835        0.92714505113057         3.067825000693837E-7
0.14997035322312838       0.9190494863877947       3.5164285581571795E-7
0.15496636726839866       0.9109559809924894       3.986852273382443E-7
0.15996435723055674       0.9028660806614378       4.479138674041504E-7
0.1649756287428152        0.8947742963581871       4.993818240909536E-7
0.1700071840236005        0.8866758202149527       5.531326682486525E-7
0.17536320541246297       0.8785530831934727       6.098696053297283E-7
0.18087448952012944       0.8704277802829498       6.691405245422284E-7
0.18652720103517753       0.862295984768056        7.308947702861928E-7
0.188060083256264         0.8460167841315416       8.412185988215098E-7
0.19232556478779614       0.8541492351304228       7.951177215909162E-7
0.19379730525847857       0.8378450034838737       9.102344398568385E-7
0.19939177781050488       0.8296762249087576       9.809886283963878E-7
0.20486386126499098       0.8215072300348795       1.0534502986474083E-6
0.24499999999843458       0.7566813626752892       1.675569121282691E-6
0.2399999999956908        0.7647787001964591       1.5947361166307364E-6
0.20997849988394685       0.8133705670292979       1.1268622063823963E-6
0.21499999999999997       0.8052653878299987       1.201616522843081E-6
0.22000000001514572       0.7971680503030442       1.2778731458240372E-6
0.2250000001180815        0.7890707127859803       1.3555465432827724E-6
0.234999999996517         0.7728760377231322       1.5142456323225622E-6
0.2299999999982724        0.7809733752509815       1.4344206115517694E-6
0.24999999999968736       0.7485840251518274       1.7563832675863556E-6
0.25499999999997197       0.7404866876268796       1.836778727446713E-6
0.26999999999999996       0.7                      2.2540064130052137E-6
0.25999999999999995       0.7323893501015379       1.916318479040781E-6
0.26499999999999996       0.7242920125761535       1.994531151162779E-6
0.26999999999999996       0.716194675050769        2.0709157634548292E-6
0.27499999999999997       0.7080973375253844       2.144948610394041E-6
0.4080973375253845        0.4750000000000001       2.2992365510644445E-6
0.4                       0.48                     2.3787628216349504E-6
0.416194675050769         0.47000000000000003      2.2220963959502194E-6
0.42429201257615357       0.46499999999999997      2.14729185499949E-6
0.432389350101538         0.4599999999999999       2.0747660189677366E-6
0.4404866876269225        0.455                    2.0044573597781015E-6
0.448584025152307         0.4400000000000002       1.918776491717498E-6
0.448584025152307         0.4500000000000003       1.9363012792373023E-6
0.4566813626776917        0.43500000000000033      1.8521914498245572E-6
0.46477870220635337       0.4299999988138952       1.787720512924182E-6
0.472876094225982         0.424999965302801        1.7252843535215837E-6
0.4809735223160418        0.4199998952843837       1.664806282857123E-6
0.4890709261129343        0.4149997978355539       1.6062123166365651E-6
0.49716828261665613       0.4099997347945796       1.5494309635390693E-6
0.5052654527627185        0.4049999437204575       1.4943944914315593E-6
0.5133624958223374        0.3999927726508909       1.4410207600398355E-6
0.5214563737087047        0.39498192517012853      1.389269437678722E-6
0.5295436136001778        0.3899652625802707       1.3390911017914608E-6
0.5376234514155019        0.3849308085086934       1.290404447384273E-6
0.5457058121592914        0.37987615828860605      1.2431024359522305E-6
0.5538096688811055        0.37480494008599013      1.1970604458490359E-6
0.561950793763657         0.3697383469665775       1.1522161899381925E-6
0.5701358031257984        0.36463030187074535      1.1084218092606287E-6
0.5783840985314694        0.35940782405474053      1.0654354409511422E-6
0.6174275681826359        0.3394668930505227       8.870237967275239E-7
0.6112168575166168        0.34542408568911287      9.188209610690849E-7
0.5947165011489658        0.34830075468225574      9.825215880971272E-7
0.5868637767521032        0.3538988885585256       1.0222827651970016E-6
0.6034085054782271        0.3512320822566889       9.566882137690672E-7
0.6248564364544412        0.3407334326722581       8.646304703288133E-7
0.6314949725442781        0.33700490065066147      8.366829932381771E-7
0.6490616203118518        0.3237943010930946       7.602049435177951E-7
0.6426714647757735        0.3294154937340761       7.88863170276517E-7
0.638238425371332         0.33508164650734606      8.120717242063613E-7
0.6496795525167475        0.33084739682306136      7.699553881652625E-7
0.6576914665946503        0.31916803275753725      7.273708379211349E-7
0.6647824260137593        0.3180378067911652       7.053991620884063E-7
0.6695262397667596        0.3126065239699537       6.835571281944446E-7
0.6794441245737427        0.29999754485653823      6.369607271880761E-7
0.6785870620355469        0.30838226768666643      6.524502627425434E-7
0.6870624304484576        0.2962805973995472       6.116187291328984E-7
0.692947942331627         0.29200854282413025      5.903264657774226E-7
0.7000240748860826        0.2912120246454208       5.71888046636534E-7
0.7045729649618149        0.28314162843712476      5.489278547572234E-7
0.7145214235470324        0.2821854393859573       5.24577881913829E-7
0.719137135310548         0.2747570466350794       5.034629507311155E-7
0.7252504603394738        0.2680403451690052       4.804977426398339E-7
0.7251487491802203        0.27498148634272734      4.905982363005175E-7
0.7336895241720055        0.2665652602105806       4.606038458394155E-7
0.7404112253104692        0.2599994372758383       4.3776098268221514E-7
0.7494343974420381        0.2574292243205266       4.1633909728437537E-7
0.7557914264091943        0.2504198506395983       3.9487654547203903E-7
0.7650003964784695        0.2457618124378439       3.717285577336009E-7
0.7733570546991307        0.2409318530952006       3.50648679968421E-7
0.7813853863666547        0.2358765766642431       3.305296130750112E-7
0.7893351602295987        0.2305962794367783       3.109134889059359E-7
0.7977014636400255        0.2255924337328558       2.9156026055079947E-7
0.8058212890791236        0.2206392766847988       2.732869352215474E-7
0.8138624720045438        0.21550610318743793      2.555485085602555E-7
0.8219199419983012        0.21038389146418704      2.3839575889205104E-7
0.8301213241281938        0.20534689021979224      2.2171166639686921E-7
0.838162457770276         0.20010427483874127      2.0564923932199974E-7
0.8462114622601977        0.19505289735435016      1.90326850129615E-7
0.8542568630596479        0.1900356975233703       1.755997378509593E-7
0.8623242206695856        0.1850407180848054       1.6141560533817138E-7
0.8704057224764958        0.18005657175137982      1.4776904403642814E-7
0.8784991502603652        0.1750637429614723       1.3464338780157324E-7
0.8866042573631429        0.17006228179659277      1.2203600388278333E-7
0.894716533167656         0.16505351176945052      1.099499626418333E-7
0.9028252459040532        0.16004111071337193      9.839560552061576E-8
0.9109284393160784        0.15502509246670915      8.737069262546761E-8
0.9190289217651445        0.15001345972033378      7.687234540890102E-8
0.9271273854839677        0.14500467080383525      6.689487108658616E-8
0.9352245590480878        0.14000133053594108      5.743491708794732E-8
0.9433209701728167        0.13499928009678694      4.84869941650679E-8
0.9514170283246095        0.12999955737618554      4.0048460054663374E-8
0.9595135154822505        0.12499993263902771      3.21158036238005E-8
0.9676106593056041        0.1199999956367336       2.4687195498570585E-8
0.9757079874238465        0.11500000000000021      1.776189623528593E-8
0.983805324949231         0.11000000000000021      1.1339196594701254E-8
0.9919026624746154        0.10500000000000026      5.418608217278292E-9
1                         0.10000000000000031      0
0.11999925350011637       0.983805761890006        5.724974263279057E-8
0.11499921050092059       0.9919029094896457       2.7611784559594732E-8
0.10999999999999995       1                        0
0.12499812459141157       0.9757101013067047       8.890460466624368E-8
0.12999509634257636       0.9676158789548013       1.2257525881838919E-7
0.13499252553645172       0.9595204647253126       1.5827592542584817E-7
0.13999158170779405       0.951423492932365        1.960153232783923E-7
0.14499069757154157       0.9433268303793185       2.3579146261760275E-7
0.14998860636927544       0.935231152931383        2.776063946564309E-7
0.1549860726190492        0.9271356025676836       3.214707125262597E-7
0.15998365328192998       0.9190398461094027       3.6739184761861684E-7
0.1649797326397431        0.9109458620189232       4.1536028767961637E-7
0.16997670256106964       0.9028543650333672       4.6537445505422277E-7
0.1749969361232553        0.8947587652977675       5.1750275675046E-7
0.18004503144355619       0.8866533479301985       5.717810252552112E-7
0.18530942667310457       0.8785318511843532       6.28569679792091E-7
0.19092213622332835       0.8704029158924561       6.880269039250675E-7
0.196577808370966         0.8622670008409031       7.49545959305201E-7
0.19807855804628755       0.8459908002834013       8.613236914498608E-7
0.2023672794065336        0.8541234427690632       8.131918218618754E-7
0.2037899174959535        0.837832289999344        9.293360929978759E-7
0.20944958832142604       0.8296716390321196       9.990293810001843E-7
0.21476780661808456       0.8215195593783097       1.0697562602855497E-6
0.2549999999995744        0.7566813626770393       1.6707043343993942E-6
0.24999999999872538       0.7647787002011208       1.5937687498214739E-6
0.24499999999902689       0.7728760377269731       1.5168134468388956E-6
0.2199841068717085        0.8133705953017558       1.1418650632357782E-6
0.2249976872237932        0.8052673007845363       1.214768530286691E-6
0.2300000000000788        0.7971680503046056       1.2889058338328199E-6
0.23500000000120305       0.7890707127792551       1.3641069328576898E-6
0.23999999999990618       0.7809733752537016       1.4401624551681588E-6
0.2599999999999211        0.7485840251521862       1.7472634276489253E-6
0.2649999999999934        0.7404866876269125       1.823057666370965E-6
0.27999999999999997       0.7                      2.2160924229519203E-6
0.26999999999999996       0.7323893501015379       1.8976695071079466E-6
0.27499999999999997       0.7242920125761535       1.970656113303929E-6
0.27999999999999997       0.716194675050769        2.04155489489348E-6
0.285                     0.7080973375253844       2.109890790018679E-6
0.4080973375253845        0.4850000000000001       2.3079443550597785E-6
0.4                       0.49                     2.385720203623204E-6
0.416194675050769         0.48000000000000004      2.2323233950158595E-6
0.42429201257615357       0.4750000000000001       2.1588336607574115E-6
0.43238935010153806       0.47000000000000003      2.087442073917493E-6
0.44048668762692267       0.46500000000000025      2.0181082351004684E-6
0.4485840251523077        0.4600000000000013       1.9507862395657085E-6
0.45668136267769177       0.4450000000000008       1.870231365218397E-6
0.45668136267769294       0.45500000000000274      1.8854261844317078E-6
0.4647787002030766        0.44000000000000117      1.8061804037501456E-6
0.47287603828760644       0.43499999967123554      1.7440811813611515E-6
0.4809733965911069        0.4299999871200379       1.6838669851713182E-6
0.4890707674674975        0.42499996257046296      1.625472436715922E-6
0.4971681307904252        0.4199999293278957       1.5688337335548877E-6
0.5052654332070656        0.4149999616822944       1.5138891559100628E-6
0.5133629873433732        0.40999951399652         1.4605758201694564E-6
0.5214607839621439        0.4049922334754276       1.4088239877075915E-6
0.5295549508297972        0.3999832729279341       1.3586067317684145E-6
0.5376431327146488        0.3949666115381932       1.3098685697689227E-6
0.5457256339979859        0.389934268934889        1.2625390457761736E-6
0.5538122323923661        0.38488808652076606      1.2165269033692646E-6
0.5619265315146381        0.3798226147510062       1.1716766954921801E-6
0.5700493861747311        0.37475608271004146      1.128070055690674E-6
0.5782275139776196        0.36963013123504224      1.0853744050220146E-6
0.5866318470869348        0.3641613425006665       1.0423996122470529E-6
0.6210746161235386        0.34852746827779074      8.905656055866057E-7
0.6122249540419318        0.35396381358378604      9.30293528391638E-7
0.5965021438853724        0.3584585291169986       9.948153735784775E-7
0.6058235512670591        0.35846013020462564      9.607680645385994E-7
0.6301393362059992        0.3456910048799364       8.556339786068989E-7
0.6380771277644877        0.3421156848950693       8.241324076053117E-7
0.6562173030218236        0.3276205962741537       7.453132964055724E-7
0.6459869379158959        0.3377709254642553       7.923309942044616E-7
0.6544604365583926        0.3356356675497271       7.631169204646961E-7
0.6637372144125104        0.3242412455648717       7.181561228580115E-7
0.6706442844927069        0.320732273491887        6.931867106316682E-7
0.6776896415183151        0.3167500248585744       6.677027987966972E-7
0.6875630226139038        0.3058459070120051       6.250555787623373E-7
0.6840885204691727        0.3133755448275491       6.45443254523231E-7
0.69567427329871          0.29933822336329996      5.947152951959328E-7
0.703338637654715         0.2977815919143556       5.735297649649979E-7
0.7097524904846098        0.29116146272711835      5.485890183778163E-7
0.7184235071275321        0.28875166222591625      5.249554658092282E-7
0.7249157917905464        0.28139279287288976      5.00056920290005E-7
0.7321288099225138        0.2752165866431577       4.758028780066502E-7
0.7408345611747943        0.27019768019686896      4.5062956095230093E-7
0.7489058310803451        0.265641098035086        4.2810731417684225E-7
0.7568492304695705        0.2606501444523129       4.0593403425336095E-7
0.7648684791525149        0.25537829337031676      3.8391747884123476E-7
0.7732142152237265        0.250438111733996        3.6235692669781977E-7
0.7813774341993066        0.2454667651582521       3.417499536114037E-7
0.7894376836576983        0.24038244158226188      3.218281265375836E-7
0.7975626203266498        0.2353489034705173       3.024727695965321E-7
0.805708019558338         0.230283062801229        2.8366332521545186E-7
0.8138164716766247        0.22523809527341443      2.6554059660159083E-7
0.8219017582492876        0.22023420633069274      2.4808618453120445E-7
0.8299854209967021        0.21515998607942902      2.3114784668233962E-7
0.8381024178516682        0.21009059901939023      2.1474270767429585E-7
0.8461936243402844        0.20503307070478682      1.98954971354742E-7
0.8542691789947413        0.2000180366674266       1.8378400375197315E-7
0.8623457795169709        0.19502035933075437      1.691749070990484E-7
0.8704299872944801        0.19002403506256638      1.5509949383983337E-7
0.8785227633214493        0.18502784187196372      1.4155066933587462E-7
0.8866226782223298        0.18002634493117994      1.2852214751495757E-7
0.8947253345988109        0.17502291813493462      1.1601742075066416E-7
0.9028283474226689        0.17001728129255878      1.040348554113249E-7
0.910928551050274         0.16501176023072073      9.257508780246462E-8
0.9190274283989098        0.16000660808523268      8.163253133009142E-8
0.927125843511999         0.15500217071471442      7.12028199198427E-8
0.9352240123869371        0.1500002880937324       6.128322658008848E-8
0.943321558741949         0.14499902675630502      5.187037593511489E-8
0.9514179653645422        0.13999908521328486      4.29624631682096E-8
0.95951392347438          0.13499972249625816      3.45564758456435E-8
0.9676107047734575        0.1299999745476116       2.6649482923266502E-8
0.9757079874238465        0.12500000000000017      1.9240701644951596E-8
0.983805324949231         0.12000000000000023      1.2329746369119484E-8
0.9919026624746154        0.11500000000000021      5.916209520587947E-9
1                         0.11000000000000021      0
0.12999967804605114       0.9838056646619272       6.101241898001433E-8
0.12499988557082789       0.9919027154586489       2.9544610274688664E-8
0.11999999999999993       1                        0
0.1349990068916544        0.9757091211304626       9.439761013928157E-8
0.13999809043445935       0.9676126859541642       1.296998627345869E-7
0.14499760102829856       0.9595157234921343       1.6692262824831826E-7
0.14999747856907883       0.9514185644205015       2.060664857811786E-7
0.15499687475604482       0.9433219490130922       2.471295589224759E-7
0.1599955253182172        0.935225826080052        2.9011318018528665E-7
0.16499394955805838       0.9271297123856015       3.350205811520021E-7
0.16999174640626202       0.9190340422263904       3.818475920775827E-7
0.17498787898212162       0.9109394111570319       4.30584824272476E-7
0.17998530657821593       0.9028431002753046       4.812422293242411E-7
0.185017397912509         0.8947436699103065       5.338669747042885E-7
0.1900921452596052        0.886636578494352        5.884825550949646E-7
0.19543139617723623       0.8785113279867489       6.454741742983701E-7
0.20088004878816343       0.8703821450524944       7.044688137685546E-7
0.20664260000183174       0.862245827434458        7.657086614068775E-7
0.20809335427638842       0.8459731610507549       8.785141866262888E-7
0.21239251785107158       0.8541047403142463       8.285675928317064E-7
0.21378871982073736       0.8378233336728016       9.453995610303119E-7
0.21936233051181908       0.8296728756116841       1.01359788495814E-6
0.22481294396625703       0.821521933104902        1.0829959657026595E-6
0.26499999999988855       0.756681362677521        1.6617651858332974E-6
0.2599999999996387        0.7647787002025223       1.5887076976422337E-6
0.2549999999997386        0.7728760377280611       1.5153094776236137E-6
0.24999999999977354       0.780973375253499        1.4418899929055678E-6
0.2299905410137988        0.8133723383787806       1.1533193434901009E-6
0.23499759878478693       0.8052708603162585       1.2242294143982728E-6
0.23999928768280543       0.797170782806953        1.2961006541452988E-6
0.2449999999999989        0.7890707127792279       1.3687406367508379E-6
0.2699999999999808        0.7485840251522777       1.7341354403256008E-6
0.2749999999999985        0.7404866876269204       1.805446968511594E-6
0.29                      0.7                      2.175185226910357E-6
0.27999999999999997       0.7323893501015379       1.8753064953266835E-6
0.28500000000000003       0.7242920125761534       1.9433034620693273E-6
0.29                      0.7161946750507688       2.0090158799950298E-6
0.29499999999999993       0.7080973375253844       2.0720175110786596E-6
0.40809733752538446       0.4950000000000002       2.312314934322171E-6
0.4                       0.5000000000000001       2.3880455300305178E-6
0.4161946750507688        0.49000000000000027      2.2384896136169336E-6
0.42429201257615357       0.48500000000000026      2.1665732490919797E-6
0.43238935010153806       0.48000000000000004      2.096557288035565E-6
0.4404866876269233        0.4750000000000017       2.028423259558681E-6
0.4485840251523098        0.470000000000006        1.9621448186840142E-6
0.45668136267769754       0.4650000000000117       1.897689473771924E-6
0.46477870020307815       0.45000000000000406      1.8219754139645502E-6
0.4647787002030847        0.46000000000001623      1.8350200404711035E-6
0.47287603772846315       0.4450000000000048       1.7603795404321401E-6
0.4809733754009783        0.4399999999139745       1.7005832731031545E-6
0.48907071981531913       0.4349999958051647       1.6425310429651668E-6
0.49716806865283447       0.42999998779695536      1.5861676455446657E-6
0.5052654154067692        0.4249999771826685       1.5314386202067239E-6
0.5133627757384618        0.4199999410518552       1.4782903863915558E-6
0.5214611186049348        0.41499753637971826      1.4266617468027327E-6
0.5295584966142404        0.4099931174839221       1.3765129198416204E-6
0.5376522788912748        0.40498579709761695      1.3278055592151108E-6
0.5457404181084119        0.3999692628614252       1.2804892135666534E-6
0.553823562514567         0.39493952088311657      1.234505776244603E-6
0.5619114803315775        0.38990122315626624      1.1897746627787278E-6
0.5700267613145256        0.3848446510839983       1.1461443072974962E-6
0.5781743158098666        0.37976979135436895      1.1035668983406653E-6
0.5864234238429403        0.37466846649101243      1.0617304260973607E-6
0.6283189201167408        0.3541954854046829       8.754093467416449E-7
0.5947718707005462        0.36973968093757437      1.0209843140822548E-6
0.6202754505803785        0.3584309525926764       9.096211171617076E-7
0.6120863645198419        0.36270754560048146      9.453725739719101E-7
0.6035808041603898        0.3662453822309043       9.820907153110887E-7
0.6366485633547451        0.3505863812673741       8.421616915533811E-7
0.644962083149928         0.3468640964652914       8.09707661573473E-7
0.6625366288417365        0.3320909517293143       7.337040960078828E-7
0.6532479481366562        0.3433698312790265       7.785673862255695E-7
0.6614164553164518        0.3400171598431385       7.48825299203223E-7
0.670244326126617         0.32848904907648796      7.060334926803103E-7
0.6777875742610515        0.32461177121807583      6.791169216433785E-7
0.6853712615898648        0.3205280559025841       6.524654800300596E-7
0.6961948879447031        0.30750042418752344      6.053620081925543E-7
0.6927686931256405        0.31484842600882634      6.247123508207982E-7
0.702588917211481         0.30473847556011746      5.8532238055169E-7
0.7101457901787506        0.30103963601173916      5.615740078837088E-7
0.7177447106327417        0.2964289830272984       5.370842713798918E-7
0.7254012744942254        0.2912011049982505       5.122765355015618E-7
0.7328692121466277        0.28532236233455577      4.876965920792297E-7
0.740784562152513         0.28017436992889716      4.6375339808223853E-7
0.7489224252460167        0.2752620925364737       4.403123039055757E-7
0.756983146839183         0.27030800942849553      4.176468738276783E-7
0.765049931099577         0.2652472721976381       3.9549331323108976E-7
0.7731709707314316        0.26026692302710513      3.739757025950206E-7
0.7813367014876955        0.2552733908152259       3.529961598577316E-7
0.7894573490120973        0.25022414039892116      3.326661412978428E-7
0.7975580062484764        0.24521127750975058      3.13026823052025E-7
0.8056709711886026        0.24016721180669787      2.939378038007952E-7
0.8137826671282027        0.23513316643576765      2.754574490529513E-7
0.8218814253222075        0.23011244129189057      2.575969898574738E-7
0.8299606655007767        0.22506797278504187      2.403208221381325E-7
0.838061377717484         0.22003842552714897      2.2359366669156062E-7
0.8461726628500319        0.21502068508237296      2.074223589020491E-7
0.8542643890720008        0.2100018267119775       1.918316194751016E-7
0.862353411854581         0.20500438430084753      1.768065575888132E-7
0.870441763095096         0.2000086470638063       1.6232121654052325E-7
0.8785346187273337        0.19501030683883594      1.483599568138408E-7
0.8866323871450612        0.19000882893018287      1.349173661670999E-7
0.8947309470032581        0.18500807840362524      1.2199661297486224E-7
0.9028307162644865        0.18000532776942044      1.0959108284460687E-7
0.9109290035132472        0.1750037766536661       9.770159081428155E-8
0.9190268290632323        0.17000214127834753      8.632228629911715E-8
0.9271243261306951        0.16500035310162975      7.544952680737785E-8
0.9352226655783761        0.15999994754248129      6.507963867303411E-8
0.9433208017098491        0.15499921425011762      5.521031708707387E-8
0.9514182027438508        0.14999896685573666      4.5840037413605315E-8
0.9595142497124681        0.14499956647302334      3.696740626552913E-8
0.9676107852567846        0.13999993721744175      2.8588802995917687E-8
0.9757079874238465        0.13500000000000012      2.070298412930464E-8
0.983805324949231         0.13000000000000023      1.3309729236368223E-8
0.9919026624746154        0.12500000000000022      6.408751460581154E-9
1                         0.12000000000000023      0
0.13999993507962807       0.9838054066771718       6.455838019468473E-8
0.13499999049561323       0.9919026754040976       3.137067986249767E-8
0.1299999999999999        1                        0
0.1449998061053492        0.9757082127635706       9.955713426143253E-8
0.14999966834049258       0.9676110062872149       1.3636354820187836E-7
0.15499961276371935       0.959513733736376        1.7497553331661972E-7
0.1599995233070733        0.9514165848182807       2.1539037537227806E-7
0.16499916815601073       0.9433197091170671       2.57605065602616E-7
0.16999854647334414       0.9352229779189928       3.0161700097265513E-7
0.1749976537323321        0.9271264695697189       3.474207562092868E-7
0.17999578336000924       0.9190305309779659       3.9500581468150926E-7
0.18499258117057815       0.9109346528172724       4.443626253082695E-7
0.18999045854782134       0.9028366225918244       4.954905466821672E-7
0.19501110100873253       0.8947360187213877       5.484011648377781E-7
0.200158517553226         0.8866216187041195       6.032771123199923E-7
0.20538902221124747       0.8784947821842642       6.600159663178409E-7
0.21097034479467758       0.8703621755188801       7.188689171235801E-7
0.21665280838009437       0.8622262212368953       7.793759528305688E-7
0.218105441658304         0.845958677225148        8.928968072572092E-7
0.22240798201198161       0.8540872365789346       8.413697637633264E-7
0.22379199956546614       0.837815351451492        9.585263617654597E-7
0.22943450216028552       0.8296746908503511       1.0252882317670734E-6
0.2347622813972333        0.8215245400098189       1.0928927934083075E-6
0.27499999999997177       0.7566813626776483       1.6491624635146012E-6
0.2699999999999013        0.7647787002029247       1.5799267831427466E-6
0.2649999999999321        0.7728760377283566       1.5100699677121382E-6
0.2599999999999716        0.7809733752538015       1.4399022802761937E-6
0.2549999999999993        0.7890707127792284       1.3697106889487826E-6
0.2399892913235777        0.8133814794408268       1.1613400926782415E-6
0.24499795842981834       0.8052751116606438       1.230200958112545E-6
0.24999943363091123       0.7971712759666486       1.2997304250528067E-6
0.2799999999999955        0.7485840251523003       1.7174451871589074E-6
0.28499999999999964       0.740486687626922        1.7844242380057895E-6
0.29999999999999993       0.7                      2.131886203541584E-6
0.29                      0.7323893501015379       1.8497336900126933E-6
0.295                     0.7242920125761535       1.9129971592818893E-6
0.2999999999999999        0.716194675050769        1.973833605385E-6
0.3049999999999999        0.7080973375253845       2.031864079565544E-6
0.4080973375253841        0.5050000000000009       2.3123149355422865E-6
0.4                       0.51                     2.3857202215566966E-6
0.41619467505076846       0.5000000000000012       2.240550050281401E-6
0.42429201257615323       0.49500000000000066      2.170456653376498E-6
0.43238935010153806       0.49                     2.1020509811303026E-6
0.4404866876269258        0.48500000000000776      2.035336914714381E-6
0.44858402515231927       0.4800000000000261       1.9703082102537934E-6
0.4566813626777158        0.47500000000004855      1.9069504103310779E-6
0.4080973375253827        0.5150000000000042       2.3079443563350866E-6
0.4                       0.52                     2.378762813101772E-6
0.4647787002031109        0.4700000000000647       1.8452424772475663E-6
0.4728760377284707        0.4550000000000178       1.7740958580376941E-6
0.4728760377285001        0.4650000000000684       1.7851581812245909E-6
0.48097337525385514       0.4500000000000166       1.714873800610196E-6
0.48907071281618214       0.4449999999785093       1.657309112332898E-6
0.4971680524086179        0.439999998757243        1.6013560797014787E-6
0.5052653935077642        0.43499999630474484      1.5469686202956887E-6
0.5133627335819986        0.42999999352378315      1.4941007274042378E-6
0.5214603018527959        0.42499977269295486      1.4427052512660616E-6
0.52955868012848          0.4199977115594675       1.3927319358091654E-6
0.5376555877989087        0.41499484891105193      1.3441500681535081E-6
0.5457489617296294        0.4099875559633771       1.29692017888322E-6
0.5538369754588524        0.40497198101244486      1.251001152739955E-6
0.5619230205779648        0.39994399818002646      1.2063284380713435E-6
0.5700114359902355        0.3949141145324854       1.1628603264444898E-6
0.5781155090839237        0.3898738623700788       1.1204918762814319E-6
0.5862596412328065        0.3848407029099244       1.0791232573702444E-6
0.5944753542498675        0.379869150008498        1.038699236155873E-6
0.6348622498936918        0.3591286758800757       8.610737337143369E-7
0.6270347197180149        0.36285595222170836      8.931915854899818E-7
0.6028560066037494        0.3754800390920441       9.996770864929904E-7
0.6193889836118502        0.3671090685326098       9.263274778087226E-7
0.611348327368818         0.37135071590481594      9.617497949887878E-7
0.6435791483521955        0.3555212349331556       8.270768379774412E-7
0.6521780393122129        0.35176613700222187      7.942011370303037E-7
0.6694209820199052        0.33645491711821335      7.200436514809752E-7
0.660496982608075         0.34815097769391984      7.632913802043404E-7
0.6685453521365157        0.34449397034793805      7.339535897362881E-7
0.6773432576109171        0.3328152931874253       6.921310136192382E-7
0.6855493711517212        0.3290004808635032       6.639093892357506E-7
0.6943438244784494        0.32458217900189135      6.340458558494616E-7
0.7020325827092142        0.31270069038375053      5.978136339202504E-7
0.699786752074175         0.3194061807464807       6.127165913884306E-7
0.7099874071470381        0.3102790043571202       5.745198923781503E-7
0.7174625779419179        0.30584829848442496      5.503254809421942E-7
0.7252826264990219        0.300571734462036        5.248361647689111E-7
0.7331280756353831        0.29508316091970554      4.996997452535309E-7
0.7410032306156309        0.29016770050643936      4.758894176291949E-7
0.7489816358801954        0.2851599452282882       4.523891394361927E-7
0.757041558633885         0.2801768799865275       4.2939744139589987E-7
0.765115924215824         0.27516507112919225      4.069886394261694E-7
0.7732126923409929        0.27015573745952737      3.851752262547327E-7
0.7813323728644331        0.26515366094056336      3.6395350604671205E-7
0.7894530658838765        0.2601374002459716       3.4333319594964637E-7
0.7975604702477913        0.25510009657938204      3.23323736753616E-7
0.8056582168232143        0.2500556988630173       3.039225609569447E-7
0.8137666655272909        0.2450397323919295       2.8511914777240233E-7
0.8218696399032995        0.24002530347729994      2.6690483668962506E-7
0.829961835742334         0.23502201145771526      2.4928713114320055E-7
0.8380556710450815        0.2300159903986422       2.3222425625366287E-7
0.8461581623570554        0.22500594422869905      2.1569760049931095E-7
0.8542615026032032        0.2199980119781998       1.9971782022338096E-7
0.8623551907973162        0.21499866017228453      1.8429775258849292E-7
0.8704469858963747        0.21000146314049697      1.694137867264246E-7
0.8785399681203674        0.20500312778839008      1.550533449091684E-7
0.8866359829929156        0.20000276635646166      1.4120837751212803E-7
0.8947335817349195        0.19500205169966714      1.2787729538010539E-7
0.902831949695386         0.19000000000000028      1.1505619946996629E-7
0.9109292872207705        0.18500000000000028      1.0274497766202768E-7
0.919026624746155         0.18000000000000027      9.093735103043464E-8
0.9271239622715394        0.17500000000000024      7.962992002633336E-8
0.9352212997969239        0.1700000000000002       6.881967157843455E-8
0.9433197280968588        0.16499948365569864      5.8502670829315975E-8
0.9514172393289835        0.15999940947588523      4.8679141466556015E-8
0.9595141128735105        0.15499962895442498      3.93467537688425E-8
0.9676108322053921        0.14999991544150937      3.0503410605068076E-8
0.9757079874238463        0.14500000000000013      2.214738908578234E-8
0.983805324949231         0.14000000000000012      1.4278243949771824E-8
0.9919026624746154        0.13500000000000015      6.895784300725683E-9
1                         0.13000000000000023      0
0.1499999999999999        0.983805324949231        6.787841206389886E-8
0.1449999999999999        0.9919026624746154       3.308616072573967E-8
0.1399999999999999        1                        0
0.15499999999999992       0.9757079874238465       1.0436956906110198E-7
0.15999999999999992       0.9676106498984619       1.4255387165928913E-7
0.16499999685445357       0.959513321999574        1.8242619682573586E-7
0.16999997206440373       0.9514160371451497       2.2398121290708292E-7
0.17499989820575648       0.9433188135422707       2.6721276629501887E-7
0.17999974736878624       0.9352216648006592       3.1211303108576827E-7
0.18499933225082757       0.9271248637037544       3.586701275383382E-7
0.18999822004168296       0.9190285236298142       4.068691241960996E-7
0.19499654368730898       0.9109320043538837       4.5669544098185786E-7
0.19999588155290993       0.9028342530409479       5.081337770135675E-7
0.20499841037909142       0.8947357048324327       5.61155320338877E-7
0.21017187144335317       0.8866105005338428       6.160791804095394E-7
0.2154657908599732        0.8784760343060283       6.726923755348195E-7
0.22087581333449915       0.8703378799963021       7.308757599621843E-7
0.2266553057977947        0.862205208445695        7.907154961850304E-7
0.2281317675654229        0.8459444000532804       9.045961225150591E-7
0.23244136435706084       0.8540687194684667       8.517255068175568E-7
0.23382725742313618       0.8378052307247956       9.688654868103485E-7
0.23945975749566384       0.8296689333035744       1.0340009144784858E-6
0.24480346574889378       0.821522110388165        1.099831994152621E-6
0.28499999999999315       0.7566813626776812       1.6332932665959722E-6
0.2799999999999739        0.764778700203036        1.5677929329808045E-6
0.2749999999999822        0.772876037728433        1.5014300613129925E-6
0.26999999999998947       0.7809733752538286       1.434502079661987E-6
0.26499999999999896       0.7890707127792276       1.3672876957259409E-6
0.25999999999999984       0.7971680503046136       1.3000454179271245E-6
0.2499892410146778        0.8133853269751454       1.1662217975123816E-6
0.2549989198270343        0.805273491784945        1.2329462911495638E-6
0.2899999999999997        0.7485840251523066       1.6976171389693826E-6
0.29499999999999993       0.7404866876269225       1.7604371723955285E-6
0.3099999999999999        0.7                      2.0867191961819804E-6
0.2999999999999999        0.7323893501015379       1.8214164264020553E-6
0.3049999999999999        0.7242920125761535       1.8802131287870132E-6
0.3099999999999999        0.716194675050769        1.93648617301738E-6
0.3149999999999999        0.7080973375253845       1.989901239052051E-6
0.4080973375253763        0.5250000000000181       2.299236554153982E-6
0.4                       0.53                     2.367228587395879E-6
0.4080973375253509        0.535000000000072        2.2862576397915144E-6
0.4                       0.54                     2.351208595062261E-6
0.40809733752525484       0.5450000000002693       2.269105294936624E-6
0.4                       0.55                     2.330827875028696E-6
0.4161946750507666        0.5100000000000052       2.238489614827985E-6
0.4242920125761522        0.5050000000000029       2.1704566538373577E-6
0.432389350101538         0.5                      2.1038863275132477E-6
0.4404866876269368        0.49500000000003386      2.0388049083386348E-6
0.44858402515235796       0.49000000000011074      1.975226457413522E-6
0.45668136267778964       0.4850000000001973       1.913154880646795E-6
0.46477870020321205       0.4800000000002526       1.8525857080317386E-6
0.4161946750507597        0.5200000000000203       2.2323233967148432E-6
0.47287603772860987       0.4750000000002559       1.7935076261496686E-6
0.48097337525388256       0.4600000000000608       1.7266672743174288E-6
0.48097337525398154       0.47000000000021713      1.735903792231761E-6
0.48907071277926056       0.45500000000004687      1.6697364780176645E-6
0.49716805031356626       0.449999999994854        1.6143303096654379E-6
0.505265388414537         0.44499999965723824      1.560411766733134E-6
0.5133627270019699        0.439999998946373        1.5079429037333693E-6
0.5214600635746791        0.43499999956433677      1.456885310785616E-6
0.5295580196323205        0.4299994419195883       1.4071964625342505E-6
0.5376558342866374        0.42499843055376196      1.3588423090721154E-6
0.5457523916971342        0.41999620119606135      1.311789235385744E-6
0.5538460963241251        0.41498887664625494      1.2660013214800937E-6
0.5619355294521154        0.40997453087341085      1.2214443045748803E-6
0.5700282632322876        0.4049517888204366       1.1780454477758644E-6
0.5781317716900344        0.3999330060321056       1.135758113303569E-6
0.5862560156285511        0.3949300563145562       1.0945302294680415E-6
0.5944241898608988        0.38998184363985855      1.0543028215535796E-6
0.60267043350726          0.3851915879954402       1.0150805870058801E-6
0.6329610698608702        0.36691161448248194      8.788864160035923E-7
0.6423159035587389        0.3648995971903761       8.446038201171772E-7
0.6264204092688558        0.371361978064434        9.078822915808742E-7
0.6321854734856189        0.3737325289923254       8.911459798031026E-7
0.6109849918599701        0.3805698733689618       9.769096453797476E-7
0.6191928134571058        0.3759923866038943       9.402283731591746E-7
0.65110455505013          0.36007976191116353      8.092961175321323E-7
0.650549734138135         0.367957426169201        8.216763690825182E-7
0.6596914568815018        0.3566040746841523       7.774315395415264E-7
0.6764510793975304        0.34085728447232594      7.05813211675651E-7
0.6679205322557689        0.35266188174869195      7.468993857342445E-7
0.6756829862434435        0.34888427468795075      7.187548997995761E-7
0.6846077668248508        0.3374812637365571       6.780259975504033E-7
0.6938429304013255        0.3339849616748953       6.478482016114135E-7
0.7019358850151041        0.32476750824036027      6.142076020011546E-7
0.6998704389787831        0.3296698779142176       6.260162195585886E-7
0.7078536059282458        0.3201330213423376       5.928551710477446E-7
0.7169197999507574        0.3153140033374165       5.638456903990253E-7
0.7250631325161669        0.31034261395250123      5.377180054718355E-7
0.7330472546598211        0.3051116997881268       5.123481564042533E-7
0.7410507600053782        0.30008372768901376      4.878543997988189E-7
0.7490508334316816        0.29509433179208794      4.640707750825123E-7
0.7570885408518104        0.29009688207300655      4.408397176487027E-7
0.7651575543888876        0.28509598385001644      4.181749100795033E-7
0.7732452590796001        0.2800868085074906       3.9609063597879535E-7
0.7813476872644282        0.2750784175983633       3.7459681779227224E-7
0.7894559136642036        0.27007100191796923      3.5370212196164764E-7
0.7975612665524412        0.2650558779209338       3.334043181219255E-7
0.8056617297853839        0.26003247222385784      3.1369678604925443E-7
0.813762098197356         0.2550256025341785       2.945849640452563E-7
0.8218634014654582        0.25001671950463145      2.760398653422823E-7
0.8299617715275144        0.24501261420029272      2.580656685999507E-7
0.8380577514930593        0.2400083229679575       2.4064851033064833E-7
0.8461549110901174        0.2350039218450762       2.2377509274857275E-7
0.8542550769294489        0.22999890821921892      2.0743539992135323E-7
0.8623539615540327        0.22499719221534742      1.9163242360955432E-7
0.8704488564627154        0.21999888506060553      1.7636340152511768E-7
0.8785423734432781        0.215000398822613        1.61615741132603E-7
0.8866374748798953        0.21000066636973863      1.4737930858922835E-7
0.8947344495354951        0.20500036754469877      1.33649513538268E-7
0.902831949695386         0.20000000000000032      1.2042408545229575E-7
0.9109292872207704        0.19500000000000028      1.0770001855172963E-7
0.919026624746155         0.19000000000000028      9.547314308861886E-8
0.9271239622715396        0.18500000000000028      8.3740101520832E-8
0.9352212997969239        0.18000000000000027      7.249792166903777E-8
0.9433186373223084        0.1750000000000002       6.174401377341973E-8
0.9514164259162858        0.16999978838395288      5.147562805111087E-8
0.9595136635287927        0.16499983717213243      4.169215074892265E-8
0.9676107922685895        0.15999993396519216      3.239155409262296E-8
0.9757079874238465        0.15500000000000014      2.3572557328840957E-8
0.983805324949231         0.15000000000000013      1.523438608790733E-8
0.9919026624746154        0.14500000000000013      7.376856660001584E-9
1                         0.14000000000000012      0
0.15999999999999992       0.983805324949231        7.096658385802802E-8
0.15499999999999992       0.9919026624746154       3.468756834015856E-8
0.14999999999999988       1                        0
0.16499999999999992       0.9757079874238463       1.088285895196354E-7
0.16999999999999993       0.9676106498984619       1.4826590585461012E-7
0.17499999999999993       0.9595133123730775       1.8927089441185155E-7
0.17999999999999994       0.9514159748476931       2.3183520522314277E-7
0.18499999999999994       0.9433186373223086       2.759490033624583E-7
0.18999999238663254       0.9352213766040226       3.2159976555118675E-7
0.19499989739601167       0.9271245224921868       3.6877039007474586E-7
0.199999920730353         0.9190279616886734       4.174422926032038E-7
0.20499965254654706       0.9109312730274074       4.675932228450747E-7
0.209999521871706         0.902832728199948        5.192038595021629E-7
0.21500107732844476       0.8947351479591898       5.722231659703452E-7
0.22011432623409363       0.8865973751684684       6.269703774132002E-7
0.22547829000934372       0.8784547546079059       6.833070735607736E-7
0.23096382059690468       0.8703125857101269       7.409683717994136E-7
0.23672484033068478       0.862183593968236        7.998607498988943E-7
0.23816532611138563       0.845929457419561        9.137010226383858E-7
0.24247373141650488       0.8540511552083123       8.596884484764069E-7
0.2439026485166336        0.8377929835898518       9.765163069130113E-7
0.2494040736331652        0.8296540251038853       1.0399164787459002E-6
0.25482421489568713       0.8215136430080513       1.1038776734971242E-6
0.29500020351995104       0.7566813070774981       1.6145363877823572E-6
0.29000013963696486       0.7647786843142845       1.5526609870440675E-6
0.2850000794730945        0.7728760379240238       1.4897184650540653E-6
0.2800000383703998        0.780973377683797        1.4259906419967634E-6
0.27500001538064206       0.7890707141866685       1.361744877901794E-6
0.26999999062594776       0.797168070428854        1.2972320873432435E-6
0.26499954851297247       0.8052674426644381       1.232669701784196E-6
0.2599509830641635        0.8133847347408049       1.1681456409747537E-6
0.3000002288045132        0.748583920473843        1.6750507614038779E-6
0.30500018856994343       0.7404865568781714       1.733901314034482E-6
0.3199999999999999        0.7                      2.040137313361198E-6
0.31000010326699007       0.7323892515491185       1.7907802676459382E-6
0.3150000270749004        0.7242919810372254       1.8453798832650107E-6
0.3199999999999999        0.716194675050769        1.8973975034170616E-6
0.3250001671257042        0.7080970583035825       1.946541783963329E-6
0.4080973375249158        0.5550000000009351       2.247907003216777E-6
0.4                       0.56                     2.306243301725873E-6
0.40809733752379734       0.5650000000029559       2.2228177683022186E-6
0.4                       0.5700000000000001       2.2776406646400856E-6
0.4161946750507333        0.530000000000076        2.2220963982953754E-6
0.41619467505064134       0.5400000000002669       2.207882738203839E-6
0.4161946750503429        0.5500000000008759       2.1897843390312464E-6
0.42429201257614846       0.5150000000000108       2.166573250342141E-6
0.43238935010153806       0.51                     2.1020509818774547E-6
0.4404866876269827        0.5050000000001467       2.0388049086666538E-6
0.448584025152514         0.5000000000004596       1.97686925849857E-6
0.4566813626780776        0.49500000000078465      1.91626632795868E-6
0.46477870020359424       0.4900000000009624       1.8570083713097849E-6
0.4728760377290083        0.4850000000009321       1.7990992464714207E-6
0.4242920125761354        0.5250000000000382       2.1588336627189682E-6
0.4809733752543271        0.48000000000075527      1.7425358434610105E-6
0.4890707127793382        0.46500000000016034      1.6797529559296414E-6
0.4890707127795995        0.47500000000053255      1.6873093190624909E-6
0.49716805030469          0.46000000000010477      1.6250304127028553E-6
0.5052653878321376        0.4549999999988534       1.571708810462658E-6
0.5133627255087622        0.4499999999106193       1.5197588280454842E-6
0.521460063333628         0.44499999971416937      1.4691497465156602E-6
0.5295575355958968        0.4399999121118177       1.41984911085617E-6
0.5376552351725938        0.43499958427034563      1.3718241510169893E-6
0.5457527465335582        0.4299992234449242       1.3250448876239068E-6
0.5538494591807291        0.4249967855664722       1.2794792180699499E-6
0.5619442226958807        0.4199904575836088       1.2350975390246945E-6
0.5700370918555984        0.41497823878610385      1.1918643212247028E-6
0.5781360109896387        0.40996475903541185      1.149719440664965E-6
0.5862458780512538        0.4049647823647074       1.1086345699410273E-6
0.59437280577293          0.39999344755683974      1.0685806582860587E-6
0.6025407294364412        0.39507087702061905      1.0294693136783159E-6
0.6107413290326326        0.39017774484265966      9.912928847026032E-7
0.638346185290889         0.3725587409862124       8.684160223084449E-7
0.644808382325261         0.3721397259703425       8.461006917853852E-7
0.6351885935196094        0.378241881149468        8.868178655528363E-7
0.6278366346798682        0.37992539621839916      9.148153608544613E-7
0.6191308420583518        0.3852563711633546       9.533835964193281E-7
0.6501258708034555        0.37582883434729997      8.33140856694538E-7
0.6560083935259273        0.3725704811072591       8.098140846574698E-7
0.659315459196846         0.3657979809606896       7.906825788683046E-7
0.6677287357362567        0.3610638302956662       7.5837055500949E-7
0.6832816888438417        0.3455055188445772       6.922863313211183E-7
0.6754377930513313        0.3569674971479269       7.298145929643568E-7
0.6824113051692134        0.35307568309308496      7.043487137165917E-7
0.6912148785901135        0.34280159268459937      6.663627656329648E-7
0.6990917110961238        0.34129148247277485      6.426766396181597E-7
0.7017177395314722        0.3350198524957485       6.278350903728781E-7
0.7075118154675647        0.32999488815819245      6.062245788435353E-7
0.716404482609204         0.3251292811215282       5.773021431683149E-7
0.724747593561972         0.32015180076658667      5.504209029429629E-7
0.7329189440362777        0.31505814760682016      5.245373215942961E-7
0.7410116343468016        0.3100289840336526       4.995981615546676E-7
0.7490635313429497        0.3050164890940705       4.754298833116453E-7
0.7571176844971004        0.3000442599518413       4.519418758442967E-7
0.765184502360632         0.295048207958471        4.2902813460087594E-7
0.7732672131877404        0.29004342995298443      4.066901964290733E-7
0.7813617905230101        0.28503597248961604      3.849346408230301E-7
0.789462200108585         0.2800308980310521       3.637698390296328E-7
0.7975633899198645        0.27502467907496747      3.431925037161235E-7
0.8056628440272576        0.27001719439567845      3.231976313808839E-7
0.8137615046510529        0.26501218064681653      3.0377748073364536E-7
0.8218606575863753        0.26000926324870477      2.8492033857059156E-7
0.8299595545672173        0.255006135368645        2.6661709474685953E-7
0.8380572514993646        0.2500033384676404       2.4886188292398665E-7
0.8461538800090143        0.24500067258837066      2.3164673588451614E-7
0.8542506521658546        0.2399999746675125       2.1496400279410022E-7
0.8623493828725527        0.23499881916411838      1.988024854219708E-7
0.8704478673432526        0.22999879139353968      1.831607110810779E-7
0.8785429097312839        0.22499957129377082      1.6803724586994572E-7
0.8866380527574186        0.22000001247161108      1.5342064355810337E-7
0.8947346614275329        0.21500004642560286      1.3930417662654542E-7
0.902831949695386         0.21000000000000024      1.2568479728444778E-7
0.9109292872207704        0.20500000000000024      1.1255938121926181E-7
0.9190266247461548        0.20000000000000032      9.992427338747508E-8
0.9271239622715394        0.19500000000000028      8.777616381825476E-8
0.9352212997969239        0.19000000000000028      7.611212596715253E-8
0.9433186373223086        0.18500000000000028      6.492961412246224E-8
0.9514159748476929        0.18000000000000027      5.422646117587388E-8
0.9595133123730775        0.1750000000000002       4.400087674397326E-8
0.9676107081777395        0.1699999729686209       3.4251378687203026E-8
0.9757079874238465        0.1650000000000002       2.4977125793534988E-8
0.983805324949231         0.1600000000000002       1.6177248461464843E-8
0.9919026624746154        0.15500000000000014      7.851515683862597E-9
1                         0.15000000000000013      0
0.16999999999999993       0.983805324949231        7.381856852236545E-8
0.16499999999999992       0.9919026624746154       3.61722132084157E-8
0.1599999999999999        1                        0
0.17499999999999993       0.9757079874238465       1.1292942878094832E-7
0.17999999999999994       0.9676106498984619       1.5349530779519092E-7
0.18499999999999994       0.9595133123730775       1.9550614731401444E-7
0.18999999999999995       0.9514159748476929       2.389505808704682E-7
0.19499999999999992       0.9433186373223084       2.838151803232385E-7
0.1999999976070455        0.9352214503627408       3.300828804820651E-7
0.2049999764363081        0.9271248364532726       3.7773140053675973E-7
0.20999993801379666       0.9190282257365321       4.2673931556499874E-7
0.21500023431752233       0.9109300265599977       4.770864167997702E-7
0.22000119424141654       0.9028301096887592       5.287386534909845E-7
0.22500403812818173       0.8947212242638983       5.816989977069454E-7
0.23015451382317945       0.8865792434111168       6.361908958248993E-7
0.23535473191533016       0.8784246927789847       6.919404736816644E-7
0.24105401199251889       0.8702980135624584       7.489044028435806E-7
0.24675651939526985       0.8621675685407719       8.067526623034607E-7
0.30500144477037183       0.7566809898630763       1.593248529767271E-6
0.24818159026140243       0.8459171854304146       9.202810795786312E-7
0.25248157459561443       0.8540387658405926       8.653228803650713E-7
0.25385211743854436       0.8377828231066617       9.814890233361318E-7
0.25946853209436993       0.8296468697638327       1.0431617726268413E-6
0.2647653448803214        0.8215172331473838       1.105084420453472E-6
0.30000097936105635       0.7647785659770249       1.534869543587319E-6
0.29500055501040284       0.7728760107289606       1.475253110258915E-6
0.29000026847984317       0.7809733789449171       1.4146632825820308E-6
0.28500011407678266       0.7890707476376277       1.353353473068562E-6
0.2799999105176695        0.797168486711789        1.291562071945085E-6
0.2749959477847333        0.8052722147283462       1.2294729851208468E-6
0.2699446009303601        0.813389085451797        1.167251444419036E-6
0.3100017125799241        0.7485832591899283       1.6501182324563165E-6
0.3150016414118525        0.740485417329014        1.7052015080551223E-6
0.3150054828424264        0.7566798049707413       1.5697627368194113E-6
0.3299999999999999        0.7                      1.9925302307671914E-6
0.3200014500179474        0.7323875415704042       1.7582188868602626E-6
0.32500131637745755       0.72428979663681         1.8088931363048506E-6
0.3300012022655964        0.7161923554385011       1.8569552753161869E-6
0.33500094344596837       0.7080955528666787       1.9021480578773524E-6
0.40809733752005495       0.5750000000086518       2.1940173302052395E-6
0.4                       0.5800000000000001       2.24523123521422E-6
0.41619467504946966       0.5600000000026352       2.167929131042146E-6
0.4161946750473473        0.5700000000070171       2.1424688064974243E-6
0.4242920125760919        0.5350000000001284       2.1472918577777064E-6
0.42429201257595484       0.5450000000004084       2.132027612831108E-6
0.424292012575549         0.5550000000012337       2.113145135869954E-6
0.432389350101538         0.52                     2.096557289486426E-6
0.4404866876271661        0.5150000000006214       2.0353369156875807E-6
0.4485840251531246        0.5100000000018636       1.9752264579804367E-6
0.45668136267917014       0.5050000000030441       1.9162663282003267E-6
0.46477870020499673       0.5000000000035736       1.8584853929427538E-6
0.47287603773041337       0.4950000000033002       1.8019026996328789E-6
0.48097337525549777       0.49000000000254645      1.7465289909468387E-6
0.43238935010153806       0.53                     2.0874420760820096E-6
0.4890707127804534        0.4850000000017092       1.6923680284576387E-6
0.4971680503048614        0.4700000000003306       1.6334061597950214E-6
0.4971680503053899        0.48000000000099874      1.6394177452389366E-6
0.5052653878301475        0.4650000000001853       1.5808090934889288E-6
0.5133627253559384        0.4599999999998279       1.529497867984374E-6
0.5214600629192229        0.4549999999777725       1.4794499134877157E-6
0.5295574005253066        0.44999999992569717      1.4306409044609382E-6
0.5376548425603138        0.44499993422492684      1.3830446262224768E-6
0.545752348052459         0.4399997869479682       1.336634819907127E-6
0.553849667434399         0.4349998097595896       1.2913859487600974E-6
0.561946818648802         0.4299974418122616       1.2472676156716078E-6
0.5700431126379194        0.42499249550303314      1.2042550879487587E-6
0.5781392557481881        0.4199834404198686       1.1623157152833651E-6
0.586239180678891         0.41497881484505067      1.1214159977703778E-6
0.594341787605213         0.40998994131978717      1.081549616011504E-6
0.6024494222693493        0.4050216950221967       1.042688834720012E-6
0.6105869136192119        0.40005888931756506      1.004695930132844E-6
0.618839379348886         0.3950233839970407       9.671414213634263E-7
0.6424807679397613        0.3798963109061575       8.639035335766882E-7
0.6350939062019101        0.38509642864424554      8.959432114345698E-7
0.6271632477046647        0.38984950012854047      9.301152603887599E-7
0.6499895010323384        0.38337176622853186      8.427481868240686E-7
0.6571316760347307        0.3789706340739287       8.138966289583345E-7
0.6633777169854838        0.37415506003096977      7.880381389531921E-7
0.6679453558552513        0.3684738291203873       7.668440075334171E-7
0.6760460052325717        0.36588552570846783      7.388040141023853E-7
0.6892569323907658        0.350392145793692        6.812779061679745E-7
0.6827492462206081        0.3602217668812205       7.119994465877927E-7
0.6877754400905529        0.35635628583504075      6.926948189997174E-7
0.6965766089192997        0.34871717041325484      6.585648931788007E-7
0.7029264064665525        0.3470672068658226       6.390183973639676E-7
0.7082717026679795        0.34015811070232826      6.164627228940904E-7
0.7165286211257783        0.3350867025138484       5.887823123764181E-7
0.7246564732118459        0.3301285577875334       5.622742629629952E-7
0.7328293879790873        0.3250574142430887       5.362082652087409E-7
0.7409601761270221        0.3200170894874941       5.109520830709142E-7
0.7490518302386884        0.3149853056409772       4.864507042542885E-7
0.757124198710355         0.3100106246915025       4.626898104241891E-7
0.7651975618670025        0.30501876941166284      4.3952851148320764E-7
0.7732797241801156        0.3000189395274943       4.169493096223711E-7
0.7813707059572569        0.29501472952459085      3.9494683810030865E-7
0.7894670593704041        0.29001128307010254      3.735243119444251E-7
0.7975653065463164        0.28500849157221053      3.526792310187533E-7
0.8056635522717496        0.28000587760924395      3.3240545034210645E-7
0.8137613909894337        0.2750042458632121       3.126953102316616E-7
0.8218594159897289        0.2700036214070088       2.9353897849220303E-7
0.8299576293669788        0.265002386144497        2.749268877038555E-7
0.8380557517940207        0.26000098970719104      2.568522246510109E-7
0.8461530996802034        0.25499948561796537      2.3930888415465066E-7
0.8542496872206656        0.24999993947899737      2.2229138715903593E-7
0.8623468212625791        0.2449997040550206       2.0578911840155846E-7
0.8704446612835103        0.2399995008238466       1.8979642657286736E-7
0.8785420597006898        0.2349995751741123       1.7430965754219273E-7
0.8866380682652047        0.22999986910352435      1.5932487233058398E-7
0.894734721593808         0.22499998268731078      1.448339674634015E-7
0.902831949695386         0.2200000000000002       1.3083276332726437E-7
0.9109292872207704        0.21500000000000022      1.1731797446527217E-7
0.9190266247461548        0.21000000000000024      1.0428612664901179E-7
0.9271239622715394        0.20500000000000024      9.173396370709257E-8
0.9352212997969239        0.20000000000000032      7.965861002058011E-8
0.9433186373223084        0.19500000000000028      6.80575683677983E-8
0.9514159748476929        0.19000000000000028      5.6928718116797475E-8
0.9595133123730775        0.18500000000000028      4.627031372064766E-8
0.9676106498984619        0.18000000000000024      3.608098346658914E-8
0.9757079874238465        0.1750000000000002       2.63597284416226E-8
0.983805324949231         0.17000000000000018      1.7105921652382297E-8
0.9919026624746154        0.16500000000000015      8.31930728189455E-9
1                         0.16000000000000025      0
0.17999999999999994       0.983805324949231        7.643127967781857E-8
0.17499999999999993       0.9919026624746154       3.753815186865913E-8
0.1699999999999999        1                        0
0.18499999999999994       0.9757079874238465       1.1666866785038619E-7
0.18999999999999992       0.9676106498984619       1.5823915254812618E-7
0.19499999999999995       0.9595133123730775       2.0113042026854075E-7
0.19999999999999996       0.9514159748476931       2.4532829639995053E-7
0.20499999999999996       0.9433186373223086       2.908160203862088E-7
0.20999999693578844       0.9352214925985483       3.375724576950735E-7
0.21499998426938058       0.9271249520494912       3.855710674932839E-7
0.22000002185263234       0.919028223373394        4.3478711363168896E-7
0.22500062272916738       0.9109285637133332       4.852023653820332E-7
0.23000277954869286       0.9028230701677926       5.367950174532971E-7
0.23500640512450957       0.8947105577628721       5.895263059166042E-7
0.24016578753566276       0.8865681833111662       6.435862663320783E-7
0.24551608898525373       0.8784252576641345       6.987230125038376E-7
0.2510715575877967        0.8702891800873367       7.547605362096025E-7
0.2567575353629317        0.862160818939979        8.114884918227652E-7
0.31000334783555633       0.7647781789497659       1.5147380658271416E-6
0.2581692993375106        0.8459109903674292       9.244426613363351E-7
0.26247438414589425       0.8540353996790425       8.687321658507426E-7
0.26383357454314343       0.8377811942313858       9.839902133767757E-7
0.2693889000361112        0.8296517905937687       1.043790125278041E-6
0.2748410349159683        0.821518504729286        1.1037504579647683E-6
0.3050013784071771        0.7728759924488902       1.4583379629696013E-6
0.3000008245041192        0.7809733905275706       1.4008057565359242E-6
0.29500046286490994       0.7890709665949543       1.342378260146184E-6
0.2900005490765686        0.7971720699758498       1.2832582356518652E-6
0.2849965851117088        0.8052785298017747       1.2236540409069774E-6
0.279982427740142         0.8133884602232515       1.1637876560957826E-6
0.32000747288918063       0.7647777321859488       1.49256327950633E-6
0.32000725501066896       0.7485806127050142       1.6231644600825468E-6
0.32500766231038775       0.7404808436489776       1.674692217680644E-6
0.32501575575003416       0.7566765223894696       1.5443859550620686E-6
0.33999999999999986       0.7                      1.9442314043868395E-6
0.33000665983087635       0.7323812546869851       1.7240908053953466E-6
0.3350053192554552        0.7242827670710165       1.7711054242395522E-6
0.3400041134867349        0.7161862532365734       1.8154928054268234E-6
0.34500254872588054       0.7080920751580898       1.857031717684498E-6
0.408097337477332         0.5850000000259982       2.1617069722201E-6
0.4                       0.5900000000000001       2.209247967966648E-6
0.41619467504513546       0.5800000000140996       2.1135761772421035E-6
0.42429201257438165       0.5650000000036096       2.0907712732866904E-6
0.4242920125707149        0.5750000000110007       2.0650533457835893E-6
0.43238935010153806       0.54                     2.0747660219157755E-6
0.43238935010153806       0.55                     2.058612633648147E-6
0.43238935010153806       0.56                     2.0390868373355518E-6
0.4404866876278591        0.5250000000025583       2.0284232611613826E-6
0.44858402515541823       0.5200000000073571       1.9703082113636772E-6
0.45668136268317344       0.5150000000114933       1.9131548813481626E-6
0.464778700209981         0.5100000000128949       1.8570083716918937E-6
0.47287603773520814       0.5050000000113221       1.8019026997835821E-6
0.48097337525933914       0.5000000000082957       1.7478623698398482E-6
0.4890707127831594        0.49500000000528         1.6949037595463384E-6
0.4404866876302727        0.5350000000101692       2.018108237317321E-6
0.4971680503069555        0.49000000000287103      1.6430363402507422E-6
0.5052653878304435        0.4750000000005263       1.587671245898893E-6
0.5052653878312731        0.4850000000014067       1.5922637469003702E-6
0.5133627253556006        0.47000000000028497      1.5371176711764845E-6
0.5214600628809039        0.4650000000001854       1.4877429428344845E-6
0.5295574004153015        0.4599999999949604       1.4395304031443215E-6
0.5376547379615209        0.45499999998172985      1.3924613621197385E-6
0.5457521267817352        0.4499999684724832       1.34651527675502E-6
0.5538495209513755        0.44499992068931365      1.3016709810709797E-6
0.5619470024970202        0.4399995565771676       1.2579055311736535E-6
0.5700443415180823        0.4349982553800443       1.2151965407864205E-6
0.5781418966071415        0.42999407400920187      1.1735171085944739E-6
0.5862380031739342        0.42498808000929955      1.132852173246634E-6
0.5943310252394434        0.4199867000599376       1.0931917371551525E-6
0.602418332231912         0.41499237261606914      1.0545252454841255E-6
0.6105067255232373        0.40998875052103473      1.0167831701604328E-6
0.6186456930065013        0.40490726023797213      9.796774424483735E-7
0.6269074410062634        0.39964410743008655      9.428169925756849E-7
0.6426705079878114        0.3886032325268581       8.738264014550412E-7
0.6351712829327079        0.39415131331811615      9.065919175233044E-7
0.6505198081252206        0.39088923681510807      8.495623066295468E-7
0.6580970761850315        0.3861363732374461       8.189296708170957E-7
0.6651914976761478        0.3817612894920657       7.909568644827411E-7
0.6731795363961602        0.37547911068722306      7.58657769652375E-7
0.6806308237042522        0.3721314283300227       7.319903580384833E-7
0.684646287554103         0.3668490486538706       7.140058159842111E-7
0.686206448949329         0.3730999299455249       7.161899418410797E-7
0.6942814756654156        0.3558961663441392       6.734307346939459E-7
0.6901777538847648        0.36219451253990476      6.924460826536747E-7
0.7024415118254025        0.35421026751940854      6.484883932770965E-7
0.7097056992628913        0.34956497495346095      6.233135273397519E-7
0.7169307913134256        0.34489626786093025      5.98774991478545E-7
0.724850531850705         0.3400772816721058       5.728248935048831E-7
0.7328361567050262        0.3350756182871665       5.471470287944917E-7
0.7409344739050675        0.3300218784514146       5.217740818097161E-7
0.7490256124576085        0.3249903182995626       4.970801870890716E-7
0.75711724827698          0.31999769965170166      4.7304977247002963E-7
0.7651994486974332        0.3150040196328682       4.49651435046789E-7
0.773284403309443         0.3100064589476439       4.268428616402559E-7
0.7813748442964799        0.3050051961704432       4.0460840945557606E-7
0.7894695997181125        0.30000340981031237      3.829443755360676E-7
0.7975663501771136        0.2950020884865579       3.618472709791814E-7
0.805663899390772         0.29000000000000037      3.413092969944764E-7
0.813761308305625         0.2850008700164017       3.213266943844904E-7
0.8218588487050753        0.28000097423519643      3.0188718697304336E-7
0.829956503221475         0.2750006723555177       2.8298316305630243E-7
0.8380542476599747        0.2700001931413842       2.6460731493049193E-7
0.8461517561308571        0.2649996060601526       2.4675313244944726E-7
0.8542488869904274        0.25999981109571285      2.2941473244557086E-7
0.8623452620684634        0.25500000000000034      2.1258574915139114E-7
0.870442599593848         0.25000000000000033      1.962573312393899E-7
0.8785407961222556        0.24499981921130834      1.804242695224214E-7
0.8866377704009905        0.23999990323155343      1.650849686985875E-7
0.8947347017298801        0.23499997904515574      1.50232647224063E-7
0.902831949695386         0.2300000000000002       1.3586242258965976E-7
0.9109292872207704        0.2250000000000002       1.2197071478488566E-7
0.919026624746155         0.2200000000000002       1.085540928309982E-7
0.9271239622715394        0.21500000000000022      9.56093611464112E-8
0.9352212997969239        0.21000000000000024      8.313370084596671E-8
0.9433186373223086        0.20500000000000024      7.112466810693182E-8
0.9514159748476931        0.20000000000000032      5.9580192855407896E-8
0.9595133123730775        0.19500000000000028      4.8498577730273106E-8
0.9676106498984619        0.19000000000000028      3.7878497282576014E-8
0.9757079874238465        0.18500000000000028      2.7718997367277295E-8
0.983805324949231         0.18000000000000027      1.801949468524942E-8
0.9919026624746154        0.17500000000000016      8.779776430676772E-9
1                         0.17000000000000015      0
0.18999999999999995       0.983805324949231        7.880318354862181E-8
0.18499999999999994       0.9919026624746154       3.8784224694602947E-8
0.1799999999999999        1                        0
0.19499999999999995       0.9757079874238465       1.2004519242436385E-7
0.19999999999999996       0.9676106498984619       1.6249755299500192E-7
0.20499999999999996       0.9595133123730775       2.0614588050081944E-7
0.21                      0.9514159748476931       2.509734246839123E-7
0.21499999999999997       0.9433186373223086       2.9696038142549555E-7
0.21999999772489975       0.9352214429472939       3.4408240228752234E-7
0.2249999898308586        0.9271246021186883       3.923102229568642E-7
0.22999998716632686       0.9190274322468902       4.4161444199390037E-7
0.23500081569798914       0.9109271019488588       4.919732748507494E-7
0.24000360137089294       0.9028208636290339       5.433594073832721E-7
0.24501097519838136       0.8947095202699913       5.957183020305024E-7
0.25016164100521393       0.8865713673142666       6.491938855846174E-7
0.2554313626295797        0.8784231843238696       7.03575913541873E-7
0.2610621489442793        0.8702920446766599       7.586412085658529E-7
0.26673618479343797       0.8621644045320478       8.141837977073226E-7
0.31500409998768203       0.7728761858016329       1.439256460788552E-6
0.2681519754953949        0.8459097362364009       9.263438121704047E-7
0.27246352166821486       0.8540369016395308       8.70073070083614E-7
0.2738055368007468        0.8377823610225192       9.841892952972949E-7
0.27941066697848876       0.8296561016945216       1.0420946415775878E-6
0.2847539943231902        0.8215216132317753       1.1000761575207595E-6
0.3100018887620068        0.7809736444990967       1.3846898762072397E-6
0.3050012820258016        0.789071374920813        1.3290768259023796E-6
0.30000201103183016       0.7971706963764288       1.2726249537848053E-6
0.29500359443105373       0.8052779185977388       1.215495410204646E-6
0.28999737832416067       0.8133939045912635       1.157888136777882E-6
0.32500844496840825       0.7728773226198955       1.4182734337679331E-6
0.3300218331411871        0.7647761336950211       1.468610334308564E-6
0.3300228053889252        0.7485731090669585       1.5945039273226004E-6
0.3350242520085695        0.7404692480204456       1.6426900877933208E-6
0.3350411354499443        0.756668619328683        1.5173917829807321E-6
0.3499999999999999        0.7                      1.8955249114554513E-6
0.3400189268811038        0.7323672867107521       1.6887115413753869E-6
0.3450113820960124        0.7242693738988524       1.7323245635219874E-6
0.35000527248879615       0.7161767111017917       1.7733027594106701E-6
0.3550004504780373        0.7080880829032102       1.8114658546552263E-6
0.40809733740907705       0.5950000001246112       2.1261059912288396E-6
0.4                       0.5999999999999999       2.169941288275814E-6
0.41619467488972467       0.5900000000086262       2.081442205684553E-6
0.4242920124581294        0.5849999998644974       2.036156667041016E-6
0.43238935010153806       0.5700000000000001       2.0163132249770264E-6
0.43238934996612644       0.5799999997482254       1.990433998321864E-6
0.44048668763758353       0.545000000038659        2.00445736253103E-6
0.4404866876537196        0.5550000001383991       1.987556300694064E-6
0.4404866876532543        0.5650000004542516       1.967509459468762E-6
0.44858402516361423       0.5300000000281635       1.9621448202627134E-6
0.45668136269726384       0.5250000000420875       1.906950411385166E-6
0.46477870022705403       0.520000000045078        1.8525857086900332E-6
0.4728760377509935        0.5150000000375167       1.7990992468569213E-6
0.4809733752715351        0.5100000000260201       1.7465289911482572E-6
0.4890707127914767        0.505000000015631        1.694903759624379E-6
0.49716805031139205       0.5000000000077766       1.6442444873221279E-6
0.44858402519106605       0.5400000001040152       1.9507862413657518E-6
0.5052653878335128        0.4950000000034897       1.5945653459056897E-6
0.5133627253559452        0.48000000000075543      1.5425847130643863E-6
0.513362725356723         0.49000000000191296      1.5458747320212973E-6
0.5214600628806932        0.4750000000008088       1.4939938853538819E-6
0.5295574004055432        0.4700000000012068       1.4464825305363635E-6
0.5376547379327137        0.46500000000035774      1.4000391475442354E-6
0.5457520754633879        0.4599999999969419       1.354649995543091E-6
0.5538494328850606        0.454999987971325        1.3102994406650287E-6
0.561946780727923         0.44999997374478806      1.2669707166635097E-6
0.5700442589632104        0.44499967768768367      1.2246449417594901E-6
0.5781416524497319        0.43999958075446693      1.1833047747941371E-6
0.5862391129754716        0.43499489385960466      1.1429257407898685E-6
0.5943314503173353        0.42998907282466164      1.1035130501703866E-6
0.6024146552138601        0.4249822271356849       1.0650613881632792E-6
0.6104825013543859        0.4199703954571646       1.0275682787497061E-6
0.6185784808130064        0.41489322615266727      9.907791365980728E-7
0.6266420003568973        0.40973127215637745      9.548872938518798E-7
0.6349597069247859        0.40420196567458444      9.185238805868933E-7
0.6443631253424469        0.39840934013740226      8.789492621811187E-7
0.6530482153431616        0.3979686899713943       8.48538050248494E-7
0.6591543750009712        0.3934451661536713       8.232906215892284E-7
0.666310920191798         0.3895344091265418       7.956965309362555E-7
0.6739743821116436        0.38474161781445537      7.661691867585384E-7
0.6824862265285165        0.3795222231693906       7.342529452505645E-7
0.6911441920539559        0.37751621133877383      7.059855137920756E-7
0.6920904540303986        0.36950907867256905      6.948614568938025E-7
0.6994606068817085        0.36350661596353434      6.670709901910879E-7
0.708954469173809         0.3593922054682457       6.359649680094036E-7
0.7170598773792258        0.3545685231687191       6.087466038516826E-7
0.7249519786391406        0.34995657026805094      5.829656740946405E-7
0.7329202184062276        0.34503921516972197      5.572913351951577E-7
0.7409541319440344        0.34002463725264676      5.319727389277409E-7
0.74902443683047          0.3350057514200606       5.071778549379412E-7
0.7571098473712903        0.3299985147408642       4.829681450450802E-7
0.7651959188732502        0.32499915558206205      4.5936422962470543E-7
0.7732840443845593        0.3200010396286856       4.3634565438118687E-7
0.7813756700841646        0.31500139988340664      4.138966329905922E-7
0.789470338804332         0.31000087558460915      3.920094321772174E-7
0.7975666969955975        0.30500047726192075      3.706787587425543E-7
0.805663899390772         0.3000000000000004       3.4989730959095997E-7
0.8137612369161563        0.2950000000000004       3.2965840356095517E-7
0.8218585744415409        0.29000000000000037      3.0995366863776505E-7
0.8299559119669255        0.2850000000000003       2.9077529057050096E-7
0.8380532494923099        0.2800000000000003       2.721158717359137E-7
0.8461510234857044        0.27499987452220526      2.5396756246896354E-7
0.8542483082138862        0.2699998928901366       2.3632563097028297E-7
0.862345377801935         0.26499996035512596      2.191832927765571E-7
0.870442599593848         0.26000000000000034      2.0253407535611043E-7
0.8785399371192324        0.2550000000000003       1.8637265183411421E-7
0.8866374587273324        0.24999996319529597      1.7069392012529077E-7
0.894734649120898         0.24499999090628993      1.554941123696306E-7
0.902831949695386         0.24000000000000027      1.4076823404589556E-7
0.9109292872207704        0.23500000000000024      1.2651253450361892E-7
0.9190266247461548        0.2300000000000002       1.1272357409291181E-7
0.9271239622715396        0.2250000000000002       9.939822516086734E-8
0.9352212997969239        0.2200000000000002       8.653373185683509E-8
0.9433186373223084        0.21500000000000022      7.412770910226671E-8
0.9514159748476931        0.21000000000000021      6.217814184783364E-8
0.9595133123730775        0.20500000000000024      5.068338457991114E-8
0.9676106498984619        0.20000000000000032      3.9642161038418E-8
0.9757079874238465        0.19500000000000028      2.9053564106685143E-8
0.983805324949231         0.19000000000000028      1.8917055833111945E-8
0.9919026624746154        0.18500000000000028      9.232467543226453E-9
1                         0.18000000000000027      0
0.19999999999999993       0.983805324949231        8.093424497973297E-8
0.19499999999999995       0.9919026624746154       3.991003323565825E-8
0.18999999999999992       1                        0
0.20499999999999996       0.9757079874238465       1.2306009881067422E-7
0.21                      0.9676106498984619       1.662735166615296E-7
0.21499999999999997       0.9595133123730775       2.105582425242406E-7
0.21999999999999997       0.9514159748476931       2.558952026078124E-7
0.22499999999999995       0.9433186373223086       3.022618603401869E-7
0.22999999907766205       0.9352213578308578       3.49631240161187E-7
0.23499999694310858       0.9271241546125771       3.979717974477094E-7
0.24                      0.919026624746155        4.4724900610218667E-7
0.24500082214222915       0.910926919539256        4.974314357956157E-7
0.2500038189247858        0.902823846298189        5.484779627701142E-7
0.2550081971705674        0.8947243034855638       6.002893008827735E-7
0.26011557713123584       0.8865804728991643       6.531341414645812E-7
0.2655074137094248        0.878439921279853        7.066648168394784E-7
0.2710034929049163        0.8703037946970686       7.606715902345764E-7
0.2766905328500948        0.8621733513195032       8.149930992954343E-7
0.3200024348949773        0.7809744653294878       1.366575122947247E-6
0.2781303896438048        0.8459059921623564       9.261737099682074E-7
0.2824308282723001        0.8540361335055914       8.695219503472479E-7
0.28378827397253975       0.8377741527885098       9.82323034536041E-7
0.2893832397396443        0.8296458423464539       1.0383494476541993E-6
0.2948120856741181        0.8215180040770022       1.0942031132981886E-6
0.3150014518980419        0.7890705770480936       1.313708878860816E-6
0.3100053809197299        0.7971686656090677       1.2598581743287092E-6
0.30501022928087546       0.8052731481078497       1.205194360907232E-6
0.2999492534917794        0.8133880028511903       1.1499386748944006E-6
0.335010688723498         0.7728823006565665       1.395628312403368E-6
0.3299951538252294        0.780977702654309        1.346708303813612E-6
0.3400455966152834        0.7647748074436853       1.4431227301001344E-6
0.3400569241666882        0.7485571194913385       1.5644142264884553E-6
0.3450549055854469        0.740447838071574        1.6094759945488356E-6
0.34509418438125633       0.7566515997783588       1.489026507463322E-6
0.35999999999999993       0.7                      1.8466517887610551E-6
0.3500334131399338        0.7323445833444627       1.6523720762845063E-6
0.35501445059629827       0.7242510565760131       1.6928166688571493E-6
0.36000173775698413       0.7161687496768795       1.730605983690298E-6
0.3649800302884421        0.7080901964553563       1.7656983528249504E-6
0.4080973370124594        0.6050000003199705       2.087447923327693E-6
0.4                       0.6100000000000001       2.1275747525989875E-6
0.408097335390354         0.6149999998850548       2.045976649876327E-6
0.4                       0.6199999999999999       2.0824205454109152E-6
0.41619467435522184       0.5999999995832286       2.0462727818968097E-6
0.4242920120396144        0.5949999991522996       2.004261806005298E-6
0.43238934941253127       0.5899999986138538       1.9616066584170686E-6
0.4404866873690345        0.5750000012956763       1.9444383017641354E-6
0.44048668523174056       0.5850000028310757       1.9184794170839504E-6
0.4485840252752009        0.5500000003682414       1.9363012804454347E-6
0.44858402550084325       0.5600000012392609       1.918776489906577E-6
0.44858402597633606       0.5700000039203071       1.8983147956252686E-6
0.45668136274456195       0.5350000001488967       1.8976894748169065E-6
0.4647787002831561        0.5300000001521008       1.845242477807721E-6
0.472876037801022         0.5250000001196508       1.7935076264769384E-6
0.4809733753090034        0.5200000000782831       1.7425358436791863E-6
0.4890707128162595        0.5150000000440877       1.6923680286087392E-6
0.49716805032356765       0.510000000019669        1.6430363403669852E-6
0.5052653878395144        0.5050000000078935       1.594565345962905E-6
0.4566813628946276        0.5450000005065567       1.8854261842918436E-6
0.5133627253582769        0.5000000000046353       1.546973043758284E-6
0.5214600628799142        0.4850000000027363       1.498176136817941E-6
0.521460062875918         0.4950000000095044       1.5002717723543295E-6
0.5295574004033237        0.48000000000461296      1.4514689085941518E-6
0.5376547379275262        0.4750000000061194       1.4057489197027022E-6
0.5457520754537389        0.4700000000052932       1.361009148015133E-6
0.5538494129820254        0.4650000000020159       1.3172401824602702E-6
0.5619467571587577        0.45999999602774155      1.274430626629914E-6
0.5700441195419331        0.45499995730542003      1.2325674732721948E-6
0.578141512463743         0.44999984525368397      1.1916364614524083E-6
0.586239150102353         0.4449986925823735       1.1516207378129128E-6
0.5943344397906731        0.4399941837947492       1.1125135369435703E-6
0.6024223037938453        0.4349849857825345       1.0743171106563974E-6
0.6105012237072852        0.42996673950453335      1.0370139033387781E-6
0.6185708048065646        0.424932405404481        1.0005784971694865E-6
0.6266453309900825        0.41981077943688616      9.648695296008538E-7
0.6347202492866357        0.4145804011383994       9.298638844598681E-7
0.6428511735015213        0.40933115428463024      8.954305035994819E-7
0.6513238518400046        0.40551010827428347      8.619956903815425E-7
0.659492767372694         0.40198993908406616      8.307196980153971E-7
0.66693956182151          0.39779048990410454      8.019202356830421E-7
0.6744841320809295        0.39336983345428556      7.732144488519009E-7
0.6821877071989457        0.3887915580990303       7.444832119993527E-7
0.6900794498524347        0.3848971588276711       7.164760749697558E-7
0.6984909011769334        0.3814251851378377       6.879780753993788E-7
0.700021963852845         0.37372426119671404      6.76003733765139E-7
0.7082356315071705        0.3695394276001887       6.482943882735983E-7
0.7167433155996711        0.3646665048278888       6.197709355829655E-7
0.724925438430424         0.35976918585582673      5.928035770325844E-7
0.7329402584857262        0.3549449962388674       5.669871826227562E-7
0.7409759511335555        0.35000035518180467      5.416109227450203E-7
0.7490335546838591        0.34500500500571224      5.167339510728402E-7
0.7571083457507489        0.3400012664730992       4.924016543907722E-7
0.7651923062388942        0.33499878958113966      4.686344538879363E-7
0.7732818531852265        0.3299993276049477       4.454333393723129E-7
0.7813747924933289        0.3250000909168931       4.2279160493622275E-7
0.789470164021348         0.32000016961121475      4.00701518076126E-7
0.7975667210239573        0.3150001034157826       3.791573999755972E-7
0.805663899390772         0.3100000000000004       3.5815189962286935E-7
0.8137612369161563        0.3050000000000004       3.3767776182782194E-7
0.8218585744415409        0.3000000000000004       3.1772724651422427E-7
0.8299559119669255        0.2950000000000003       2.982927642696154E-7
0.8380532494923099        0.2900000000000003       2.7936712230236994E-7
0.8461505870176944        0.28500000000000036      2.6094351985557216E-7
0.8542479245430789        0.28000000000000036      2.430155440045556E-7
0.8623453167993244        0.27499997982982743      2.255770580520241E-7
0.870442599593848         0.2700000000000003       2.086227363623362E-7
0.8785399371192324        0.2650000000000003       1.9214698465315518E-7
0.8866372746446168        0.2600000000000003       1.7614501382217127E-7
0.8947346121700015        0.2550000000000003       1.606122993207294E-7
0.902831949695386         0.25000000000000033      1.4554468681472128E-7
0.9109292872207704        0.2450000000000003       1.309383906221726E-7
0.919026624746155         0.24000000000000027      1.1678999242479085E-7
0.9271239622715394        0.23500000000000018      1.0309644034809614E-7
0.935221299796924         0.2300000000000002       8.985504833847562E-8
0.9433186373223086        0.2250000000000002       7.706349581776903E-8
0.9514159748476929        0.2200000000000002       6.471982758727138E-8
0.9595133123730775        0.21500000000000022      5.282245394936926E-8
0.9676106498984619        0.21000000000000021      4.137015101336117E-8
0.9757079874238463        0.20500000000000024      3.0362061150118253E-8
0.983805324949231         0.20000000000000032      1.9797693558604575E-8
0.9919026624746154        0.19500000000000028      9.67692490578123E-9
1                         0.19000000000000028      0
0.21                      0.983805324949231        8.282585810194921E-8
0.20499999999999996       0.9919026624746154       4.0915909550101664E-8
0.19999999999999993       1                        0
0.21499999999999997       0.9757079874238465       1.257165778367553E-7
0.21999999999999997       0.9676106498984619       1.6957277460427498E-7
0.22499999999999998       0.9595133123730775       2.1437653349616388E-7
0.22999999999999995       0.9514159748476931       2.601067241128247E-7
0.23499999999999996       0.9433186373223086       3.0673840476090615E-7
0.2399999998418849        0.9352213097455984       3.542421693849376E-7
0.24499999999999994       0.9271239622715396       4.0258383346445514E-7
0.24999999999999997       0.919026624746155        4.517232768035516E-7
0.2550000002479271        0.9109292870258874       5.016144233122286E-7
0.2600034881529298        0.9028282562318342       5.52227984659014E-7
0.2650096833079488        0.8947292201820065       6.034688520413361E-7
0.2701650043114521        0.8865898285316066       6.555606724613431E-7
0.2753734143543853        0.8784615473731546       7.080601717597305E-7
0.2809537015211823        0.8703212192413182       7.609944576742456E-7
0.28669714104676985       0.8621772207119819       8.140973317402177E-7
0.32499499480404326       0.7890688416055516       1.2965179629220124E-6
0.2881201526777629        0.8458892697759117       9.241386170639515E-7
0.29242603593822875       0.8540210891024471       8.672797262132285E-7
0.29378927769944935       0.8377452569390976       9.786096750881262E-7
0.2993988922029037        0.8296142998848742       1.0327318335598069E-6
0.3047381674850765        0.8214841000502037       1.0866368116560318E-6
0.3200029064344537        0.7971618155525899       1.2452229510688757E-6
0.3150136613578482        0.8052616059614202       1.1929831091405906E-6
0.3100008450246272        0.8133688550672977       1.1400033352506182E-6
0.3449989323649815        0.7729040285568601       1.371495117443373E-6
0.3399586167110877        0.7809948682754841       1.3252876334700958E-6
0.33496090277061347       0.7890719798073752       1.2777275443601633E-6
0.3501031900398303        0.764770942309107        1.4162869241591896E-6
0.3501179577270348        0.7485294580121075       1.5331364446000551E-6
0.3550894946879974        0.7404168619644326       1.5753233439339312E-6
0.3551999639136871        0.7566195172388868       1.4594771739990822E-6
0.36999999999999994       0.7                      1.7978156011541847E-6
0.36003632354721615       0.7323149688186902       1.6153461487557502E-6
0.3749176743923699        0.708113634223789        1.7199362386176704E-6
0.36502076891858015       0.7242323026530318       1.6527515045681526E-6
0.3699345200641462        0.7161777021879961       1.687768350119095E-6
0.40809732936831705       0.6249999902901715       2.0019425204116664E-6
0.4000000000000001        0.63                     2.034755064629817E-6
0.4080973104896404        0.6349999067507922       1.955598783973181E-6
0.4000000000000001        0.6399999999999999       1.984854695667228E-6
0.4080972706786812        0.6449993453475581       1.907199374657797E-6
0.4                       0.6499999999999999       1.9329918963994576E-6
0.40809729221849805       0.6549961898475392       1.8570023255091124E-6
0.4                       0.66                     1.8794316876762264E-6
0.416194672053092         0.6099999957409881       2.0082853543126673E-6
0.41619466181574466       0.6199999689723856       1.9677055592920796E-6
0.4242920076212418        0.604999988740746        1.96956171998922E-6
0.4323893424880216        0.5999999843494478       1.930001575787911E-6
0.4404866739674036        0.5950000014715588       1.889782426345189E-6
0.4485840264436041        0.5800000114642356       1.8750338869607128E-6
0.44858402433821376       0.5900000301389517       1.8490644164911022E-6
0.4566813633395356        0.5550000016483444       1.8702313602681841E-6
0.4566813645543811        0.5650000050989893       1.8521914296199635E-6
0.4566813675544372        0.5750000148942199       1.8314070954577787E-6
0.46477870045902464       0.5400000004932978       1.835020039743761E-6
0.4728760379537184        0.5350000003660992       1.785158180578752E-6
0.48097337542056          0.5300000002249571       1.7359037918684937E-6
0.48907071288771903       0.525000000117534        1.6873093189472639E-6
0.4971680503583813        0.5200000000470842       1.639417745329232E-6
0.5052653878566029        0.5150000000157601       1.5922637470224443E-6
0.513362725360783         0.510000000010684        1.5458747321518517E-6
0.4647787009817723        0.5500000015307486       1.8219754083603308E-6
0.5214600628582416        0.5050000000334087       1.50027177251522E-6
0.5295574003943003        0.49000000001732413      1.4544690154548274E-6
0.529557400358993         0.5000000000639345       1.4554704363930834E-6
0.5376547379159105        0.48500000002285343      1.4095681124437641E-6
0.5457520754432179        0.48000000002036536      1.365568883853194E-6
0.5538494129751089        0.4750000000108226       1.3224681804359382E-6
0.56194675050764          0.470000000000101        1.2802603638484354E-6
0.5700440900370675        0.46499999881374304      1.2389377163028904E-6
0.5781414435972313        0.45999997353354094      1.1984907580005078E-6
0.5862387835890202        0.45499996793775915      1.1589088444044313E-6
0.5943358674658076        0.44999818530859065      1.1201798506357146E-6
0.6024291629728044        0.4449920397821565       1.0823035372754988E-6
0.6105160753585769        0.4399776102491067       1.0452721661220134E-6
0.6185988872664628        0.4349492931546613       1.0090554970101458E-6
0.6266850153355588        0.42989533370469046      9.735990485286998E-7
0.6347820420670605        0.4248159514855929       9.388602073814228E-7
0.6428952747082164        0.4197772801390132       9.048651284194389E-7
0.6511043689495173        0.4150739503242758       8.715866032402085E-7
0.6592672000305604        0.41079891878784425      8.396141766680846E-7
0.667209566863917         0.40646268427105053      8.090662586869525E-7
0.6749471123172445        0.4020096661025374       7.797646838040536E-7
0.6825224947849033        0.3973827952796861       7.514550349994397E-7
0.6895529678284867        0.3928730003080351       7.255212902374326E-7
0.6966147043277697        0.38925477491295923      7.008027970063603E-7
0.7027076092855266        0.38718753282438706      6.808162016759301E-7
0.7075836083993388        0.3802280481472284       6.603134573803848E-7
0.7165179094312981        0.3749123729489927       6.300595103254547E-7
0.724789779389971         0.3698554731845593       6.026093269374834E-7
0.7329024916070281        0.36491182743287776      5.76327895819788E-7
0.7409709001858601        0.3599680504962733       5.50768844195576E-7
0.7490355019011283        0.3549948326424122       5.257839737658552E-7
0.7571080564275795        0.35000054822736854      5.013410970694335E-7
0.7651902385893709        0.34499938562723836      4.774403310504523E-7
0.7732798988652448        0.3399991912315896       4.540854433955556E-7
0.7813736951839206        0.33499972922514415      4.3127556904692007E-7
0.7894697043158374        0.330000014903858        4.0900564096295236E-7
0.7975666315597891        0.32500002083273755      3.8726997467369534E-7
0.805663899390772         0.3200000000000004       3.660616796612076E-7
0.8137612369161563        0.3150000000000004       3.453733149593249E-7
0.8218585744415409        0.3100000000000004       3.251973036576702E-7
0.8299559119669255        0.3050000000000003       3.05526311298964E-7
0.8380532494923099        0.3000000000000003       2.8635337741739363E-7
0.8461505870176944        0.2950000000000004       2.676719129752786E-7
0.8542479245430789        0.29000000000000037      2.49475697948861E-7
0.8623452620684633        0.28500000000000036      2.3175887910566761E-7
0.870442599593848         0.28000000000000036      2.1451596801825208E-7
0.8785399371192324        0.2750000000000003       1.9774183931708239E-7
0.8866372746446168        0.2700000000000003       1.814317292446486E-7
0.8947346121700015        0.2650000000000003       1.655812344595978E-7
0.902831949695386         0.26000000000000034      1.5018631114787653E-7
0.9109292872207705        0.25500000000000034      1.35243274415868E-7
0.919026624746155         0.25000000000000033      1.2074879795992248E-7
0.9271239622715396        0.2450000000000003       1.0669991400060188E-7
0.9352212997969239        0.24000000000000027      9.309401346892653E-8
0.9433186373223086        0.23500000000000018      7.992884642371975E-8
0.9514159748476931        0.2300000000000002       6.720252267706448E-8
0.9595133123730775        0.2250000000000002       5.4913512602243054E-8
0.9676106498984619        0.2200000000000002       4.306064809574057E-8
0.9757079874238465        0.21500000000000022      3.164312366240657E-8
0.983805324949231         0.21000000000000021      2.0660497590614032E-8
0.9919026624746154        0.20500000000000024      1.0112693182193097E-8
1                         0.20000000000000032      0
0.21999999999999992       0.983805324949231        8.448076331098039E-8
0.21499999999999997       0.9919026624746154       4.180287829760007E-8
0.20999999999999994       1                        0
0.22499999999999998       0.9757079874238465       1.2801977946362727E-7
0.22999999999999995       0.9676106498984619       1.7240358630535264E-7
0.23500000000000001       0.9595133123730775       2.1761283091124728E-7
0.24                      0.9514159748476931       2.636246030929816E-7
0.24499999999999994       0.9433186373223086       3.10411893474814E-7
0.24999999999999997       0.935221299796924        3.5794305551140764E-7
0.255                     0.9271239622715396       4.061812737086872E-7
0.25999999999999995       0.919026624746155        4.550840415269791E-7
0.2650000045180471        0.910929283872555        5.046026738869095E-7
0.2700004157359389        0.9028317118051332       5.546832465224824E-7
0.27500900773209913       0.8947320587508235       6.052755654215963E-7
0.2801814468242427        0.8866003339693747       6.565019914886391E-7
0.2854118871881213        0.8784732927452505       7.08016745238258E-7
0.29100873123585974       0.8703259101717397       7.598087961770461E-7
0.296685422126627         0.862171875920733        8.116343410861971E-7
0.3299818369456515        0.7971518035818751       1.2289423397473774E-6
0.2981482847647834        0.8458479425184358       9.204334275299439E-7
0.3024428652842905        0.8539857477374784       8.634979373059991E-7
0.3038498230478489        0.837684513189612        9.732341684109219E-7
0.30940300011316774       0.8295588987200986       1.0254400412846819E-6
0.314761732150847         0.821455272964467        1.077123812259295E-6
0.325003233120559         0.8052442414628751       1.1790715674739822E-6
0.3199491433271122        0.8133460336358126       1.1284021682314984E-6
0.35495796721000383       0.7729744948124356       1.3459231863952568E-6
0.3498551392110225        0.781053586611695        1.3024405852997586E-6
0.3448666201347815        0.7890979208206894       1.2575018310128114E-6
0.33992487340945016       0.797144003692232        1.2112178290719075E-6
0.36024195294306494       0.7647923899019238       1.387982328021715E-6
0.3648528817806958        0.7731612857388149       1.3187924738421946E-6
0.3602167751698627        0.7484964974963371       1.5008066927060337E-6
0.36512278437616125       0.7403746962938055       1.5404785030472887E-6
0.36541048523133907       0.7566847517936272       1.4280114086655085E-6
0.37999999999999995       0.7                      1.749187135931393E-6
0.3700366295337903        0.7322859835023744       1.5777587813900337E-6
0.38478573772678465       0.708198169452212        1.6742357719491168E-6
0.37976805571005867       0.7162291372624653       1.6449778574056794E-6
0.3748751215586883        0.7242499883674972       1.6127146215671877E-6
0.4080979017246678        0.6649819778905691       1.8052903954529529E-6
0.4                       0.6699999999999999       1.8244286484763643E-6
0.41619461266928703       0.6299998040138947       1.924764286185122E-6
0.41619422336894013       0.6399988650523297       1.8796979403067457E-6
0.41619243137120765       0.6499939014841921       1.8327583921693197E-6
0.41618648481029213       0.6599704941482594       1.7842585969808954E-6
0.424291986165688         0.6149999392055211       1.932258819270994E-6
0.42429186548951364       0.6249996907079561       1.8925627690369967E-6
0.432389310802359         0.6099999221622903       1.8957994480707298E-6
0.44048662827277113       0.604999972229422        1.858507840072222E-6
0.4485840078627269        0.6000000673627509       1.820548085331207E-6
0.45668137411700155       0.5850000408254498       1.8079918073629165E-6
0.4566813866116906        0.5950001047252393       1.7820700648273952E-6
0.4647787024459651        0.5600000045230752       1.8061803830507598E-6
0.4647787062904764        0.570000012669933        1.7877204655013373E-6
0.4647787157355981        0.5800000335534782       1.7666935827337266E-6
0.47287603840415066       0.5450000010720409       1.7740958537174153E-6
0.480973375742534         0.5400000006141525       1.7266672716625647E-6
0.4890707130858378        0.5350000002925631       1.6797529546109215E-6
0.49716805042877965       0.5300000000882779       1.6334061596099587E-6
0.5052653878973109        0.5250000000229248       1.5876712459396967E-6
0.5133627253612894        0.5200000000222318       1.542584713330127E-6
0.5214600627864933        0.5150000001163441       1.4981761375006315E-6
0.47287603968851144       0.5550000029962037       1.760379524787241E-6
0.5295574002269684        0.5100000002295081       1.454469016429714E-6
0.5376547378729233        0.495000000083192        1.4114815306758652E-6
0.5376547377199176        0.505000000293635        1.4114815314987594E-6
0.5457520754075088        0.49000000007242467      1.3683117599527258E-6
0.5538494129567876        0.4850000000377674       1.3259643103559044E-6
0.5619467505074561        0.48000000000046744      1.2844393652454474E-6
0.5700440880330754        0.47499999999999964      1.2437345596672885E-6
0.5781414261177843        0.46999999967119566      1.2038453767332492E-6
0.5862387707222931        0.464999988460802        1.1647654719193849E-6
0.5943360936401435        0.4599997647517745       1.12648705001559E-6
0.6024323853598595        0.4549974242680158       1.0890041400471281E-6
0.6105251274562199        0.44998934748557995      1.052314066365073E-6
0.6186149077597406        0.44497227841787934      1.016399682137477E-6
0.6267058230405217        0.4399455380978264       9.812315912070574E-7
0.6348084749064179        0.43491561440531956      9.467627789240962E-7
0.6429379071754516        0.42991630008924786      9.129557019801385E-7
0.6511235522797723        0.42504939717497814      8.797831965195649E-7
0.659203200566541         0.4201877300066977       8.477131567365188E-7
0.6672580175720451        0.4156768630832865       8.16708013958059E-7
0.6752571775958013        0.411001674494244        7.864380135708312E-7
0.6832295960733669        0.406099316686604        7.567259564089826E-7
0.6907295988151463        0.40115881907973866      7.290846875516683E-7
0.6957941472425494        0.39592385264689833      7.091260800635268E-7
0.7025623431369878        0.39462625380687555      6.876537320459049E-7
0.7096909340897537        0.38950980316958383      6.623582732747492E-7
0.7167645798781036        0.3848125352613683       6.380493744891206E-7
0.7247754216013493        0.3799259152588119       6.114479791403832E-7
0.7328740996700555        0.3749470327829576       5.851196103987572E-7
0.7409518263659756        0.3699694569996706       5.594371952560936E-7
0.7490290504828349        0.3649890615161675       5.343301176496043E-7
0.7571055115001183        0.3599988230001363       5.097831391375738E-7
0.7651885778766516        0.35499977932981347      4.857695190904134E-7
0.7732785872918849        0.34999944498628527      4.6228654714806545E-7
0.7813729706367204        0.34499968586350915      4.393338521174482E-7
0.7894692243400029        0.34000000000000075      4.1690867857804717E-7
0.7975665618653873        0.3350000000000006       3.950043442407733E-7
0.8056638993907718        0.33000000000000046      3.7361551177649014E-7
0.8137612369161563        0.3250000000000004       3.5273443382647064E-7
0.8218585744415409        0.32000000000000034      3.323537122498506E-7
0.8299559119669255        0.31500000000000034      3.124662980509349E-7
0.8380532494923099        0.31000000000000033      2.930654910945578E-7
0.8461505870176944        0.3050000000000004       2.7414493970087123E-7
0.8542479245430789        0.3000000000000004       2.5569864019829977E-7
0.8623452620684633        0.2950000000000004       2.3772093649987816E-7
0.870442599593848         0.29000000000000037      2.2020651975545988E-7
0.8785399371192324        0.2850000000000003       2.0315042812308798E-7
0.8866372746446168        0.2800000000000003       1.8654804669062261E-7
0.8947346121700015        0.2750000000000003       1.7039510757049938E-7
0.902831949695386         0.2700000000000003       1.5468769018345905E-7
0.9109292872207705        0.2650000000000003       1.3942222174184453E-7
0.919026624746155         0.26000000000000034      1.245954779351705E-7
0.9271239622715396        0.25500000000000034      1.1020458381368244E-7
0.935221299796924         0.2500000000000003       9.624701486359767E-8
0.9433186373223086        0.24500000000000025      8.272059826232399E-8
0.9514159748476931        0.24000000000000024      6.962351429750486E-8
0.9595133123730775        0.23500000000000024      5.695429793022461E-8
0.9676106498984619        0.2300000000000002       4.471184047941057E-8
0.9757079874238465        0.2250000000000002       3.289539140139282E-8
0.983805324949231         0.2200000000000002       2.150456013572947E-8
0.9919026624746154        0.21500000000000022      1.0539317985774055E-8
1                         0.21000000000000021      0
0.22999999999999998       0.983805324949231        8.590295247833636E-8
0.22499999999999995       0.9919026624746154       4.257261248843355E-8
0.21999999999999997       1                        0
0.23500000000000001       0.9757079874238465       1.2997666117258104E-7
0.24                      0.9676106498984619       1.7477652492547463E-7
0.24499999999999994       0.9595133123730775       2.202819783954626E-7
0.24999999999999997       0.9514159748476929       2.6646861343240156E-7
0.25499999999999995       0.9433186373223084       3.1330769451142657E-7
0.25999999999999995       0.9352212997969239       3.607656825569356E-7
0.26499999999999996       0.9271239622715394       4.088037700925687E-7
0.26999999999999996       0.9190266247461548       4.5737743181800416E-7
0.27500002338937535       0.9109292700547265       5.064361020042766E-7
0.28000020396951547       0.9028317019421486       5.559237655403106E-7
0.28500087044686034       0.8947341807484294       6.057746847408708E-7
0.2901583892015525        0.8866038209043448       6.561075573593671E-7
0.2954638257265783        0.8784681918865034       7.066290627250406E-7
0.3009464756294347        0.8703322229985081       7.571523427463744E-7
0.30667105851793686       0.8621705196797764       8.076323225744289E-7
0.33497500952522336       0.8052152707926742       1.1637023938805838E-6
0.3082615539411196        0.8457617783660686       9.152759498080154E-7
0.31246825657737337       0.8539283988341697       8.58306501016837E-7
0.3140901037901984        0.8375738510700651       9.66329525468228E-7
0.31953797564818837       0.8295391155994681       1.016080782135948E-6
0.3248404516889597        0.8214362036546697       1.065808439121477E-6
0.3299720476758531        0.8133140418468141       1.1151524513714901E-6
0.3596378364859711        0.7811923137493402       1.2782640615382878E-6
0.3546542203232442        0.7891804428472737       1.2359658760131517E-6
0.34981996486399464       0.7971483819586961       1.1922076663725527E-6
0.3449298789075038        0.8051768498801647       1.147041817937242E-6
0.37056888588970444       0.7649419714465324       1.3574191155464503E-6
0.3692367484628751        0.7814393713137826       1.2530031013791479E-6
0.3744536724731668        0.7736371158576055       1.289886565752408E-6
0.37038297804006487       0.7484915156272057       1.4673020373889073E-6
0.3751355533986612        0.7403040692640139       1.5053154691193248E-6
0.37584449005437415       0.7567757216415476       1.39497808503568E-6
0.38999999999999996       0.7                      1.700910069010016E-6
0.37986849266098105       0.7322911279894361       1.5402165147003026E-6
0.3942946994339487        0.7085871216115482       1.6286238083090537E-6
0.3894143283219522        0.7163772419084764       1.6024657374391936E-6
0.3845949646103004        0.7242975312565103       1.5728876414199297E-6
0.4081048169556249        0.6749515578304209       1.7522949392296754E-6
0.4000000000000001        0.68                     1.7682243715644882E-6
0.4161858125034298        0.6699257611129186       1.7343831763761068E-6
0.4242911676734357        0.6349985173694541       1.8506914674348807E-6
0.4242873349533308        0.6449933938241749       1.8068861101263075E-6
0.42427457320557954       0.6549717882646626       1.761447655520239E-6
0.42425832604103586       0.6649275817950864       1.7145802579083506E-6
0.4323891577228487        0.6199996541645859       1.8591894216805556E-6
0.43238814056243613       0.6299984135166183       1.820371937302644E-6
0.44048649155710784       0.6149997882159283       1.8248250616900776E-6
0.44858393328470164       0.6100001085608032       1.7896357866534813E-6
0.45668140782688477       0.605000254029502        1.753775575008244E-6
0.4647787375733827        0.5900000841456738       1.7432086393892027E-6
0.46477878611525786       0.6000002019688424       1.7173839127960963E-6
0.472876043058625         0.5650000078770473       1.7440811391409362E-6
0.47287605126314297       0.5750000194281023       1.7252846589861798E-6
0.47287607010012817       0.5850000452633285       1.7040848528105832E-6
0.4809733766376658        0.5500000015801135       1.7148737910513054E-6
0.48907071360726406       0.5450000006666351       1.6697364731620104E-6
0.49716805072929127       0.5400000002080501       1.625030410732356E-6
0.5052653880032586        0.535000000015247        1.5808090930575917E-6
0.5133627253515325        0.5300000000355963       1.537117671618797E-6
0.5214600625150888        0.5250000003926363       1.4939938875125743E-6
0.5295573997560232        0.5200000007934871       1.4514689120201955E-6
0.48097337893104103       0.5600000037602656       1.700583246628568E-6
0.5376547371985816        0.5150000009989099       1.4095681160929566E-6
0.5457520752850825        0.5000000002496933       1.369227229075667E-6
0.5457520748828757        0.5100000008305876       1.3683117625705224E-6
0.5538494128961243        0.4950000001272736       1.3277156296429171E-6
0.561946750506613         0.4900000000020985       1.28695277027618E-6
0.5700440880330798        0.484999999999999        1.246941686934677E-6
0.5781414255584623        0.4799999999999997       1.2076828408966038E-6
0.5862387632310195        0.4749999999139588       1.1691744974147917E-6
0.5943361006701243        0.4699999999648508       1.1314130620789653E-6
0.6024332913828336        0.46499957878531106      1.0943937913139954E-6
0.6105292287535324        0.4599965825176201       1.0581135417275562E-6
0.6186229784065133        0.45498796372159006      1.0225660580692122E-6
0.6267165391993432        0.44997400426674483      9.877340001055786E-7
0.6348154844853026        0.4449596898356753       9.535898041963421E-7
0.6429264383234979        0.4399603496068207       9.201112499113875E-7
0.6510528491731756        0.4350053284049485       8.873006537374239E-7
0.659170209727954         0.4300969608373158       8.552417425123402E-7
0.6672616566164709        0.4252473959181354       8.239890043526023E-7
0.6753442689335825        0.42040670304689753      7.934332836370255E-7
0.6835285849147826        0.41538803946723457      7.630660500558845E-7
0.6917749090852332        0.41006833590236486      7.329263983419255E-7
0.6999424547171916        0.40326607429953404      7.025201998224237E-7
0.7091408166935006        0.3993315243852627       6.719085506424967E-7
0.7171257755099607        0.3943190383991356       6.447287169239302E-7
0.7248938302369211        0.3899800336444577       6.19257541647676E-7
0.7328827100134552        0.385021721112886        5.932349378583045E-7
0.7409497166923514        0.37999484670460393      5.675067915534299E-7
0.749024526753323         0.37499423614593747      5.423365796515549E-7
0.7571021783218285        0.36999923522162254      5.177130803106126E-7
0.7651867792725212        0.3650003046516254       4.936102665670743E-7
0.7732775767967796        0.3599996890536426       4.700242134306246E-7
0.7813725554516772        0.3549997733170503       4.4695405375596457E-7
0.7894692243400033        0.3500000000000009       4.2439754856926725E-7
0.7975665618653877        0.3450000000000007       4.023490252117079E-7
0.8056638993907718        0.3400000000000006       3.808025485533321E-7
0.813761236916156         0.33500000000000046      3.597507502779308E-7
0.8218585744415409        0.33000000000000035      3.3918657849260634E-7
0.8299559119669252        0.3250000000000004       3.191033003739009E-7
0.8380532494923099        0.32000000000000034      2.994945043928372E-7
0.8461505870176944        0.3150000000000004       2.8035410220144227E-7
0.8542479245430789        0.3100000000000004       2.6167633028228657E-7
0.8623452620684633        0.3050000000000004       2.434557514451541E-7
0.870442599593848         0.3000000000000004       2.2568725624098943E-7
0.8785399371192324        0.2950000000000004       2.0836606435106995E-7
0.886637274644617         0.29000000000000037      1.9148772599808868E-7
0.8947346121700015        0.28500000000000036      1.7504812341609283E-7
0.902831949695386         0.28000000000000036      1.5904347240693516E-7
0.9109292872207705        0.2750000000000003       1.434703240041451E-7
0.919026624746155         0.2700000000000003       1.2832556625763054E-7
0.9271239622715396        0.2650000000000003       1.136064261458729E-7
0.935221299796924         0.2600000000000003       9.931047161668301E-8
0.9433186373223086        0.2550000000000003       8.543561375272224E-8
0.9514159748476929        0.25000000000000033      7.198010905308779E-8
0.9595133123730775        0.2450000000000003       5.8942561817825983E-8
0.9676106498984619        0.24000000000000024      4.632192661826994E-8
0.9757079874238463        0.23500000000000024      3.411751083240576E-8
0.983805324949231         0.2300000000000002       2.2328977221059688E-8
0.9919026624746154        0.2250000000000002       1.0956346517495532E-8
1                         0.2200000000000002       0
0.24                      0.983805324949231        8.709756448147802E-8
0.23500000000000001       0.9919026624746154       4.322738388442806E-8
0.22999999999999995       1                        0
0.24499999999999994       0.9757079874238465       1.3159582340245998E-7
0.24999999999999997       0.9676106498984619       1.767042474794077E-7
0.255                     0.9595133123730775       2.2240128553949E-7
0.25999999999999995       0.9514159748476931       2.686613135726415E-7
0.26499999999999996       0.9433186373223084       3.1545420978302373E-7
0.2699999999999999        0.9352212997969239       3.6274494199985056E-7
0.27499999999999997       0.9271239622715391       4.1049317094742316E-7
0.2799999999999999        0.919026624746155        4.5865287393416907E-7
0.2850001249647674        0.9109291963072683       5.071725426558731E-7
0.29000069893086683       0.9028308503838199       5.559987715969136E-7
0.2950026603878564        0.8947270166680963       6.050945920582642E-7
0.3000599428543157        0.8865935556505817       6.545269826318223E-7
0.30540202042308967       0.8784730368561396       7.038597549007566E-7
0.3109619611911914        0.8703640895900573       7.529356014642967E-7
0.3166006076613965        0.8622294144284127       8.018792450248839E-7
0.340014705466537         0.8132609512245357       1.1005572344770798E-6
0.318440561923394         0.8454320202104262       9.10082269756442E-7
0.32240705004963616       0.8539860190730117       8.510068710743125E-7
0.3243541984701755        0.8376308772422455       9.566476021738816E-7
0.32977275985550025       0.8295807459728339       1.0046318786341123E-6
0.334952699998301         0.8214055068491724       1.0530126958623864E-6
0.364255610412651         0.7893510209439621       1.2133113473999822E-6
0.35949015083104446       0.7972394329992595       1.1719858064221343E-6
0.3548119002140441        0.8051243531097301       1.1293957721053007E-6
0.35003281996577335       0.8131681385031203       1.0849620431317336E-6
0.38151884708541905       0.7665523210500014       1.3151411006613848E-6
0.37347470315642334       0.7896924530843511       1.189724115378378E-6
0.37801191609440843       0.7820305160921658       1.2270640194280124E-6
0.38198997458236034       0.7753995405570172       1.2582176469528317E-6
0.38049081784288585       0.7485830509038068       1.4328099703505628E-6
0.3849784207046214        0.7403620057974946       1.4695364468413262E-6
0.38612002002721746       0.7570546011275713       1.3607486872933689E-6
0.3921094600097797        0.765078728158375        1.292852284391459E-6
0.4                       0.7                      1.6531025392305176E-6
0.3895229777676741        0.7322845548457311       1.5032374861796763E-6
0.40344141834631664       0.7096353709458721       1.581372257556239E-6
0.3986642852443135        0.716713464712023        1.5607748961514026E-6
0.3940839598399402        0.7243833908304521       1.5337759188300854E-6
0.40814387704067157       0.6848283833562997       1.6985299817874771E-6
0.4                       0.69                     1.7110456891357244E-6
0.40834727599798387       0.6944612858986464       1.6444447203541213E-6
0.41619207273719167       0.6797775199253638       1.6837693157446227E-6
0.4242202010411488        0.6747779370120969       1.6669905857383558E-6
0.4323831724599324        0.6399935008554469       1.779571661177271E-6
0.4323658300764986        0.6499762718546594       1.7370683775424725E-6
0.4323369143072864        0.659941634239286        1.6930685865252527E-6
0.4322620070882649        0.6698114782984207       1.6483016156643002E-6
0.4404849648934763        0.6249990072723752       1.7889183955541764E-6
0.44047780988173413       0.63499509189233         1.7510006883535871E-6
0.4485831363952389        0.6200001473308254       1.7564890049328312E-6
0.456681449599933         0.6150006093122414       1.723249160645817E-6
0.4647788953853111        0.6100004757730896       1.6893452465449008E-6
0.47287611086794235       0.5950001006239122       1.6805859483776222E-6
0.4728761928028971        0.6050002147483955       1.6549001819231612E-6
0.48097338436193326       0.5700000081621545       1.6838670712921065E-6
0.48097339618687407       0.5800000158616436       1.6648072339157458E-6
0.4809734203210761        0.590000027022093        1.6434951129600761E-6
0.48907071487218134       0.5550000013390718       1.6573090990705427E-6
0.4971680512933954        0.5500000002686926       1.614330304404113E-6
0.5052653881939368        0.5449999998927013       1.571708809181143E-6
0.5133627253225502        0.5399999999947096       1.5294978687361509E-6
0.5214600615451552        0.5350000012536108       1.4877429497860754E-6
0.5295573981614362        0.53000000261388         1.4464825414681605E-6
0.5376547355090312        0.5250000032530188       1.4057489311581062E-6
0.4890707176813476        0.5650000022123319       1.6425310604188779E-6
0.5457520736250489        0.5200000026508631       1.3655688923865826E-6
0.5538494127021075        0.5050000004148967       1.3277156305993368E-6
0.5538494121096217        0.515000001302649        1.3259643143396664E-6
0.5619467505028621        0.5000000000092434       1.2877915759908083E-6
0.5700440880330804        0.4950000000000127       1.2485480339846668E-6
0.5781414255584635        0.4900000000000062       1.2099904653270349E-6
0.5862387630838465        0.48500000000000226      1.1721217604785468E-6
0.5943361006461839        0.4799999999784921       1.134942594359231E-6
0.6024334306042759        0.4749999776987246       1.0984517677629073E-6
0.6105305059588787        0.4699993568472216       1.0626472290547659E-6
0.6186266219050871        0.4649961721451155       1.0275265767924965E-6
0.6267220195938495        0.4599892260632778       9.93082302971972E-7
0.6348186086257787        0.4549815116695976       9.593017399897139E-7
0.6429205372695768        0.4499788190984077       9.261659382661017E-7
0.6510287024305443        0.4449927811359105       8.936727474462793E-7
0.6591419303285114        0.4400306712762805       8.618255001719371E-7
0.6672524355025419        0.43508579352353116      8.306407762425552E-7
0.6753375669661765        0.4301033190998358       8.001494352198099E-7
0.6834182089152568        0.4250468332515636       7.702411221626585E-7
0.691759940223242         0.41985210104087056      7.400184880283103E-7
0.7001621742291507        0.4141193596439185       7.09871685123398E-7
0.7085191775459365        0.4092252712441351       6.8107726720004E-7
0.7168707308325913        0.4045137529673149       6.530518422429751E-7
0.7249362097879781        0.39975909986959773      6.264214955558625E-7
0.7329409448303734        0.3950089826917781       6.005215504969831E-7
0.7409709542283962        0.3900161931140933       5.749197582021884E-7
0.7490291341638898        0.3850035600436117       5.497636835882809E-7
0.757101909421738         0.3800018580540636       5.251075511875482E-7
0.7651857017730612        0.37500125211603436      5.009478302307145E-7
0.7732769044014979        0.3699999824921116       4.772860308617801E-7
0.7813722751992501        0.364999864264669        4.5412457931418393E-7
0.789469246472366         0.35999996435977694      4.314618128570752E-7
0.7975665618653877        0.3550000000000006       4.092931880700358E-7
0.805663899390772         0.3500000000000006       3.8761227467212806E-7
0.8137612369161561        0.3450000000000006       3.664121954433511E-7
0.8218585744415406        0.3400000000000005       3.456862778598245E-7
0.8299559119669253        0.3350000000000004       3.2542813593167243E-7
0.8380532494923099        0.33000000000000046      3.056316750550285E-7
0.8461505870176944        0.3250000000000004       2.8629109630830285E-7
0.8542479245430789        0.3200000000000004       2.6740090031283686E-7
0.8623452620684633        0.3150000000000004       2.489558907600943E-7
0.870442599593848         0.3100000000000004       2.3095117769258223E-7
0.8785399371192324        0.3050000000000004       2.1338218061212325E-7
0.886637274644617         0.3000000000000004       1.9624463147687903E-7
0.8947346121700015        0.2950000000000004       1.7953457763755048E-7
0.902831949695386         0.29000000000000037      1.6324838475330258E-7
0.9109292872207704        0.2850000000000003       1.4738273971923817E-7
0.9190266247461548        0.2800000000000003       1.3193465362940505E-7
0.9271239622715394        0.2750000000000003       1.1690146479201246E-7
0.935221299796924         0.2700000000000003       1.0228084180691198E-7
0.9433186373223086        0.2650000000000003       8.807078670955471E-8
0.9514159748476931        0.2600000000000003       7.426963818022258E-8
0.9595133123730775        0.25500000000000034      6.087607481230306E-8
0.9676106498984619        0.2500000000000003       4.7889118428727484E-8
0.9757079874238465        0.2450000000000003       3.530813743141445E-8
0.983805324949231         0.24000000000000027      2.313285016455106E-8
0.9919026624746154        0.23500000000000024      1.1363328268802654E-8
1                         0.2300000000000002       0
0.24999999999999997       0.983805324949231        8.80707732473188E-8
0.245                     0.9919026624746154       4.3770009115493975E-8
0.23999999999999994       1                        0
0.255                     0.9757079874238465       1.3288733542504718E-7
0.25999999999999995       0.9676106498984619       1.7820125457252563E-7
0.26499999999999996       0.9595133123730775       2.2399021771122863E-7
0.2699999999999999        0.9514159748476929       2.7022766289541695E-7
0.2749999999999999        0.9433186373223086       3.168824149504599E-7
0.27999999999999997       0.9352212997969239       3.6391833700043357E-7
0.2849999999999999        0.9271239622715396       4.112940017105894E-7
0.2899999999999999        0.919026624746155        4.589623871228979E-7
0.2950007304502847        0.9109287569406485       5.068737146879113E-7
0.30000448789344986       0.9028272592371649       5.549873022342702E-7
0.3050165515542125        0.8947173011313099       6.032659467194403E-7
0.31007803889296265       0.8866000843728078       6.516152912334055E-7
0.31538491513415345       0.8785112261986437       6.996297494680589E-7
0.32082804284211164       0.870468887657398        7.47075108959912E-7
0.32631062364495617       0.8624567310700122       7.939607127075082E-7
0.3450793721516671        0.8213004750285432       1.039321377324249E-6
0.32920583320502045       0.8458239454698707       8.981100153692075E-7
0.331886548920137         0.8543710611524803       8.407670802283478E-7
0.33481903723129736       0.8379518015925278       9.435745004265843E-7
0.3400312553310072        0.8295417793952101       9.922678607425088E-7
0.3688774873384247        0.7974786037872992       1.1505517698232848E-6
0.36437037555024204       0.805279225602389        1.110013629514797E-6
0.35988648588453426       0.8131002044117861       1.0683474492584366E-6
0.3551275557579004        0.8211331443782363       1.0249200658756586E-6
0.37802314271802834       0.7978284940430773       1.1283225014341686E-6
0.38940657816441493       0.7728651550502338       1.2533372040492264E-6
0.38243775290430987       0.7901002679620828       1.1658395450852205E-6
0.3864782951914063        0.7819146364894675       1.2059725327419914E-6
0.3965983089256272        0.7726197900440054       1.2344377837585148E-6
0.39024746561928064       0.7485397182971377       1.400003897869089E-6
0.3945479720643883        0.7402255763720768       1.4357397247710977E-6
0.3957485829729828        0.7567733730401227       1.3316982721919849E-6
0.40158429705220383       0.7654823512209823       1.2618741365240264E-6
0.4092328294861678        0.7036149018285718       1.5893354323602598E-6
0.3989441393079889        0.7322577901960323       1.4672126235422193E-6
0.4105003152715965        0.7107950357860531       1.543564857148752E-6
0.4073904193197254        0.7169090218898961       1.5225114693885976E-6
0.4033419466885914        0.7244154027374703       1.4960517895224915E-6
0.41625321885463185       0.6894452263193949       1.6328361212994068E-6
0.4164536630467015        0.6988219751756395       1.5820232856240961E-6
0.42419673653499484       0.6845360602183762       1.6186340537050592E-6
0.43218445203957223       0.6796052333108791       1.602635145299606E-6
0.44046041408472153       0.6449825882668054       1.7112979037196654E-6
0.44041683091542777       0.6549480701153241       1.6701304365770255E-6
0.44033000979230125       0.6648621004942736       1.6278835591833154E-6
0.44020186518284365       0.6746930301337315       1.5848487164290573E-6
0.4485786454134954        0.6299994742626351       1.721289664935694E-6
0.4485623756559815        0.6399935438980565       1.6842642144942775E-6
0.4566793585072396        0.6250012234376141       1.6906501250649736E-6
0.4647785593720091        0.6200010166176415       1.659227703545023E-6
0.4728762855491535        0.6150004011968495       1.6271467310171821E-6
0.4809734683221585        0.6000000389699564       1.6200302640120626E-6
0.48097357576216626       0.6100000486889322       1.5945190207967475E-6
0.48907072331606843       0.5750000022993101       1.6254727659587891E-6
0.4890707335298861        0.5849999963559563       1.6062138664636513E-6
0.4890707483569021        0.5949999681975854       1.5848422384796662E-6
0.4971680523866646        0.5599999999557959       1.6013560826892307E-6
0.5052653884145939        0.5549999992874334       1.5604117688587161E-6
0.5133627253846742        0.5499999996737894       1.519758829837196E-6
0.5214600582329286        0.545000003676637        1.4794499364954667E-6
0.529557393090502         0.5400000080925378       1.4395304366207905E-6
0.537654730350322         0.5350000100566993       1.4000391810224642E-6
0.5457520699135573        0.5300000080621466       1.3610091722203791E-6
0.49716805413841025       0.5699999977289149       1.5861677551557155E-6
0.5538494103961694        0.5250000039177828       1.3224681917505982E-6
0.5619467504866519        0.5100000000398827       1.2869527704100303E-6
0.5619467504188805        0.5200000001678616       1.2844393657079437E-6
0.5700440880330689        0.5050000000000306       1.2485480339990451E-6
0.5781414255584595        0.5000000000000172       1.2107605340842754E-6
0.5862387630838448        0.49500000000000993      1.1735977827955686E-6
0.5943361006092286        0.49000000000000415      1.1370647454974788E-6
0.6024334381435436        0.48499999999482074      1.1011641748270762E-6
0.610530755716793         0.4799999447961309       1.0658969776217169E-6
0.6186278183473696        0.4749992351957046       1.0312630917919974E-6
0.6267244054742811        0.46999660918628017      9.972605365709703E-7
0.6348211078568166        0.4649926071389945       9.638834557013179E-7
0.6429191546733569        0.45998966158406485      9.311238006624241E-7
0.6510199788614075        0.45499192530012234      8.989735904728233E-7
0.6591271391356192        0.4500039864991769       8.674178297740607E-7
0.6672460798164153        0.4450232560284609       8.36432250179576E-7
0.6753738342680569        0.4400343235557074       8.060146306249068E-7
0.6835038398093968        0.43500651207928276      7.761626676371665E-7
0.69164377972771          0.4299263504829838       7.468340801778658E-7
0.700042046437461         0.4245698530174872       7.171099842815573E-7
0.7083607460095315        0.41951686292342116      6.884221773257227E-7
0.7166381427936531        0.4146040532453596       6.605366569435908E-7
0.7248309239654236        0.4097676612212433       6.335215412844311E-7
0.7329276803691485        0.4049205577653374       6.073254965597553E-7
0.7409805664531133        0.4000025340397426       5.817366882029731E-7
0.7490371028273891        0.39500679175432357      5.566054763356481E-7
0.7571049607086269        0.39000368004437114      5.319506293693196E-7
0.7651861093185359        0.38500211988686367      5.077676092566098E-7
0.7732767863835489        0.38000042883862556      4.840597108078149E-7
0.7813721278430605        0.374999946312816        4.608340445295781E-7
0.7894692395397289        0.3699999755235524       4.3809069079862294E-7
0.797566561865388         0.36500000000000027      4.15826282313015E-7
0.8056638993907721        0.3600000000000003       3.940345487573025E-7
0.8137612369161563        0.3550000000000006       3.7270903840141777E-7
0.8218585744415409        0.35000000000000053      3.518434907656401E-7
0.8299559119669252        0.3450000000000005       3.314318970422313E-7
0.8380532494923099        0.3400000000000005       3.1146850767651553E-7
0.8461505870176944        0.3350000000000004       2.919478391731502E-7
0.8542479245430789        0.3300000000000004       2.7286468026578433E-7
0.8623452620684633        0.3250000000000004       2.5421409757012833E-7
0.870442599593848         0.3200000000000004       2.3599144082424257E-7
0.8785399371192324        0.3150000000000004       2.1819234780516473E-7
0.886637274644617         0.3100000000000004       2.008127489976999E-7
0.8947346121700015        0.3050000000000004       1.8384887207925852E-7
0.902831949695386         0.3000000000000004       1.672972462737994E-7
0.9109292872207705        0.2950000000000004       1.5115470661822015E-7
0.919026624746155         0.29000000000000037      1.3541839817576687E-7
0.9271239622715394        0.28500000000000036      1.2008578022303924E-7
0.9352212997969239        0.28000000000000036      1.0515463042985306E-7
0.9433186373223086        0.2750000000000003       9.06230490445653E-8
0.9514159748476931        0.2700000000000003       7.648946309137547E-8
0.9595133123730775        0.2650000000000003       6.275263058048941E-8
0.9676106498984619        0.2600000000000003       4.9411644726803415E-8
0.9757079874238465        0.25500000000000034      3.6465938167894884E-8
0.983805324949231         0.25000000000000033      2.391528716754352E-8
0.9919026624746154        0.2450000000000003       1.175981578673107E-8
1                         0.24000000000000032      0
0.25999999999999995       0.983805324949231        8.882967054360977E-8
0.25499999999999995       0.9919026624746154       4.4203792612391874E-8
0.24999999999999997       1                        0
0.26499999999999996       0.9757079874238465       1.338625550554451E-7
0.2699999999999999        0.9676106498984619       1.7928364427907376E-7
0.2749999999999999        0.9595133123730775       2.2507008162415395E-7
0.27999999999999997       0.9514159748476931       2.7119463689719E-7
0.285                     0.9433186373223086       3.176254026780564E-7
0.29                      0.935221299796924        3.6432550931968923E-7
0.29499999999999993       0.9271239622715396       4.112528628092157E-7
0.29999999999999993       0.919026624746155        4.583599105071393E-7
0.30500195423856563       0.9109292917828832       5.055930723440633E-7
0.31000976675109787       0.9028293867181516       5.529073025964221E-7
0.31502966092931217       0.8947291593838256       6.002205691953521E-7
0.3201108419739571        0.8866408451946259       6.473609948751321E-7
0.325296716195293         0.8785981501138407       6.939963436956512E-7
0.33051866711066097       0.8706618316388881       7.396679130866631E-7
0.3356542161609736        0.8630249246327397       7.831576450534974E-7
0.3402464287938579        0.8567479408579243       8.18199377703387E-7
0.3502349062096766        0.829317523463258        9.798798465169246E-7
0.3401093678811389        0.8475712785029867       8.760256479253622E-7
0.34525658637571616       0.8377172864812935       9.328091625392971E-7
0.3736688694965758        0.8055080890699116       1.0899272121309087E-6
0.3694913730878987        0.8132328934680322       1.0499797264330046E-6
0.36512766635858246       0.8209024386018497       1.0099033499631568E-6
0.3604040839771685        0.8290100862608599       9.668781627000424E-7
0.38268349889042047       0.805861904105075        1.0690865153768985E-6
0.3870098533787906        0.7983472714415571       1.104972025267157E-6
0.39462476534205193       0.7803997264867518       1.1936224746850376E-6
0.3923987840608918        0.7906926127885537       1.1380579244431653E-6
0.4016150272345457        0.7788023947415521       1.1841132903501665E-6
0.40333779825450683       0.7725346472890383       1.2156491925049576E-6
0.4076737325514953        0.7694051528874328       1.2210144409791783E-6
0.3996662697844609        0.7483080457301547       1.3692191977463184E-6
0.4038848375346518        0.7401296944318773       1.402396529510991E-6
0.4047639853449546        0.7561767937065144       1.3061005543589564E-6
0.40979304368213887       0.7631537033838693       1.2501746706380626E-6
0.4165870770794201        0.707578709545787        1.5343326164702568E-6
0.4083001762925433        0.7321244509955783       1.4320803675670825E-6
0.41559447037003966       0.7158132797073259       1.4938699906093752E-6
0.4126871490969232        0.7241392791844505       1.4598890899213176E-6
0.4241796899459992        0.6941887603505861       1.56982577125943E-6
0.42412199897104697       0.7035815872982636       1.5217633209596245E-6
0.43211229124303396       0.6893204137986524       1.5562307732613952E-6
0.4400752577597534        0.684418784108943        1.5410806397367953E-6
0.44852428277924444       0.6499748827744077       1.6456579380921962E-6
0.4484440809999658        0.659928837469127        1.6057936878416643E-6
0.4482678965591902        0.6698082944173317       1.565288985043433E-6
0.44805749667007966       0.6796170967189967       1.5239441713885196E-6
0.4566684490619981        0.6349993822980007       1.6561753825326736E-6
0.4566432682605383        0.6449943233412369       1.6200059692440153E-6
0.4647748893815121        0.6300012668409303       1.6271860826941026E-6
0.47287515611016234       0.6249998765118954       1.5974590355037516E-6
0.48097240750153997       0.6199966756777225       1.5670904817412712E-6
0.48907075754583307       0.6049998170407467       1.5614530943441917E-6
0.48906934838884          0.6149945641964424       1.5361680555929966E-6
0.49716805600374503       0.5799999894915143       1.5688343141670828E-6
0.49716805875790715       0.5899999719788522       1.5494328262473514E-6
0.497167909852331         0.5999996832379694       1.528048891683973E-6
0.5052653881401692        0.5649999969367018       1.546968661690985E-6
0.5133627184247641        0.5599999973276656       1.507942957224973E-6
0.5214600472585368        0.5550000092801791       1.469149824862358E-6
0.5295573782928281        0.5500000230541475       1.4306410010977725E-6
0.537654715719781         0.5450000291842648       1.392461453730196E-6
0.5457520596970119        0.5400000231723605       1.354650059304007E-6
0.5538494057621092        0.5350000112030955       1.317240211710051E-6
0.5052653862771268        0.5749999910369087       1.5314388378671386E-6
0.5619467501468727        0.5300000006859679       1.280260365385508E-6
0.5700440880330635        0.5150000000001025       1.246941686979623E-6
0.5700440880330563        0.5250000000006373       1.2437345597484647E-6
0.5781414255584518        0.5100000000000193       1.2099904653394807E-6
0.5862387630838312        0.5050000000000053       1.1735977827907155E-6
0.5943361006092163        0.5000000000000075       1.1377728699423905E-6
0.6024334381346025        0.495000000000003        1.102522453169654E-6
0.6105307756620834        0.48999999999879384      1.0678510670399984E-6
0.6186280861037654        0.4849999257948986       1.0337614306290202E-6
0.6267252303834924        0.4799993330052591       1.000254929600762E-6
0.6348222451709623        0.474997794170441        9.67330702378694E-7
0.6429195556280604        0.4699961845560749       9.349855807056926E-7
0.6510176216285016        0.4649953093030424       9.032155111209542E-7
0.6591198368079805        0.45999745791916596      8.720059639905583E-7
0.667238285519704         0.4550023963035117       8.413118210547577E-7
0.6753789929974116        0.4500033751349454       8.111088840784625E-7
0.6835383341046964        0.4449883754681453       7.81402766838338E-7
0.6917126259034323        0.43993957309628035      7.521933120904974E-7
0.6999638746905319        0.43482265462271963      7.232622917983132E-7
0.7082495485386682        0.4297268904974978       6.947970216490194E-7
0.7165071276079754        0.42473474450179544      6.670326249452188E-7
0.72471797922557          0.4198174429611737       6.399965706304025E-7
0.7328645008131601        0.4149073536149682       6.136832332599525E-7
0.7409595192528903        0.4099750629525783       5.880183595728802E-7
0.7490355734500995        0.4050012500799284       5.628838774230679E-7
0.7571068183122068        0.40000232557054005      5.382408277867169E-7
0.7651873723807405        0.39500196122898634      5.140590238224533E-7
0.7732771221099294        0.39000075196512335      4.903341017492371E-7
0.7813721528114345        0.38500003698482765      4.670715398623845E-7
0.7894692311587239        0.3799999890196662       4.4427363286736284E-7
0.797566561865388         0.37499999999999994      4.219382156074645E-7
0.8056638993907721        0.3700000000000001       4.0005964513378365E-7
0.8137612369161564        0.36500000000000027      3.7863192489729396E-7
0.8218585744415409        0.3600000000000003       3.5764923839496756E-7
0.8299559119669255        0.3550000000000004       3.3710598376942225E-7
0.8380532494923099        0.3500000000000005       3.169967842011102E-7
0.8461505870176944        0.3450000000000005       2.9731649730507646E-7
0.8542479245430789        0.3400000000000004       2.780602236895671E-7
0.8623452620684633        0.3350000000000004       2.592233148140934E-7
0.870442599593848         0.3300000000000004       2.408013802669403E-7
0.8785399371192324        0.3250000000000004       2.227902945663081E-7
0.886637274644617         0.3200000000000004       2.0518620357501233E-7
0.8947346121700015        0.3150000000000004       1.879855306058026E-7
0.902831949695386         0.3100000000000004       1.7118498228266736E-7
0.9109292872207705        0.3050000000000004       1.5478155421293303E-7
0.919026624746155         0.3000000000000004       1.3877253651537675E-7
0.9271239622715394        0.2950000000000004       1.2315551924083462E-7
0.9352212997969239        0.29000000000000037      1.0792839771380214E-7
0.9433186373223084        0.28500000000000036      9.308937781619815E-8
0.9514159748476931        0.2800000000000003       7.863698122772053E-8
0.9595133123730775        0.2750000000000003       6.457005063100361E-8
0.9676106498984619        0.2700000000000003       5.0887754883985454E-8
0.9757079874238465        0.2650000000000003       3.7589594156493616E-8
0.983805324949231         0.26000000000000034      2.467540502295604E-8
0.9919026624746154        0.2550000000000003       1.2145365498357785E-8
1                         0.25000000000000033      0
0.26999999999999996       0.983805324949231        8.93821457290903E-8
0.26499999999999996       0.9919026624746154       4.453246746084749E-8
0.25999999999999995       1                        0
0.2749999999999999        0.9757079874238465       1.3453394550860794E-7
0.27999999999999997       0.9676106498984619       1.7996886455869253E-7
0.2849999999999999        0.9595133123730775       2.2566371211373394E-7
0.29                      0.9514159748476931       2.715908476033901E-7
0.29499999999999993       0.9433186373223086       3.1771793659799017E-7
0.2999999919425876        0.9352213835844349       3.640072449846527E-7
0.30499996583676436       0.9271243592177745       4.1041555106631977E-7
0.3100003528571163        0.9190282979928336       4.5689079806188766E-7
0.31500289941856635       0.9109328339375352       5.03381399385911E-7
0.32001270839164053       0.902839137629346        5.498194010327282E-7
0.3250358084111105        0.8947536297409217       5.960971531446196E-7
0.330068733561056         0.8866891631981436       6.420639586575138E-7
0.33511171112917415       0.8786816200579707       6.874207555448047E-7
0.33995815637775223       0.8707491284994209       7.321304422755884E-7
0.34475736044235694       0.8628197004852532       7.764828399965935E-7
0.34835206958802134       0.85418549765332         8.259947024115697E-7
0.3558043190570859        0.8372353436068706       9.221653700853173E-7
0.35106027266050643       0.8456930359074988       8.75539112972613E-7
0.37857172215213114       0.8133720293449921       1.031858241464472E-6
0.3747212799762847        0.8213077044345553       9.90772959351499E-7
0.37030718470712953       0.8287176840299038       9.53145174318147E-7
0.36577579864185705       0.8366853172067534       9.115458287822489E-7
0.38745902457407566       0.8136336946021219       1.0128432392044817E-6
0.39136930241524415       0.8064830657447983       1.0469562103610633E-6
0.39515102204153996       0.7991218999371512       1.0817751315830736E-6
0.40046974535184154       0.7869651539304354       1.1397372050760066E-6
0.3997348716844871        0.7941249299023752       1.100060657275842E-6
0.4071021271620942        0.7846921263734201       1.1355679806235449E-6
0.4092176255086618        0.7763635475512182       1.1770309118356299E-6
0.413804594747876         0.7698681168735155       1.2003031304257358E-6
0.40882131049071685       0.7480201129483239       1.3394478820462356E-6
0.4131836126389419        0.7399876221536034       1.3694184783098864E-6
0.41359246719022363       0.7556682258617959       1.280259222098885E-6
0.41801425624222854       0.7631114037792065       1.2249451346108011E-6
0.4236069876217934        0.712574793728501        1.477119769360717E-6
0.41779817760931176       0.731851046941781        1.397245561737211E-6
0.4227968716235457        0.7228698944937956       1.4260799285620424E-6
0.4319652252508683        0.6988853406864783       1.5099885432615513E-6
0.431689627280702         0.7079848642732071       1.4658466102906108E-6
0.4399839882616499        0.6939905477212409       1.4968359167033989E-6
0.44789559036432103       0.6892585526880068       1.4819548934589817E-6
0.45659238831064175       0.6549844824559311       1.5823532456752015E-6
0.4564432822552917        0.6649353114214972       1.5438609951902377E-6
0.4561115008303831        0.6748000311048635       1.5052352436348896E-6
0.4555764209980141        0.684430571300865        1.4672616731931065E-6
0.46475894329560585       0.6399985720396907       1.5934165891528945E-6
0.46473560023681526       0.6500032194603542       1.557991301171858E-6
0.47286737511798466       0.6349950326442798       1.5660057429976485E-6
0.4809695617208627        0.6299901245041609       1.5378636432261975E-6
0.4890672800452251        0.6249845702948319       1.5090895596770186E-6
0.49716570770088586       0.6099937222726912       1.504796159520059E-6
0.49716228268325585       0.6199814739277639       1.4797692108042352E-6
0.505265379299211         0.5849999743160376       1.5138895738082282E-6
0.5052651610921669        0.594999561894633        1.4943970869761899E-6
0.5052610229629264        0.6049932078433674       1.473074034946221E-6
0.5133627032868665        0.5699999863025182       1.4941009252658878E-6
0.5214600199498103        0.5650000164243419       1.4568855259228455E-6
0.5295573409556636        0.5600000581984077       1.419850174818262E-6
0.5376546779793895        0.5550000781899527       1.383045464146362E-6
0.545752033771401         0.5500000623882094       1.346515718876585E-6
0.5538493943074246        0.5450000300914598       1.3102996171096973E-6
0.5619467491120966        0.5400000027056736       1.2744306664054195E-6
0.5133626762110002        0.579999945638944        1.4782911178468144E-6
0.5700440881392411        0.5349999977897445       1.2389377272566936E-6
0.5781414255872116        0.5199999997205297       1.2076828408816695E-6
0.5781414257476483        0.5299999984124474       1.2038453793807837E-6
0.5862387631229182        0.5149999996053669       1.1721217603797271E-6
0.5943361006091847        0.5100000000000011       1.1370647454620126E-6
0.6024334381345847        0.5049999999999929       1.1025224531368008E-6
0.6105307756599777        0.5000000000000046       1.0685030931922116E-6
0.6186281131858474        0.49499999999973543      1.0350127190162701E-6
0.6267254295308875        0.48999994208145997      1.002055567230428E-6
0.6348226731159256        0.4849995923195248       9.696342834092416E-7
0.6429199356922708        0.4799991246750423       9.37749554915836E-7
0.6510173497112652        0.4749984143643884       9.064006590359893E-7
0.6591167586506174        0.4699979661470715       8.75579880032292E-7
0.6672300662078539        0.46499793817577517      8.452440150861155E-7
0.6753714836671919        0.4599958367117598       8.153442728488516E-7
0.683540891330348         0.4549861417986077       7.858818606236127E-7
0.6917317211137091        0.44996112798688404      7.568764015662727E-7
0.6999471158759488        0.44491221499883227      7.283128629607696E-7
0.7081881316599716        0.439861045643237        7.001968702941695E-7
0.7164280217106436        0.4348441647134956       6.726267984617516E-7
0.7246371091835533        0.4298743762148656       6.456915082075458E-7
0.7328017531547212        0.42492419116712454      6.194045679732088E-7
0.7409241630370532        0.4199690799724786       5.937315683358716E-7
0.7490206455422798        0.4149936930241788       5.686044702860843E-7
0.7571034490370082        0.4099990363893499       5.439792951287008E-7
0.7651876904394802        0.4050006288300631       5.198160385113275E-7
0.773277515359859         0.4000006058248144       4.960995126495753E-7
0.78137227226718          0.3950001077285721       4.7282702342400763E-7
0.7894692268140723        0.38999999601595264      4.500007191171857E-7
0.7975665618653877        0.38499999999999984      4.276193981383094E-7
0.8056638993907721        0.37999999999999995      4.0567829515495205E-7
0.8137612369161569        0.37500000000000006      3.841719157909509E-7
0.8218585744415412        0.3700000000000002       3.63094918404492E-7
0.8299559119669255        0.3650000000000003       3.4244213700393543E-7
0.8380532494923101        0.3600000000000003       3.2220859450536543E-7
0.8461505870176945        0.3550000000000004       3.0238951477772245E-7
0.8542479245430789        0.3500000000000004       2.8298033365056027E-7
0.8623452620684633        0.3450000000000004       2.6397670903854554E-7
0.870442599593848         0.3400000000000004       2.4537453031813494E-7
0.8785399371192324        0.3350000000000004       2.2716992707509282E-7
0.886637274644617         0.3300000000000004       2.093592773263653E-7
0.8947346121700015        0.3250000000000004       1.9193921530613152E-7
0.902831949695386         0.3200000000000004       1.7490663889339035E-7
0.9109292872207705        0.3150000000000004       1.5825871674714067E-7
0.919026624746155         0.3100000000000004       1.4199289520488907E-7
0.9271239622715394        0.3050000000000004       1.2610690499082254E-7
0.9352212997969239        0.3000000000000004       1.1059876777134972E-7
0.9433186373223084        0.2950000000000004       9.546680258778745E-8
0.9514159748476929        0.29000000000000037      8.070963218864104E-8
0.9595133123730775        0.2850000000000003       6.632618927714815E-8
0.9676106498984619        0.2800000000000003       5.231572268343063E-8
0.9757079874238463        0.2750000000000003       3.8677803464678494E-8
0.983805324949231         0.2700000000000003       2.5412330931207927E-8
0.9919026624746153        0.2650000000000003       1.2519538590965294E-8
1                         0.26000000000000023      0
0.2799999999999999        0.983805324949231        8.973676458977932E-8
0.27499999999999997       0.9919026624746154       4.476013525589434E-8
0.26999999999999996       1                        0
0.2849999999999999        0.9757079874238465       1.349148925400716E-7
0.29                      0.9676106498984619       1.802754683098046E-7
0.29499999999999993       0.9595133123730775       2.2579516511122118E-7
0.29999999999999993       0.9514159748476929       2.714461750038341E-7
0.30499999999999994       0.9433186373223084       3.1719602243010097E-7
0.3099999722495365        0.9352215242324543       3.6300611519285877E-7
0.31499984953103566       0.9271252666472073       4.088305234592591E-7
0.3200002252800865        0.919030613458756        4.546173105861773E-7
0.32500255483139134       0.9109385794304807       5.003072558781891E-7
0.33000895077606296       0.9028514403894264       5.458275877080172E-7
0.335017149652929         0.8947762665938911       5.910731499690486E-7
0.340003939554331         0.8867192442007149       6.359524577853174E-7
0.3448955659845328        0.8786719192725232       6.805052824901391E-7
0.34967721941591456       0.8705482446052641       7.252190226627787E-7
0.3542859471721515        0.8622964321785815       7.704389995988565E-7
0.35845133518004185       0.8537362323666028       8.175651784177505E-7
0.3620941854508766        0.8449885411859067       8.660995987470434E-7
0.3835273295769254        0.8211410788293917       9.758933946515403E-7
0.380041374410044         0.8294432756562022       9.327604802889548E-7
0.37467663809738627       0.8362053242561615       9.011416447172816E-7
0.3715092509420284        0.8435619228667299       8.619426549051954E-7
0.39208705760965645       0.8210382303364153       9.605409554520985E-7
0.3965165359617073        0.8139087642860545       9.929960029872406E-7
0.3997458066971664        0.8070733067849358       1.0254495371770606E-6
0.40349007463328734       0.8001384334423277       1.056652354179446E-6
0.4073340849517682        0.7930276468553501       1.0877748861278058E-6
0.4126481959084959        0.7883005325495454       1.1008614228646148E-6
0.41334103817675566       0.7826561401405011       1.1304141584927306E-6
0.4177495820925088        0.7777850836574837       1.1452146029956882E-6
0.4220623985046342        0.7708196020112749       1.1707413375064607E-6
0.4178681121587335        0.7478772871970193       1.3091135775658431E-6
0.4224760686485264        0.7399700170642437       1.3358278444098729E-6
0.42232034639861543       0.7556821091962989       1.2516939784132508E-6
0.4265250402301303        0.763485175834589        1.1965530577148333E-6
0.4310160373131948        0.7170248928708978       1.4229827400445339E-6
0.42738170833278133       0.7320500787366565       1.3597074305896609E-6
0.43169866522733846       0.7250531196320861       1.3792623567140504E-6
0.4398546251831643        0.7032841374940647       1.453232749460109E-6
0.4395763734475567        0.712528392342278        1.409779213374681E-6
0.44793437518284424       0.6985676039909249       1.4396151984217777E-6
0.4552561898227136        0.6938546448643929       1.4280307874303062E-6
0.464650591893389         0.6599953348586822       1.5213936110919886E-6
0.4644032134921224        0.6699726242373027       1.4842306105207489E-6
0.46229408256987914       0.6890799798348797       1.4167880025894376E-6
0.461339612689935         0.6962903818383323       1.3906148286920417E-6
0.46384366573070873       0.6799731225940511       1.447092708056041E-6
0.4728565517122243        0.6449920956192762       1.5328750656276142E-6
0.4728252922892121        0.6549879228636842       1.4982939050436465E-6
0.4809655663541061        0.6399814145254429       1.5069522380854666E-6
0.4890660247454508        0.63497302316568         1.4803112781601319E-6
0.49716028444355576       0.6299608083529822       1.4530618659982713E-6
0.5052532844106977        0.6149790064870186       1.4500106115230354E-6
0.5052449824144378        0.6249526301192592       1.425294651499587E-6
0.513362086070148         0.5899993714084543       1.4605827064466358E-6
0.5133558812875733        0.5999943287958099       1.4410816934894565E-6
0.5133443320716884        0.6099822424747147       1.4198695252540405E-6
0.5214599670548933        0.575000000068666        1.442707378009767E-6
0.5295572661007647        0.5700001205704043       1.407200986406645E-6
0.5376545917582992        0.5650001879189928       1.3718277123012567E-6
0.5457519730395305        0.5600001570108458       1.3366367539705706E-6
0.5538493698800281        0.5550000739507108       1.3016717246397647E-6
0.5619467454597545        0.5500000102197687       1.2669708986526395E-6
0.5700440904262036        0.5449999835745372       1.232567651711116E-6
0.5214598842148649        0.5849998281047996       1.426672676837234E-6
0.578141426703799         0.539999993282203        1.1984908555613525E-6
0.5862387633099752        0.5249999980218468       1.169174497820418E-6
0.5862387643486324        0.5349999906794036       1.1647655110863431E-6
0.5943361005888548        0.5199999998897992       1.134942594584328E-6
0.602433438134573         0.5149999999999378       1.1011641747676975E-6
0.6105307756599564        0.509999999999996        1.067851066958397E-6
0.6186281131853545        0.5050000000000099       1.035012718972475E-6
0.6267254507108545        0.4999999999999596       1.0026564694594094E-6
0.6348227792466524        0.49499997669384843      9.707878264690953E-7
0.6429200861326767        0.4899998485566838       9.394106548862902E-7
0.6510174629727311        0.485000000526715        9.085270478810249E-7
0.6591157601807556        0.4799991381454956       8.781348695220664E-7
0.6672237441422513        0.4749979969587515       8.482036721589583E-7
0.6753591335072241        0.4699957753814523       8.186740168265476E-7
0.6835280561063267        0.46499002499025427      7.89529442669492E-7
0.6917222348739562        0.45997759538210076      7.608008610915024E-7
0.6999318413120231        0.45495496281573794      7.32520090055932E-7
0.7081530182718581        0.4499302952181207       7.047009940189163E-7
0.716379489263477         0.4449162689495043       6.773657951463157E-7
0.7245863501657402        0.4399242174921197       6.505900953828028E-7
0.7327578459042335        0.434948630246041        6.244087542398611E-7
0.7408931794528651        0.42997425720788884      5.988050135469576E-7
0.7490017390522482        0.4249907792353982       5.737354773641052E-7
0.7570957958229285        0.4199968011110582       5.491555616449687E-7
0.7651859135621706        0.4149992116689565       5.250325447206356E-7
0.7732775520203963        0.41000010034008205      5.0134736900784E-7
0.781372362802455         0.405000089318265        4.780912208379762E-7
0.789469225125942         0.3999999987343854       4.5526265122510885E-7
0.7975665618653874        0.39499999999999996      4.328607859081019E-7
0.8056638993907721        0.3899999999999999       4.108817277307026E-7
0.8137612369161564        0.385                    3.8932052490648417E-7
0.8218585744415412        0.3800000000000001       3.681723401956277E-7
0.8299559119669255        0.37500000000000006      3.474324712628066E-7
0.8380532494923101        0.3700000000000002       3.2709636682638875E-7
0.8461505870176947        0.36500000000000027      3.0715964138549785E-7
0.8542479245430791        0.3600000000000003       2.876180887156505E-7
0.8623452620684633        0.3550000000000004       2.684676943020074E-7
0.870442599593848         0.3500000000000004       2.4970464686001657E-7
0.8785399371192324        0.3450000000000004       2.3132534907571695E-7
0.886637274644617         0.3400000000000004       2.133264276820962E-7
0.8947346121700015        0.3350000000000004       1.957047429735226E-7
0.902831949695386         0.3300000000000004       1.7845739784712962E-7
0.9109292872207705        0.3250000000000004       1.6158174644809001E-7
0.919026624746155         0.3200000000000004       1.4507540248478692E-7
0.9271239622715394        0.3150000000000004       1.2893624726987804E-7
0.9352212997969239        0.3100000000000004       1.1316243753405475E-7
0.9433186373223084        0.3050000000000004       9.775241305083109E-8
0.9514159748476929        0.3000000000000004       8.270490410283623E-8
0.9595133123730775        0.2950000000000004       6.801893881280765E-8
0.9676106498984619        0.2900000000000003       5.369385035567092E-8
0.9757079874238465        0.2850000000000003       3.972928406170145E-8
0.983805324949231         0.2800000000000003       2.6125204414734442E-8
0.9919026624746154        0.2750000000000003       1.2881901943662839E-8
1                         0.27000000000000035      0
0.2899999999999999        0.983805324949231        8.990264925200923E-8
0.2849999999999999        0.9919026624746154       4.4891205981027376E-8
0.2799999999999999        1                        0
0.29499999999999993       0.9757079874238463       1.3501952476058516E-7
0.2999999999999999        0.9676106498984619       1.802228747684323E-7
0.3049999999999999        0.9595133123730775       2.254894212442721E-7
0.3099999999999999        0.9514159748476931       2.707914145491512E-7
0.3149999999999999        0.9433186373223086       3.1609650179645713E-7
0.31999992676153727       0.9352216688849689       3.61365526380164E-7
0.32499963578439156       0.9271260216465569       4.0655119113455116E-7
0.3299995640879815        0.9190329382286828       4.515994300003099E-7
0.3350004714849553        0.9109440043270707       4.964489433162754E-7
0.3400010137535181        0.902860744548249        5.410346254098659E-7
0.3449945184540842        0.8947850800305145       5.852880225132941E-7
0.34996349793562415       0.8867191664376337       6.291454684860914E-7
0.3548607048418601        0.8786080953718021       6.729078469399829E-7
0.35973176794784784       0.8704237839014506       7.16652028163744E-7
0.36472822224364276       0.8620588657475654       7.607803574757878E-7
0.3699641227192878        0.8530193499717087       8.079311123845427E-7
0.38828351873936034       0.8280515386020627       9.267912334775061E-7
0.38136905077041217       0.8365571972185688       8.886553730366087E-7
0.38581489152146403       0.8339013107809101       8.969941402648517E-7
0.379276371538049         0.8423434700986683       8.579581336344377E-7
0.37726838920471384       0.8481295344811816       8.26999429160279E-7
0.3963573008942886        0.8281920714455943       9.116427321953686E-7
0.40071516403564195       0.8213585240024514       9.422140357506676E-7
0.40601724701890596       0.8139657635791036       9.73105600091068E-7
0.40719641622234465       0.8063687261332971       1.013072355457572E-6
0.41177824620241815       0.8011140910408572       1.0319072144141146E-6
0.41606549729715964       0.7943389782467885       1.058928221343115E-6
0.41998569529057805       0.7861368440544411       1.0936255456995637E-6
0.4257214571012222        0.7788079606401217       1.1174491820009963E-6
0.43052211442733057       0.771374277264605        1.1429344056760387E-6
0.42685827212780886       0.7479681252171649       1.2777396181747096E-6
0.4317970911922297        0.7401171558764235       1.3014458514699664E-6
0.43109706752629134       0.7560004666707          1.221421661934881E-6
0.43513876035531274       0.7639326974771679       1.1676086522253829E-6
0.43935361979298904       0.7217279403474341       1.3656635822811568E-6
0.4377128767575028        0.7316585903479615       1.3227075072529758E-6
0.447975168792638         0.7077379142748136       1.3971902231589088E-6
0.44760239743950353       0.7169675313341313       1.3555551410886265E-6
0.45679629020690127       0.702544918501397        1.3831409271104845E-6
0.4643900446974345        0.7010157024084627       1.3573877172470193E-6
0.4679614561527465        0.6949566635825288       1.367373742819664E-6
0.47265456970740866       0.6649290505580007       1.4631579614825474E-6
0.47229045397526065       0.6749245594059405       1.427372797011586E-6
0.47192655812881845       0.6856614895727058       1.3873530360459424E-6
0.4809517774704832        0.6499561421706502       1.4745685348962998E-6
0.4808845353387951        0.6598821078500476       1.4411586822354903E-6
0.48905582418146715       0.6449349374939549       1.4500717568759317E-6
0.497151872119532         0.6398961297362555       1.4249227498800267E-6
0.5052301707377136        0.634875353765598        1.3991586589750417E-6
0.5133275617566242        0.6199570543663739       1.3970424775129987E-6
0.5132914603119548        0.6298817315021255       1.372851274751831E-6
0.5214532131902013        0.5949970291171415       1.4088829805825842E-6
0.5214389686080522        0.6049896072662074       1.3894151202563806E-6
0.5214103501205084        0.6149698067629289       1.368392285015665E-6
0.5295571936731324        0.5800001540658616       1.3927428470702585E-6
0.5376544271992557        0.5750003769463509       1.3588510458626514E-6
0.5457518310458032        0.5700003846926948       1.3250498921366918E-6
0.5538493203550043        0.5650001743970112       1.2913876438036098E-6
0.5619467502515584        0.5599997774236245       1.257907381106033E-6
0.5700441519219873        0.554999593841792        1.2246460705178852E-6
0.5781414512408745        0.5499998643019732       1.1916369597390285E-6
0.529552645904555         0.5899999029187805       1.376554375021196E-6
0.5862388927640892        0.544999162617177        1.1589089328982035E-6
0.594336100520422         0.5299999993174559       1.1314130629839548E-6
0.5943361001124926        0.539999997280742        1.1264871560015902E-6
0.6024334381346408        0.524999999999951        1.0984517431246874E-6
0.6105307756599835        0.519999999999974        1.065896908927886E-6
0.6186281131853433        0.5149999999999972       1.0337613344945966E-6
0.6267254507107338        0.5100000000000132       1.0020554901899694E-6
0.6348227876102732        0.5050000007145283       9.707877954157786E-7
0.6429201244870747        0.5000000016831141       9.399648400139188E-7
0.6510174621748226        0.49500000217855045      9.095915957810035E-7
0.6591153910093216        0.4899995996387214       8.79669440380468E-7
0.6672203745540072        0.48499746400588867      8.501778104137373E-7
0.6753480780533208        0.47999572947844327      8.210659620468091E-7
0.6835108128475035        0.4749933025832585       7.922979957305305E-7
0.6917032926106034        0.46998791439306276      7.638979648917611E-7
0.6999115617103863        0.46497771205233046      7.359147636741101E-7
0.7081247250160282        0.4599667548169217       7.083843155613564E-7
0.7163454340462138        0.4549584778552366       6.81297543491512E-7
0.7245529229162776        0.4499588703307942       6.547168206352391E-7
0.7327298252242992        0.4449691072541992       6.286871090641393E-7
0.7408723781414638        0.4399824143604152       6.032066453962055E-7
0.7489877560388303        0.4349920901197506       5.782418295584555E-7
0.7570880512964003        0.42999663215197603      5.53749457105342E-7
0.7651827788365784        0.4249987378423889       5.296980571055613E-7
0.7732770137696429        0.4199996922070618       5.060695273481171E-7
0.7813723642353797        0.4149999988337487       4.828554652335385E-7
0.7894692245675974        0.40999999963349953      4.600507736546195E-7
0.7975665618653874        0.4050000000000001       4.3765392259922154E-7
0.805663899390772         0.4000000000000001       4.1566170868499454E-7
0.8137612369161564        0.395                    3.9406975594626994E-7
0.8218585744415409        0.39000000000000007      3.728737594549457E-7
0.8299559119669255        0.38500000000000006      3.520695069310397E-7
0.8380532494923101        0.3800000000000001       3.31652897782293E-7
0.8461505870176947        0.37500000000000017      3.116199605216243E-7
0.8542479245430791        0.3700000000000002       2.919668687667446E-7
0.8623452620684636        0.36500000000000027      2.726899560041787E-7
0.870442599593848         0.36000000000000043      2.537857292804067E-7
0.8785399371192324        0.3550000000000004       2.3525088196486506E-7
0.886637274644617         0.3500000000000004       2.1708230571319725E-7
0.8947346121700015        0.3450000000000004       1.9927710174418797E-7
0.902831949695386         0.3400000000000004       1.8183259153017829E-7
0.9109292872207705        0.3350000000000004       1.6474632698827805E-7
0.919026624746155         0.3300000000000004       1.480161002482512E-7
0.9271239622715394        0.3250000000000004       1.316399530624385E-7
0.9352212997969239        0.3200000000000004       1.156161859133992E-7
0.9433186373223084        0.3150000000000004       9.994336686601186E-8
0.9514159748476929        0.3100000000000004       8.462034020246089E-8
0.9595133123730775        0.3050000000000004       6.964623487081523E-8
0.9676106498984619        0.3000000000000003       5.502047277066117E-8
0.9757079874238465        0.2950000000000004       4.074277689244683E-8
0.983805324949231         0.29000000000000037      2.6813179320755787E-8
0.9919026624746154        0.28500000000000036      1.3232029105605183E-8
1                         0.28000000000000025      0
0.2999999999999999        0.983805324949231        8.98893609816676E-8
0.2949999999999999        0.9919026624746154       4.493033885822818E-8
0.2899999999999999        1                        0
0.3049999999999999        0.9757079874238465       1.348625397063792E-7
0.3099999999999999        0.9676106498984619       1.7983114050231568E-7
0.3149999999999999        0.9595133123730775       2.2477210386045122E-7
0.3199999999999999        0.9514159748476929       2.6965794489494685E-7
0.3249999999999999        0.9433186373223084       3.1445667312668566E-7
0.32999983678940853       0.9352217636267778       3.5912915027230595E-7
0.3349992444974066        0.9271265292631798       4.0362764348154267E-7
0.3399983535939202        0.9190343979455688       4.4789803127712566E-7
0.34499731010131374       0.9109470188345021       4.918804594696462E-7
0.3499949445389541        0.9028639433327971       5.355233123884684E-7
0.35498443022806114       0.8947857982062762       5.787689543262191E-7
0.35996976698770317       0.8867023106157859       6.216129327334059E-7
0.3649199860113134        0.8785857718076929       6.641784931762093E-7
0.3699185280022048        0.8704452936977971       7.062691353695602E-7
0.3748818114891869        0.8623717378078161       7.473661303052278E-7
0.37966652564555503       0.8554598373019504       7.812900494726037E-7
0.39223805974662707       0.8347547693479503       8.814191108536202E-7
0.3870358044209398        0.840885548973073        8.546755934673187E-7
0.38379152242407455       0.8484234804039462       8.161605832644131E-7
0.4002115218924851        0.8355636850034212       8.633917179109819E-7
0.40444256462740724       0.8288283469030486       8.934061278560695E-7
0.408796720842639         0.8224017692500476       9.207047146674154E-7
0.4135997246030322        0.8174165291947774       9.383951539185976E-7
0.4149543064776224        0.8095949157350676       9.781434833233104E-7
0.42025214353436063       0.801842751485939        1.0081256354179248E-6
0.4248426625990421        0.7943013289439671       1.037366343635441E-6
0.43921571677359567       0.7719621246993923       1.1144563859848551E-6
0.42953143385886144       0.7867678842026793       1.0651039137216453E-6
0.4344721147826384        0.7792697866563956       1.0906743303241115E-6
0.4358540785469079        0.748435369073568        1.2445871830221663E-6
0.440787901212946         0.7409354766974916       1.2651976047074677E-6
0.4399606725749563        0.7565805567997265       1.1897581091139998E-6
0.4439646567245023        0.7646636416151553       1.136823566922594E-6
0.4471689157422334        0.7262057957916923       1.31343637201492E-6
0.4475871986738632        0.7350731514499254       1.2693933221457447E-6
0.45598762962419703       0.7122209820379908       1.3433946039184604E-6
0.4555582055993905        0.7213825187092686       1.303545161214788E-6
0.46419615224256494       0.707886183989684        1.3288556128319147E-6
0.4715927407303929        0.7026895100700701       1.320157500514012E-6
0.47597632628623876       0.6940501479860435       1.3365049669511626E-6
0.4806640612083925        0.6697273955446957       1.4074137852667828E-6
0.48024697573177466       0.6792807904059579       1.3743767663296008E-6
0.48058196545743237       0.687329654763368        1.3426436983310217E-6
0.4890178742570179        0.6548504632549719       1.4186452894392805E-6
0.48894746906801106       0.6647554243121379       1.3860474288627812E-6
0.49714078082867275       0.649807252267832        1.395392344409068E-6
0.5132695105253162        0.6397412897793381       1.3472783567194398E-6
0.5052271465111886        0.6447403730066221       1.3716486150971413E-6
0.5213603017773301        0.6249209300298207       1.3459648115132916E-6
0.5213001344796019        0.6348268767475964       1.3222037540076054E-6
0.5295432834558808        0.5999985672984054       1.3586985423675634E-6
0.5295141605032022        0.6099915663349842       1.3393217195801989E-6
0.529457688166029         0.6199703073305213       1.3185441810546688E-6
0.5376523708171571        0.5850011899121995       1.344172165676729E-6
0.5457514299371412        0.5800010128767651       1.3117978336137768E-6
0.5538492297468768        0.5749998320225059       1.2794846085130862E-6
0.5619468901803161        0.5699988013089264       1.2472715684767405E-6
0.5700444960592798        0.5649979413036967       1.2151997123785956E-6
0.5781419857248907        0.5599972496134052       1.1833061522471395E-6
0.58623933859791          0.5549965134621287       1.1516237423514713E-6
0.5376482936559425        0.5950030285923357       1.327844139735332E-6
0.5943365468951153        0.5499959156994908       1.1201810546499137E-6
0.6024334381346331        0.5350000000000311       1.0943933691514968E-6
0.6024336917462002        0.5449959941848032       1.0890026285878833E-6
0.6105307756600191        0.5299999999999783       1.0626463632115968E-6
0.6186281131853724        0.524999999999982        1.031262137568581E-6
0.626725450710732         0.5199999999999874       1.000254218500897E-6
0.6348227882361069        0.5150000000000142       9.696339092224218E-7
0.642920118586886         0.5099999950663727       9.394105498432864E-7
0.6510174515567329        0.5049999906091054       9.095916354670973E-7
0.6591148613301049        0.49999993984432045      8.801828496079044E-7
0.6672191787638976        0.4949965010414093       8.511645066621728E-7
0.675341629472011         0.48999308884776616      8.22502749645051E-7
0.6834964003712983        0.4849928946387851       7.941566804837493E-7
0.6916838673794595        0.47999257665115297      7.661333230499293E-7
0.6998904206806119        0.47498951293569935      7.384831729112489E-7
0.7080989324685502        0.46998600156927833      7.112635673209427E-7
0.7163174623042191        0.4649826500309832       6.8444861053495E-7
0.7245274316960032        0.45998107949629474      6.580944516951079E-7
0.732710457462992         0.4549836456615193       6.322515489461968E-7
0.7408592678866691        0.44998945126631473      6.069325068496799E-7
0.7489794709244005        0.4449946239599183       5.821107297199329E-7
0.7570828287481008        0.43999760515501163      5.577447201383005E-7
0.7651798820223474        0.43499907308849467      5.337998776477094E-7
0.7732760569329004        0.4299996507523332       5.102575107968701E-7
0.7813722757035482        0.4249999294411458       4.871117150945521E-7
0.7894692244015369        0.41999999990091075      4.6435711282600616E-7
0.7975665618653874        0.4150000000000001       4.419909796040139E-7
0.805663899390772         0.41000000000000014      4.2001057858044615E-7
0.8137612369161563        0.4050000000000001       3.9841213813579887E-7
0.8218585744415409        0.4000000000000001       3.7719191165620405E-7
0.8299559119669252        0.39500000000000024      3.5634620166633575E-7
0.8380532494923099        0.3900000000000001       3.3587138173115824E-7
0.8461505870176945        0.3850000000000002       3.157639165469285E-7
0.8542479245430791        0.3800000000000001       2.9602038043760864E-7
0.8623452620684636        0.3750000000000001       2.7663747445053096E-7
0.8704425995938481        0.37000000000000033      2.576120422254178E-7
0.8785399371192324        0.3650000000000004       2.3894108479266413E-7
0.886637274644617         0.3600000000000004       2.2062177444013058E-7
0.8947346121700015        0.3550000000000004       2.026514677723979E-7
0.902831949695386         0.3500000000000004       1.8502771807240966E-7
0.9109292872207705        0.3450000000000004       1.6774828706255787E-7
0.919026624746155         0.3400000000000004       1.5081115615043638E-7
0.9271239622715394        0.3350000000000004       1.3421453723357251E-7
0.9352212997969239        0.3300000000000004       1.1795688312737045E-7
0.9433186373223084        0.3250000000000004       1.0203689767117329E-7
0.9514159748476929        0.3200000000000004       8.645354555865049E-8
0.9595133123730775        0.3150000000000004       7.120606193062624E-8
0.9676106498984619        0.31000000000000033      5.6293961760851076E-8
0.9757079874238463        0.3050000000000004       4.171704905805442E-8
0.983805324949231         0.3000000000000003       2.7475425900818814E-8
0.9919026624746154        0.2950000000000004       1.3569501315351375E-8
1                         0.29000000000000037      0
0.3099999999999999        0.983805324949231        8.970678746387502E-8
0.3049999999999999        0.9919026624746154       4.4882385016877626E-8
0.2999999999999999        1                        0
0.3149999999999999        0.9757079874238465       1.344590378955225E-7
0.3199999999999999        0.9676106498984619       1.7912074274387497E-7
0.32499999999999984       0.9595133123730776       2.2366921458793682E-7
0.3299999999999999        0.9514159748476931       2.6807741921192236E-7
0.33499999999999985       0.9433186373223086       3.1231394291284315E-7
0.33999971017466274       0.9352217875712115       3.563403348660981E-7
0.34499872570342016       0.9271267320030316       4.0010927537335954E-7
0.34999693254234326       0.9190347659732038       4.435691406561544E-7
0.35499384046079135       0.9109465953595843       4.866676471504772E-7
0.3599913110000581        0.902863061777495        5.293463556892984E-7
0.3649917031172405        0.8947807454419298       5.715659651440623E-7
0.369988433292991         0.8866904849445363       6.133227901767698E-7
0.3749784981225727        0.8786037506092877       6.544923439393873E-7
0.3800549971729264        0.8705792919495374       6.945747050442289E-7
0.38495847315150505       0.862667788178337        7.335047470163077E-7
0.38980564274432705       0.855305352508976        7.686725912958569E-7
0.3961308267202353        0.8426302719242492       8.30552842142943E-7
0.3912662515078827        0.8478371142210622       8.086793934989551E-7
0.4032945205189804        0.8428825241528569       8.177391302160858E-7
0.40802927055794347       0.8358157350608504       8.485518951950738E-7
0.41254540637515813       0.8296382956589499       8.740569701114527E-7
0.41685962181718816       0.8237577086952358       8.975601445669927E-7
0.42099384004888263       0.8164102049060491       9.284859911690867E-7
0.4244805483365294        0.8094354161521581       9.579840982916069E-7
0.4292582565614272        0.802029944562379        9.859562156070531E-7
0.43391344817788025       0.7945779931871948       1.0132934897177434E-6
0.44792375194296263       0.7727597146280873       1.0851467763638109E-6
0.44326797059366085       0.7798550452746357       1.0632900983121055E-6
0.4386055746796137        0.7871281871429906       1.0393203710816443E-6
0.4448147083494917        0.7492268693494097       1.2103135457214802E-6
0.44847634538160697       0.7424037869595976       1.2309512684720102E-6
0.44889476394723227       0.7572242966123578       1.157905239285363E-6
0.4527159171095128        0.7657827487353108       1.1047610504276243E-6
0.455450531289575         0.7303726702701542       1.2626306554906812E-6
0.45565747803614787       0.7390801515613711       1.221476182836747E-6
0.4637657690544775        0.716768243661742        1.292059877154192E-6
0.463490572554781         0.7256593147820518       1.2539554803725857E-6
0.4715572699356286        0.7119692843294728       1.2817946214067116E-6
0.4799189084606459        0.700193233938575        1.2957275996529993E-6
0.4792692001711248        0.7076252874832125       1.2688642458276937E-6
0.48562284186519705       0.6936673383140528       1.2971156753932484E-6
0.4889597501203819        0.6745919601489354       1.3520586633217146E-6
0.487892908163247         0.6839965600671792       1.3232026897824581E-6
0.4944343080456902        0.6891218990621317       1.2768521815985227E-6
0.4971050453399306        0.6597319415061879       1.3645630204368068E-6
0.4970503032920186        0.6697442603729076       1.3322484093433E-6
0.5052591746283897        0.6545968272324296       1.3426325883755131E-6
0.5212557535902431        0.6446087320732378       1.2972940254793623E-6
0.5132992636458641        0.6494941060139031       1.3203873638345463E-6
0.5293600556869529        0.6299135526255193       1.2965483054118761E-6
0.52916227651053          0.6397536262030888       1.2738410420338178E-6
0.5376304732594409        0.6050064142289858       1.3099795462308157E-6
0.5375958837897049        0.6150132960179455       1.2906464334891788E-6
0.5374988245641013        0.6250108353506173       1.2701404947027835E-6
0.5457502345329163        0.5900026640731032       1.296929408992073E-6
0.5538491581979981        0.5849996676410473       1.2660032665737448E-6
0.5619474379904371        0.5799962302982858       1.2350999214270652E-6
0.5700454649182939        0.5749934877059384       1.204260812140922E-6
0.5781432562700802        0.5699911355909895       1.1735266014020386E-6
0.586240584253473         0.5649894818437518       1.142934009033243E-6
0.5943374752179044        0.5599873689544778       1.11251599509028E-6
0.5457460474243626        0.6000083165144705       1.2805013357866847E-6
0.602434229285297         0.5549874783729841       1.0822974739257609E-6
0.6105308772506206        0.5399965031735786       1.0581103352296037E-6
0.6105311477726466        0.5499891981442324       1.0523032832433265E-6
0.6186280126889832        0.53499677634375         1.027524048285459E-6
0.626725036246777         0.5299971489690126       9.97260293632391E-7
0.6348218917394501        0.5249976454379714       9.67333376579771E-7
0.6429192239843329        0.5199985516816713       9.377527512541426E-7
0.6510169758274719        0.5149993705092564       9.085289436459922E-7
0.6591147048806102        0.5099997546140932       8.796719792153861E-7
0.6672187385965834        0.5049962679007033       8.511664132360019E-7
0.6753398134722551        0.4999897532619208       8.229815198307826E-7
0.6834887263527903        0.49498881542248196      7.950889182858016E-7
0.6916698060456378        0.48999220501777546      7.6748411276824E-7
0.6998731325753718        0.4849944218659661       7.402076831344616E-7
0.7080778744929207        0.47999554372690834      7.133306460105777E-7
0.7162943350178171        0.47499589242169776      6.868213236095617E-7
0.7245064925535418        0.46999500450521414      6.607294670056774E-7
0.7326952197455731        0.46499400792537227      6.3510951807154E-7
0.74085013122767          0.45999483150273884      6.099857693238069E-7
0.7489745911326211        0.4549968879028996       5.853403744308733E-7
0.7570800444877116        0.4499986466576975       5.611335481761054E-7
0.7651782179814508        0.4449995255828756       5.373275663974696E-7
0.7732749852474767        0.4399998629896526       5.139030945014079E-7
0.7813721250281304        0.434999930228871        4.908526059221659E-7
0.7894692243557785        0.42999999997459654      4.681744179903498E-7
0.7975665618653874        0.42500000000000004      4.458647938502777E-7
0.805663899390772         0.42000000000000015      4.23921288657704E-7
0.8137612369161563        0.4150000000000002       4.023407602713625E-7
0.8218585744415409        0.4100000000000002       3.8112004422138007E-7
0.8299559119669255        0.40500000000000025      3.6025598068895786E-7
0.8380532494923099        0.40000000000000024      3.3974543921399115E-7
0.8461505870176945        0.39500000000000024      3.1958534141696563E-7
0.8542479245430791        0.3900000000000001       2.997726819613254E-7
0.8623452620684636        0.3850000000000001       2.803045479599753E-7
0.870442599593848         0.3800000000000001       2.6117813700979464E-7
0.8785399371192324        0.3750000000000002       2.4239077401977477E-7
0.886637274644617         0.37000000000000033      2.2393992698162066E-7
0.8947346121700015        0.3650000000000003       2.0582322181617748E-7
0.902831949695386         0.36000000000000043      1.8803845641482572E-7
0.9109292872207705        0.3550000000000004       1.7058361398186438E-7
0.919026624746155         0.3500000000000004       1.5345687577179095E-7
0.9271239622715394        0.3450000000000004       1.3665663330420524E-7
0.9352212997969239        0.3400000000000004       1.2018150012869043E-7
0.9433186373223084        0.3350000000000004       1.040303232023952E-7
0.9514159748476929        0.3300000000000004       8.82021939340504E-8
0.9595133123730775        0.3250000000000004       7.269645893975758E-8
0.9676106498984619        0.32000000000000034      5.751273054797779E-8
0.9757079874238465        0.3150000000000004       4.265089708368644E-8
0.983805324949231         0.3100000000000004       2.8111132954570793E-8
0.9919026624746154        0.3050000000000004       1.3893908555375956E-8
1                         0.3000000000000004       0
0.3199999999999999        0.983805324949231        8.93650359187645E-8
0.3149999999999999        0.9919026624746154       4.475233271720576E-8
0.3099999999999999        1                        0
0.32499999999999984       0.9757079874238465       1.3382436672278306E-7
0.32999999999999985       0.9676106498984619       1.7811237727611804E-7
0.33499999999999985       0.9595133123730775       2.222068888583609E-7
0.33999999999999986       0.9514159748476931       2.6608148253348484E-7
0.34499999999999986       0.9433186373223086       3.0970550972695163E-7
0.3499996212213361        0.9352217246890935       3.5304190131191073E-7
0.354998375640208         0.9271264963529933       3.9604497151192964E-7
0.3599960535119857        0.9190338688363047       4.386669164848379E-7
0.3649927305667751        0.910944242993636        4.808588299159184E-7
0.3699906270557199        0.9028577376480001       5.225681474441651E-7
0.3749873966872488        0.8947697970248041       5.637676443503706E-7
0.3799777454061946        0.8866837961484244       6.043864222598297E-7
0.38492739257661934       0.8786195214469777       6.442924557463727E-7
0.3900042818084542        0.8704720989932977       6.838228356780574E-7
0.39523291690601303       0.8617440837092448       7.255697165198255E-7
0.39981340401260645       0.8518345438010597       7.738288985317287E-7
0.40802511223372184       0.8478712877249326       7.830381584395346E-7
0.4113466859542541        0.8418133914275168       8.103889459236172E-7
0.416334923979375         0.8361681672193091       8.321075390589614E-7
0.4205443555430526        0.8305036424488771       8.54557746644282E-7
0.42496100230961664       0.8238826289937554       8.809203379530173E-7
0.42929839102190936       0.8168578001876462       9.086824307122941E-7
0.4337130101693469        0.8096636303975829       9.36215476400175E-7
0.43831273910568186       0.802313569275121        9.630930319155697E-7
0.44289765235783574       0.794918886553753        9.891108368792919E-7
0.45644782961871855       0.7738345318197472       1.0553911939639955E-6
0.45192155104566034       0.7805567339436711       1.035949585703047E-6
0.44743598083222796       0.7876100489477358       1.0136642239872104E-6
0.45450552813599754       0.7488548822569198       1.1796084267170343E-6
0.4578223877271846        0.7587616079915015       1.1222936985821372E-6
0.4612392232617435        0.7674957891024604       1.0711287756136825E-6
0.46350823959736726       0.7345659052470119       1.214174016755582E-6
0.4636993695365459        0.7435541168261603       1.1730430091844976E-6
0.47140173216305314       0.7209625234135103       1.244450383785441E-6
0.4713144903403431        0.7298851931971473       1.2065795437449871E-6
0.47916640740610034       0.7163116901597042       1.2341652861764669E-6
0.4866112739225757        0.7029517326813163       1.2577631814559197E-6
0.486780092574286         0.7116416792997803       1.2234829704121212E-6
0.4939734731713535        0.6981145126454829       1.2462288387039107E-6
0.4975116077590054        0.6799877177086293       1.295709378903865E-6
0.5018867601099417        0.6873013043841836       1.25217107492803E-6
0.5012206732544539        0.6938992353074146       1.232041268007761E-6
0.5052238064676028        0.664222925136613        1.313372676765001E-6
0.5054254338436043        0.6735021744979298       1.2830677775650971E-6
0.5134196386308261        0.659035734253631        1.2924592001025477E-6
0.5289895412476763        0.649425524015088        1.2501196837355713E-6
0.5213650042969475        0.6541076610960793       1.2711979880498414E-6
0.5372455541280059        0.634924435028413        1.2491032456934373E-6
0.5368128495719823        0.6445592667222353       1.228159847120044E-6
0.5457351707275526        0.6100237106157733       1.262573654724738E-6
0.5457105242377209        0.6200675711757907       1.243194416884685E-6
0.5455208751509306        0.6301167630762253       1.2231263245766553E-6
0.553849177976061         0.5950010232210364       1.2509873261121604E-6
0.5619491645705369        0.5899910291529207       1.2214319887088904E-6
0.570047731544185         0.5849839366078403       1.1918664701556958E-6
0.578146139946652         0.5799776801131753       1.1623318276976714E-6
0.5862435716016743        0.5749737081291296       1.1328693217786172E-6
0.5943395718088992        0.5699702137618895       1.1035181781886118E-6
0.6024352474346569        0.5649707304550672       1.0743019130002536E-6
0.5538500371210247        0.6050081244597352       1.2344758596788175E-6
0.6105317017650701        0.5599731803174511       1.0452466943916627E-6
0.6186279103307561        0.5449896295780731       1.0225588249025544E-6
0.6186275838708541        0.5549718735983445       1.016387257033473E-6
0.6267243287389527        0.5399905158874584       9.930829256124763E-7
0.6348199405238241        0.5349917906001311       9.63894202811588E-7
0.6429168949182781        0.5299948657686898       9.349985353111098E-7
0.6510156323438926        0.5249979130511773       9.064079452421249E-7
0.6591143798147255        0.5199994475279301       8.781401229180351E-7
0.6672192192548004        0.5149961778438524       8.501828130008255E-7
0.6753411266260261        0.509987894588877        8.225062753913591E-7
0.6834880797487838        0.5049835675430041       7.950923487181843E-7
0.6916639638226347        0.49998846282997017      7.679390253898073E-7
0.6998628293920525        0.4949950965528407       7.410760642929625E-7
0.7080647193575847        0.48999934765873704      7.145735233493056E-7
0.7162793101292886        0.48500347209610845      6.884034918772421E-7
0.7244905830010467        0.4800032421875224       6.626169841581418E-7
0.732683163894288         0.4750013172177347       6.372589875879085E-7
0.7408431236184064        0.46999916945034803      6.123661148937994E-7
0.7489713485855933        0.4649987164150365       5.879295168491619E-7
0.7570786955430541        0.4599993603574736       5.639122270088394E-7
0.7651772117639382        0.4549999999998568       5.402761974883448E-7
0.7732745492895637        0.44999999999946877      5.169976853877677E-7
0.7813719759084179        0.4449999697619469       4.940714669263074E-7
0.7894692243438793        0.43999999999375816      4.714961989324584E-7
0.7975665618653873        0.43500000000000005      4.492689030516043E-7
0.805663899390772         0.43000000000000016      4.273874345473906E-7
0.8137612369161563        0.4250000000000002       4.0584930285204056E-7
0.8218585744415409        0.42000000000000026      3.8465194704494713E-7
0.8299559119669253        0.41500000000000026      3.637927656833741E-7
0.8380532494923099        0.4100000000000002       3.432691442299455E-7
0.8461505870176944        0.40500000000000025      3.2307848033637494E-7
0.8542479245430789        0.40000000000000024      3.0321820721686917E-7
0.8623452620684634        0.39500000000000024      2.836858153226616E-7
0.870442599593848         0.3900000000000001       2.644788725094858E-7
0.8785399371192324        0.3850000000000002       2.4559504287170854E-7
0.886637274644617         0.3800000000000002       2.2703210440012653E-7
0.8947346121700015        0.3750000000000003       2.087879656049836E-7
0.902831949695386         0.37000000000000033      1.9086068123149147E-7
0.9109292872207704        0.3650000000000004       1.7324846718192035E-7
0.919026624746155         0.36000000000000043      1.5594971474609665E-7
0.9271239622715396        0.3550000000000004       1.3896300423079137E-7
0.9352212997969239        0.3500000000000004       1.2228711806792592E-7
0.9433186373223084        0.3450000000000004       1.0592105347170437E-7
0.9514159748476929        0.3400000000000004       8.986403470558152E-8
0.9595133123730775        0.3350000000000004       7.41155250113493E-8
0.9676106498984619        0.3300000000000004       5.867523824451018E-8
0.9757079874238465        0.3250000000000004       4.354315025240562E-8
0.983805324949231         0.3200000000000004       2.871951002425103E-8
0.9919026624746154        0.3150000000000004       1.4204850635222996E-8
1                         0.3100000000000004       0
0.32999999999999985       0.983805324949231        8.887433315795298E-8
0.32499999999999984       0.9919026624746154       4.4545255742560577E-8
0.3199999999999999        1                        0
0.33499999999999985       0.9757079874238465       1.3297397565758553E-7
0.33999999999999986       0.9676106498984619       1.7682677255638062E-7
0.34499999999999986       0.9595133123730775       2.204111731473104E-7
0.34999999999999987       0.9514159748476929       2.6370151680693785E-7
0.3549999999999999        0.9433186373223084       3.0666808236144967E-7
0.35999965886052543       0.9352215853387188       3.4927572973659264E-7
0.36499854988442815       0.9271258358693002       3.914815696976014E-7
0.3699966214169124        0.9190321534823825       4.3324029319780955E-7
0.37499438840262567       0.9109412996978034       4.7450270052713197E-7
0.37999187551405367       0.9028522521827663       5.152261851754238E-7
0.3849838330610872        0.8947602837972137       5.553897938138863E-7
0.389945806067528         0.8866628219150096       5.949789348704106E-7
0.3948726138740287        0.8785223525372756       6.34156492211294E-7
0.3997077929721126        0.8702123130659987       6.73628373988289E-7
0.40418916634997043       0.8618834880068788       7.128983037557975E-7
0.40955832105900564       0.8550358194689104       7.421595533458728E-7
0.41554778407533216       0.8483615178585976       7.685916556977198E-7
0.41819602571814335       0.8417895847756351       7.99046321728718E-7
0.4236766902699902        0.8379459443618623       8.097769255078657E-7
0.4286192915553646        0.8313551986072429       8.349923526678956E-7
0.4334381125955243        0.8243962400298654       8.613889279120914E-7
0.438105332121701         0.817246587617651        8.880718609497614E-7
0.44272217554928545       0.8099718908203832       9.144679038313668E-7
0.46455473111438217       0.7751613206167439       1.0260985097013145E-6
0.44731443193973774       0.8026355128806337       9.401585410815971E-7
0.451776824374271         0.7952443639157902       9.653294599153393E-7
0.4603267074002505        0.7812988851219411       1.009377542019964E-6
0.45611446863780486       0.7880708946836676       9.886680664437654E-7
0.4643910012624734        0.7526221345264068       1.1296563984273E-6
0.46682059564427514       0.7616362154364813       1.0811348479379566E-6
0.46907282353805646       0.7698096516859945       1.0374860666804136E-6
0.47168784776654593       0.7387322165903243       1.1669599544152736E-6
0.47222299921999783       0.747752034511829        1.1257887621408571E-6
0.4791599293917745        0.7252087073905681       1.197667725490102E-6
0.4793181788890047        0.7341614819035928       1.1598553400422323E-6
0.48688237623041475       0.7204804613334713       1.1883279817639408E-6
0.4942453496420784        0.706840348206072        1.212882215200838E-6
0.4945085826845894        0.7156417702798737       1.1787354848586716E-6
0.501707879207224         0.7022076633931668       1.2007321252731384E-6
0.5069278632376568        0.6816790666249073       1.2500548546494988E-6
0.5083708381543768        0.6901554800058372       1.2159888594018056E-6
0.509010901892878         0.6978062635446983       1.1875760668189117E-6
0.5137589005672122        0.6681987593596213       1.2636430785470368E-6
0.5144664322374702        0.6769192142502508       1.2337967412843135E-6
0.5217481295006576        0.6633302430501609       1.2436171916759516E-6
0.5366318854809036        0.6536845790152881       1.2061799718775675E-6
0.5294769268212645        0.6587500367280876       1.22330342176678E-6
0.5450972336179958        0.6401690141522632       1.2026810749371512E-6
0.5437374001784727        0.6494593466597829       1.1866411055685015E-6
0.5427432153529983        0.6563025095702464       1.17395514917339E-6
0.5538558384407972        0.6150266759882598       1.2164918780322903E-6
0.553789667253049         0.625071049904407        1.197395198628551E-6
0.5536779071620074        0.6353181957321145       1.1767252603735992E-6
0.561954208678492         0.5999815865478042       1.2063070301111535E-6
0.5700530436541436        0.5949656045900796       1.1780565387482758E-6
0.5781518678320711        0.5899527862929188       1.1497603656783951E-6
0.5862494118013019        0.5849446657874958       1.1214650525324058E-6
0.6105316876012723        0.5699439748425302       1.0369713251569131E-6
0.5943440957688851        0.5799395327155925       1.093218187557497E-6
0.6024369887998302        0.574940099772471        1.0650470778105669E-6
0.561967590150306         0.6099667662954057       1.189756092098086E-6
0.6186274064450502        0.5649418137040441       1.0090301628426717E-6
0.6267226208503429        0.549973439908284        9.877415637844042E-7
0.6267223593288741        0.5599475454705186       9.812436367193975E-7
0.634816185744751         0.5449771376814346       9.593322656634992E-7
0.6429113052557168        0.5399851793467065       9.311642001733901E-7
0.6510110289721996        0.5349943821195465       9.032434551855004E-7
0.6591141122265903        0.5299996353973078       8.755900981644643E-7
0.6672219869318741        0.5249952151761925       8.48211503521242E-7
0.6753461189400229        0.5199862055405063       8.210761001596137E-7
0.6834936177665166        0.5149790073162099       7.941698624359448E-7
0.6916665039026281        0.5099835034172304       7.67497110506324E-7
0.6998606536124825        0.5049938021366631       7.410835520265393E-7
0.7080591392013559        0.5000013740228079       7.149917469734433E-7
0.7162713324114328        0.4950068850075975       6.891961764577292E-7
0.7244822890906235        0.490008908855563        6.637465729040582E-7
0.7326748032106282        0.48500600719879206      6.386946832347348E-7
0.74083800460409          0.4800026086655927       6.140697381369409E-7
0.7489690736949539        0.4750002679849268       5.898751801064201E-7
0.757078021591727         0.46999980009092723      5.660777220591898E-7
0.7651772449647538        0.4649999685390451       5.426392085590063E-7
0.773274549289381         0.4599999999997629       5.195362677777261E-7
0.7813718868149095        0.4549999999995312       4.96762498546212E-7
0.789469224340923         0.44999999999851875      4.7431675975303444E-7
0.7975665618653873        0.4450000000000002       4.521975780206312E-7
0.805663899390772         0.4400000000000002       4.304032874232915E-7
0.8137612369161563        0.43500000000000016      4.089320679886334E-7
0.8218585744415409        0.43000000000000016      3.877819810954706E-7
0.8299559119669253        0.4250000000000002       3.669510020460226E-7
0.8380532494923099        0.42000000000000015      3.4643705009779945E-7
0.8461505870176944        0.4150000000000002       3.262380162134203E-7
0.8542479245430789        0.4100000000000003       3.063517887659356E-7
0.8623452620684633        0.40500000000000025      2.867762774164188E-7
0.870442599593848         0.40000000000000024      2.6750943536155057E-7
0.8785399371192324        0.39500000000000024      2.4854928013123126E-7
0.886637274644617         0.3900000000000002       2.298939130998261E-7
0.8947346121700015        0.38500000000000023      2.115415378594399E-7
0.902831949695386         0.3800000000000002       1.9349047758944068E-7
0.9109292872207704        0.37500000000000033      1.7573919154332742E-7
0.9190266247461548        0.37000000000000033      1.5828629076180368E-7
0.9271239622715394        0.3650000000000004       1.411305531095457E-7
0.935221299796924         0.3600000000000004       1.2427093772252508E-7
0.9433186373223086        0.3550000000000004       1.077065989428413E-7
0.9514159748476929        0.3500000000000004       9.143689980869866E-8
0.9595133123730775        0.3450000000000004       7.54614251584228E-8
0.9676106498984619        0.3400000000000004       5.977999439914023E-8
0.9757079874238465        0.3350000000000004       4.4392673982896996E-8
0.983805324949231         0.3300000000000004       2.92997896255199E-8
0.9919026624746154        0.3250000000000004       1.4501938296342525E-8
1                         0.3200000000000004       0
0.33999999999999986       0.983805324949231        8.824493343280063E-8
0.3349999999999999        0.9919026624746154       4.4266265449571825E-8
0.32999999999999985       1                        0
0.34499999999999986       0.9757079874238465       1.3192328382621664E-7
0.34999999999999987       0.9676106498984619       1.7528452125010798E-7
0.35499999999999987       0.9595133123730775       2.1830782504756638E-7
0.35999999999999993       0.9514159748476931       2.6096841454592656E-7
0.365                     0.9433186373223086       3.03237632628588E-7
0.3699998020851168        0.9352214362688946       3.450823989598037E-7
0.37499921965843974       0.927125129780456        3.864626954492472E-7
0.37999848765827915       0.9190307870159771       4.273331813357239E-7
0.384997441677571         0.9109393468519492       4.676461770744574E-7
0.3899969140444035        0.9028491838915795       5.073640352149342E-7
0.394996143883307         0.8947534405715175       5.464753655365202E-7
0.3999401849692481        0.8866523445340412       5.849839887154933E-7
0.4047923107234113        0.8785480408852544       6.22885844186883E-7
0.40952317665935095       0.8705047102029075       6.598564178485874E-7
0.4140945174599309        0.862883760706764        6.940405376409758E-7
0.4196901563847417        0.8551702056008047       7.263995629361801E-7
0.4245222610102656        0.8466259915619871       7.632203378623848E-7
0.43181833033944844       0.8393363388489221       7.882402148476585E-7
0.4372772582745559        0.8320663969601747       8.150693331336014E-7
0.44228061671881286       0.8248520199829826       8.413888254193576E-7
0.44706410186031015       0.8175832913015024       8.673711596345386E-7
0.4517310627882414        0.8102531222306456       8.928487036207628E-7
0.47194771079189063       0.7766780372984854       9.984446186063336E-7
0.4682940920756332        0.7818510286718354       9.851601515464028E-7
0.45628918936814217       0.8028417082219507       9.178897134726779E-7
0.4605926931389579        0.7954225256340793       9.42498000505506E-7
0.4646242824531298        0.7883417589679901       9.651755153583988E-7
0.4735541310411253        0.7564226401907185       1.0834944486303493E-6
0.4749062300966067        0.764782511536507        1.0426493391625851E-6
0.47589693604466315       0.7719059521485057       1.0084508761406639E-6
0.47972088478703695       0.7431130554607628       1.1208368138803626E-6
0.48036707814817015       0.751991761177249        1.0810950796430195E-6
0.4870126321594326        0.7294505122710718       1.1520376513034426E-6
0.48723544360462195       0.7384776774402416       1.1147485611629174E-6
0.49469206277156064       0.724634587349517        1.1436389332952137E-6
0.5021160791174737        0.7106843532691557       1.168645930400327E-6
0.5024515275601321        0.7196263480192666       1.1346501092408876E-6
0.5096821349710658        0.7059001860243311       1.1571379690641599E-6
0.5154445247821307        0.6852836125631717       1.203367926052244E-6
0.5163003695685217        0.693347744201903        1.1739502959810853E-6
0.5170300959762021        0.7011987494547801       1.1453255293927662E-6
0.5222886317009459        0.6721270476879709       1.2157440418829245E-6
0.5229366444589679        0.6806612788647636       1.1875237662807525E-6
0.5302145014247104        0.6675219243529193       1.1960926722707051E-6
0.5384177924346174        0.6622779544544125       1.1764634280655563E-6
0.5456152495414737        0.6607943214661726       1.1509016381866548E-6
0.5493137458177034        0.6552963487616236       1.1494496241992304E-6
0.5535457014090662        0.6465605651078629       1.1525552233142588E-6
0.5619998062646863        0.6199524861682588       1.171779222732541E-6
0.5619688383515485        0.6299410147858581       1.152775621668729E-6
0.5621344422686795        0.6400407070082684       1.1314910099879079E-6
0.5700650193698865        0.6049326615300268       1.162872274059851E-6
0.5781625055762106        0.5999124002903579       1.1358531224976596E-6
0.6186258128660345        0.5749068967397092       1.0005113610749023E-6
0.5862600194381348        0.59489703864543         1.1087602860993631E-6
0.5943524760722095        0.589891428160214        1.081650739344775E-6
0.610530874162227         0.5799082255138126       1.027499323517827E-6
0.602440543303107         0.5848897147648244       1.0545669676461533E-6
0.5700898646316965        0.614875247276353        1.146358174255425E-6
0.6267244859345654        0.5698945755763422       9.736211202628915E-7
0.6348124686428314        0.5549494175801067       9.536581551561896E-7
0.6348072035686969        0.5648937857862257       9.469079017311352E-7
0.6429014635264161        0.5499622265311276       9.262690426627596E-7
0.6509995912379801        0.5449859191780203       8.990582852184272E-7
0.6591076130984487        0.5400016368397569       8.720499228189924E-7
0.6672269393792143        0.5349952129131509       8.452572893080937E-7
0.6753579469077872        0.529981537123802        8.186844812880389E-7
0.6835071096283443        0.524972254390974        7.923182094591108E-7
0.6916784014136956        0.5199765719734729       7.661566639433174E-7
0.6998665793580615        0.5149915789816258       7.402305630083357E-7
0.7080602810801043        0.5100041412279496       7.145872686748894E-7
0.7162710810827176        0.5050119374486098       6.891962312608859E-7
0.724479903680499         0.5000133792350465       6.641215065643501E-7
0.7326708300578214        0.4950093523988155       6.394121571653198E-7
0.7408348195609248        0.49000492270008966      6.150932764528756E-7
0.7489676309404613        0.4850015261759628       5.911740518799838E-7
0.7570776086558174        0.4800001336100272       5.676271956066698E-7
0.7651772253243966        0.4749999860257197       5.444154153979538E-7
0.7732745492892894        0.4699999999999105       5.215154934564327E-7
0.7813718868147391        0.46499999999980557      4.989208817842078E-7
0.789469224340215         0.4599999999996585       4.7663122866442975E-7
0.7975665618653873        0.4550000000000001       4.546458517129251E-7
0.805663899390772         0.4500000000000001       4.3296382228396793E-7
0.8137612369161563        0.4450000000000002       4.115840067973791E-7
0.8218585744415409        0.4400000000000001       3.9050510482154006E-7
0.8299559119669253        0.43500000000000016      3.6972568422441633E-7
0.8380532494923099        0.43000000000000016      3.492442136663972E-7
0.8461505870176944        0.4250000000000001       3.290590926944442E-7
0.8542479245430789        0.42000000000000026      3.0916867967627024E-7
0.8623452620684633        0.4150000000000002       2.8957131779403804E-7
0.870442599593848         0.4100000000000003       2.702653592989565E-7
0.8785399371192324        0.40500000000000025      2.512491882111962E-7
0.886637274644617         0.40000000000000024      2.3252124163364327E-7
0.8947346121700015        0.39500000000000024      2.140800298332174E-7
0.902831949695386         0.39000000000000024      1.9592415522962818E-7
0.9109292872207704        0.38500000000000023      1.7805233041853416E-7
0.9190266247461548        0.3800000000000002       1.604633953440029E-7
0.9271239622715394        0.3750000000000004       1.43156333723903E-7
0.9352212997969239        0.37000000000000033      1.2613028882128584E-7
0.9433186373223086        0.36500000000000027      1.0938457864492322E-7
0.9514159748476931        0.3600000000000003       9.291871065285123E-8
0.9595133123730775        0.3550000000000004       7.673239602397082E-8
0.9676106498984619        0.3500000000000004       6.082556355445041E-8
0.9757079874238465        0.3450000000000004       4.5198373227746674E-8
0.983805324949231         0.3400000000000004       2.985122949949393E-8
0.9919026624746154        0.3350000000000004       1.4784794331243631E-8
1                         0.3300000000000004       0
0.34999999999999987       0.983805324949231        8.74870346781693E-8
0.3449999999999999        0.9919026624746154       4.392046684085456E-8
0.33999999999999986       1                        0
0.35499999999999987       0.9757079874238465       1.3068756069182025E-7
0.35999999999999993       0.9676106498984619       1.7350592986311114E-7
0.3649999999999999        0.9595133123730775       2.159221366962907E-7
0.36999999999999994       0.9514159748476931       2.579123812878227E-7
0.37499999999999994       0.9433186373223086       2.994491825357004E-7
0.3799999337529436        0.9352213412380449       3.405013217026458E-7
0.38499990075645146       0.9271247627945525       3.810307422116402E-7
0.39000040872418934       0.9190305923160293       4.209905328866453E-7
0.39500141105885445       0.9109408551577252       4.603293432171004E-7
0.4000046593252576        0.9028559769307143       4.990001416418463E-7
0.4050071409873045        0.8947778083077941       5.369498441345355E-7
0.4099224054351937        0.8867090169147342       5.742096686794614E-7
0.4147592463637561        0.8786949591244116       6.105143934183203E-7
0.41959602608692403       0.8708056994281366       6.45382877329291E-7
0.4246278876105159        0.8629989758925634       6.787192268369287E-7
0.42979016709339984       0.8551151681160061       7.113246960758194E-7
0.4350648279079362        0.8474643949229934       7.415606693227904E-7
0.44108191296155846       0.8398838942908943       7.690635315976777E-7
0.44639252641194177       0.8325115839410985       7.956090353628935E-7
0.4513520358600383        0.825190818805416        8.214892697544468E-7
0.456119177347667         0.8178336298742565       8.468810338553758E-7
0.46076405637138484       0.810403028808202        8.718247127423444E-7
0.47716328513395906       0.7768773132177944       9.830519576388346E-7
0.47566657357125963       0.7816404086749156       9.66168092753937E-7
0.47295675556141825       0.7881625601040385       9.44316468593104E-7
0.46528818145784073       0.8028033847236903       8.967508487902962E-7
0.4694609779047147        0.7952446595923784       9.212494457465997E-7
0.4811641523014341        0.7606698162514243       1.04162683745705E-6
0.4817282038759104        0.7688424340635476       1.0049687388193038E-6
0.48057597340672314       0.7744410234322794       9.841408651758234E-7
0.48761011819842315       0.7474759622771048       1.076717059364605E-6
0.48799225592274476       0.7564706516920219       1.0384108368535325E-6
0.49483275627032247       0.7337457530957439       1.1077421012963793E-6
0.49509303121440656       0.7428327557830969       1.0710995856287994E-6
0.5025381835326798        0.7288630079170947       1.0999341300057344E-6
0.5103044226207076        0.7142851241025672       1.1254805629725605E-6
0.5105520635034027        0.723653636982736        1.0912337798494127E-6
0.517923813034449         0.7092171653953151       1.1151793956220077E-6
0.5236479192000553        0.68889150742553         1.15941722254708E-6
0.5242914340654474        0.6967339561234918       1.1323215880626884E-6
0.5249649047678966        0.7041580591601373       1.1060649358464888E-6
0.53060308150044          0.676119198832689        1.1701089347544084E-6
0.5311504718527386        0.6845731814393575       1.1432515325487828E-6
0.5382916086498652        0.6715819162354751       1.1520394144081055E-6
0.545445255789937         0.6674240574504199       1.1346141226130605E-6
0.552156238312112         0.6626707370941599       1.1200333792637073E-6
0.5577899154723893        0.6561274385917124       1.1133828728962912E-6
0.5630599924234099        0.6494996357693024       1.107422644435586E-6
0.5701540656733726        0.6247643800173996       1.1285194633302912E-6
0.5700571414874965        0.6344992698846993       1.11044690023781E-6
0.5700747227582303        0.6440073918879801       1.091257700026665E-6
0.5781781985626709        0.6098529888474156       1.120663888544292E-6
0.6266539051435609        0.5796732482670989       9.653189006212439E-7
0.5862802561216832        0.6048292248714181       1.0947827364310025E-6
0.6185786143854934        0.5847176775737509       9.911786618880746E-7
0.5943663774183975        0.5998230510864213       1.0688533939913967E-6
0.6024434082514062        0.5948011902181707       1.0429311630189884E-6
0.610495143865505         0.5897452153012827       1.0171284721591119E-6
0.5781879153722668        0.6197514304961811       1.1043299116561589E-6
0.634726516134651         0.5746953167222675       9.394789415828395E-7
0.6428914329746096        0.5599064982811796       9.203272886213775E-7
0.6428936385097022        0.5697977073388207       9.133342875669131E-7
0.6509750786718859        0.5549641024027299       8.938913641838266E-7
0.6590901739997586        0.5500065769760496       8.675434667567379E-7
0.6672295002975392        0.5450045544993504       8.413393105938604E-7
0.6753784817749837        0.5399760274294344       8.15330968011517E-7
0.6835342049191068        0.5349560433431206       7.895259001168993E-7
0.6917039254106514        0.529961595998608        7.639090160515709E-7
0.6998877896713106        0.524984931270559        7.384969537761737E-7
0.7080609439278029        0.520009669236593        7.133832052801647E-7
0.7162789946535909        0.5150242962590091       6.884012662057948E-7
0.7244821265677674        0.5100198314722882       6.63744948147488E-7
0.7326708479560523        0.5050131801625394       6.394113081373834E-7
0.7408334771662779        0.5000065702309443       6.154351773456768E-7
0.7489668637087458        0.49500236520033947      5.918241237240355E-7
0.7570773983289003        0.49000038059538026      5.6855791868292E-7
0.7651772158927593        0.4849999954134817       5.456013660462329E-7
0.7732745492892518        0.47999999999997134      5.229317929986698E-7
0.7813718868146561        0.47499999999993947      5.005430395764453E-7
0.7894692243400506        0.46999999999992337      4.784355836681659E-7
0.7975665618653873        0.46500000000000014      4.5660954470520326E-7
0.805663899390772         0.4600000000000002       4.3506474307733403E-7
0.8137612369161563        0.4550000000000001       4.138007440071286E-7
0.8218585744415409        0.4500000000000001       3.928168981059794E-7
0.8299559119669253        0.4450000000000002       3.721123789067915E-7
0.8380532494923099        0.4400000000000001       3.5168621764836993E-7
0.8461505870176944        0.43500000000000016      3.315373355673885E-7
0.8542479245430789        0.43000000000000016      3.116645739352507E-7
0.8623452620684634        0.4250000000000002       2.920667220594724E-7
0.870442599593848         0.42000000000000026      2.727425434523185E-7
0.8785399371192324        0.4150000000000002       2.536908003534297E-7
0.886637274644617         0.4100000000000003       2.3491027677808732E-7
0.8947346121700015        0.40500000000000025      2.1639980024857124E-7
0.902831949695386         0.40000000000000024      1.9815826235272378E-7
0.9109292872207704        0.39500000000000024      1.8018463826132335E-7
0.919026624746155         0.39000000000000024      1.6247800532410959E-7
0.9271239622715394        0.38500000000000023      1.450375608532831E-7
0.9352212997969239        0.3800000000000002       1.2786263919289926E-7
0.9433186373223086        0.3750000000000003       1.1095272816283884E-7
0.9514159748476931        0.3700000000000003       9.43074849567884E-8
0.9595133123730775        0.3650000000000003       7.792675156494892E-8
0.9676106498984619        0.3600000000000004       6.181056978389949E-8
0.9757079874238465        0.3550000000000004       4.595919586813832E-8
0.983805324949231         0.3500000000000004       3.03731148702371E-8
0.9919026624746154        0.3450000000000004       1.5053054709257655E-8
1                         0.3400000000000004       0
0.3599999999999999        0.983805324949231        8.661070352110485E-8
0.3549999999999999        0.9919026624746154       4.351291890513057E-8
0.34999999999999987       1                        0
0.3649999999999999        0.9757079874238465       1.2928182020318533E-7
0.36999999999999994       0.9676106498984619       1.715108867176809E-7
0.3749999999999999        0.9595133123730775       2.1327878154302585E-7
0.3799999999999999        0.9514159748476931       2.54562766443853E-7
0.3849999999999999        0.9433186373223086       2.9533662485983826E-7
0.3899999902979176        0.9352213058305145       3.355707917744313E-7
0.3950001941945487        0.9271247949552873       3.752281931125037E-7
0.40000125991330826       0.9190317357439985       4.1425903450473475E-7
0.4050033710662741        0.9109459899166392       4.52604763887852E-7
0.41000678978425165       0.902871959510553        4.902018311185485E-7
0.41499444832850724       0.8948138569369966       5.270031849518685E-7
0.41990302743710367       0.8867847886307881       5.629736781118584E-7
0.4248065500291726        0.8788218667684058       5.978187034795313E-7
0.42975841788207336       0.8709367892363316       6.313715978567523E-7
0.4348356732869331        0.8630912391756748       6.636594811550672E-7
0.4399995102202985        0.8553423163974649       6.943766519278656E-7
0.44528506934951506       0.8477055087373114       7.233282076756686E-7
0.45064824814822396       0.8402080590159402       7.50396107933755E-7
0.4556977766190377        0.8328123137694401       7.764651911586391E-7
0.46053288591821073       0.825441638447472        8.017853874321615E-7
0.46523969145397204       0.8180023689568324       8.266499849627489E-7
0.46986075852831893       0.8104423186151386       8.51197419427175E-7
0.4817922847310912        0.7796974362526571       9.580689566328683E-7
0.4808129145665084        0.7868439658381872       9.297042918831023E-7
0.478313349067711         0.794508938475611        9.025260614945291E-7
0.47447766040422934       0.8025203403251123       8.762837973703193E-7
0.4879921655045476        0.7657589738018367       9.99783575584397E-7
0.4873336493863802        0.7744901391323287       9.650336040569772E-7
0.49535887927109995       0.7518975269690374       1.0341736606542346E-6
0.4955166452026532        0.7609957323240049       9.971346018633294E-7
0.5026760397302296        0.7381178532500203       1.0644557837914559E-6
0.5029082803364681        0.7472414041086738       1.0287343930591904E-6
0.5104540596365014        0.7332727609798114       1.0566908410801622E-6
0.5195715531776671        0.7182644669425491       1.0785703170751608E-6
0.5182243630977641        0.7285069723999305       1.0477296012599454E-6
0.5259897666931546        0.7114964066875265       1.0785252412658977E-6
0.5317593690856036        0.692736430861509        1.116473879348786E-6
0.532016801005609         0.6999353958517782       1.0934948844634457E-6
0.5329303726218717        0.7071449405045691       1.0677470124007288E-6
0.538733817181892         0.680241990048264        1.1262821221439599E-6
0.5392160731896983        0.6887719496449854       1.1001070401475466E-6
0.5463352035675946        0.6759063722741459       1.1087759002182418E-6
0.5543466099531982        0.6708156073607827       1.0911749060884472E-6
0.564992345621405         0.6561856597131397       1.0849364178210405E-6
0.5623910666158729        0.663961225192311        1.0770519968643458E-6
0.570749728778283         0.6522134780478605       1.0713241945884079E-6
0.5778573911565034        0.6386899931650025       1.0711845354298323E-6
0.5781093317242647        0.6295046907519136       1.0874287738685296E-6
0.5778823237266372        0.6476191479085753       1.0534111893386755E-6
0.5863109267386074        0.6147530021491024       1.0795600445509643E-6
0.6346208154606349        0.5842876980709023       9.313037454657281E-7
0.6266105710853166        0.5894247846951212       9.558837650757515E-7
0.5944075767805351        0.6097198577232036       1.0548052335117524E-6
0.6185173300501854        0.5945582306264396       9.807729516500453E-7
0.6024671763130076        0.6046284038261249       1.0301626266447901E-6
0.6104578299804619        0.5995829782341234       1.005637648848653E-6
0.5863271655065251        0.6246761879493169       1.0632250099289135E-6
0.6425455182353627        0.5793012002312095       9.069213025263478E-7
0.6424269110947465        0.5884128245550189       8.991108749516074E-7
0.6509573313572031        0.564869133453579        8.877280118275943E-7
0.6509435593204888        0.5745782147363133       8.807110287991084E-7
0.6590588328913143        0.5600053054323668       8.620959295217994E-7
0.6672099209249274        0.5550500508583762       8.365179061320755E-7
0.675401326762086         0.5499887527342185       8.1103689439454E-7
0.6835803608117909        0.5449236860905452       7.857870649078242E-7
0.6917495557846545        0.5399233434451861       7.607459330194633E-7
0.6999287928693945        0.5349626431894027       7.358769188814534E-7
0.7081033779998395        0.530011166063836        7.112502745320176E-7
0.7163166498177174        0.5250648825732094       6.867408186929808E-7
0.7244937995762234        0.5200348194305119       6.626016407955586E-7
0.7326739601412814        0.5150192515094459       6.386945149598753E-7
0.7408337877816886        0.5100086903835189       6.150953667922457E-7
0.7489665401163088        0.5050028786776872       5.918248812289918E-7
0.7570773276405406        0.5000005317482552       5.688683305587554E-7
0.7651772128737067        0.4949999986826905       5.461948847221599E-7
0.7732745492892391        0.48999999999999155      5.237826023966254E-7
0.7813718868146289        0.48499999999998356      5.016260883680779E-7
0.7894692243400133        0.47999999999998333      4.797266739262419E-7
0.7975665618653873        0.4750000000000001       4.58085286849096E-7
0.805663899390772         0.4700000000000002       4.367025044141121E-7
0.8137612369161563        0.46500000000000014      4.155785995343963E-7
0.8218585744415409        0.4600000000000002       3.947135835333594E-7
0.8299559119669255        0.4550000000000001       3.7410724583901135E-7
0.8380532494923099        0.45000000000000023      3.5375919086599456E-7
0.8461505870176944        0.4450000000000002       3.3366887233564383E-7
0.8542479245430789        0.4400000000000002       3.138356252674429E-7
0.8623452620684633        0.43500000000000016      2.942586958591089E-7
0.870442599593848         0.43000000000000016      2.7493726945707353E-7
0.8785399371192324        0.4250000000000002       2.558704968043333E-7
0.886637274644617         0.42000000000000015      2.3705751873854272E-7
0.8947346121700015        0.4150000000000002       2.1849748949987769E-7
0.902831949695386         0.4100000000000003       2.001895987955289E-7
0.9109292872207705        0.40500000000000025      1.8213309275573865E-7
0.919026624746155         0.40000000000000024      1.6432729390500692E-7
0.9271239622715396        0.39500000000000024      1.4677162026143122E-7
0.9352212997969239        0.39000000000000024      1.2946560366708532E-7
0.9433186373223084        0.38500000000000023      1.1240890744280768E-7
0.9514159748476931        0.3800000000000003       9.560134345176494E-8
0.9595133123730775        0.3750000000000003       7.904288864757303E-8
0.9676106498984619        0.37000000000000033      6.27337011745924E-8
0.9757079874238465        0.3650000000000004       4.667413608022143E-8
0.983805324949231         0.36000000000000043      3.086476069147757E-8
0.9919026624746154        0.3550000000000004       1.5306369700931017E-8
1                         0.3500000000000004       0
0.3699999999999999        0.983805324949231        8.562580920845627E-8
0.36499999999999994       0.9919026624746154       4.3048599357746256E-8
0.3599999999999999        1                        0
0.3749999999999999        0.9757079874238463       1.277207284738355E-7
0.3799999999999999        0.9676106498984619       1.6931874812531532E-7
0.3849999999999999        0.9595133123730775       2.1040168398277032E-7
0.3899999999999999        0.9514159748476929       2.5094792161425165E-7
0.39499999999999996       0.9433186373223084       2.909325756221153E-7
0.3999999999999999        0.9352212997969239       3.3032766542248677E-7
0.40500012734118784       0.9271250009609391       3.6909689371161715E-7
0.4100008909009967        0.9190332980204095       4.0718818289620623E-7
0.41500186658654004       0.9109516863567164       4.445381096530448E-7
0.42000035517385065       0.9028864440759182       4.810800728591239E-7
0.4249763382521958        0.8948425430747132       5.167719995028301E-7
0.42992308586923095       0.886833958153733        5.515199419051982E-7
0.43487594648866507       0.8788814157334399       5.851489435308023E-7
0.4398808552382456        0.8709928050498578       6.175207460309964E-7
0.44495009461640156       0.8631886892428023       6.484664915286891E-7
0.4500695477382215        0.8554957902428858       6.778295596125651E-7
0.4552024127167131        0.8479177224546333       7.056165623430724E-7
0.46022615948199186       0.8404264366968102       7.321580194619393E-7
0.4650247894608112        0.8330561797980606       7.575350756244232E-7
0.46974354424311393       0.8256534984593448       7.822185411987896E-7
0.4743936402556082        0.8181268021524987       8.065844153858303E-7
0.47902413608250416       0.8102853515884901       8.313300302832101E-7
0.48828435971671597       0.7834009131368016       9.2485952721151E-7
0.48699209656487463       0.7923811053380541       8.9007967453395E-7
0.48491891250177743       0.8018319398645652       8.546100006116707E-7
0.49544917908160074       0.7701021053475757       9.60414252665197E-7
0.4957082698230365        0.7792370211045521       9.223942291360666E-7
0.5031091318561361        0.756325864338407        9.929028228518982E-7
0.50324695837423          0.7653969543375928       9.569907901133306E-7
0.5105108285765906        0.7425781566212454       1.0222152369957462E-6
0.510748291143762         0.7516723916662166       9.87516867550504E-7
0.5182228793783417        0.7379169387078413       1.0144411721022452E-6
0.5279245410874371        0.7181129653653829       1.0500379578773627E-6
0.5262272284089918        0.725006582051856        1.0328627362539399E-6
0.5261168416512806        0.7335579910803072       1.004190854997503E-6
0.5338470552450006        0.7140773156813554       1.0426390612614413E-6
0.539622549455717         0.6968840947823501       1.074877486970385E-6
0.5382371164142254        0.7032952825063257       1.0606789831798223E-6
0.5406815546785598        0.7093238518931609       1.0337437733744583E-6
0.5468054765810517        0.6844965330365306       1.0836850986200546E-6
0.5470056442428419        0.6934149769953758       1.0580524400571414E-6
0.5549032331208906        0.6796913111798863       1.0663008431964857E-6
0.5639536648585652        0.6742170742919453       1.0464999980553928E-6
0.5703330154676952        0.6601383313709117       1.0555466672966217E-6
0.569954133008318         0.6671661187860121       1.0409906163987284E-6
0.5778362279607415        0.6555179110617669       1.0372353625194408E-6
0.5857057570199375        0.6433578363250421       1.0319211928095304E-6
0.5864806925639651        0.6342452035767877       1.045870418125468E-6
0.5850701151026858        0.6519282770523946       1.0175379911986964E-6
0.5910914838830743        0.6482607988915203       1.0023756483185656E-6
0.5944903404359594        0.6196726456273594       1.0393639005328776E-6
0.6347608250276604        0.5942159847004269       9.209109074077112E-7
0.6265319364443642        0.5990958689321081       9.456423105824357E-7
0.6026133092202893        0.614400208476653        1.0158956138294146E-6
0.6183341899711974        0.6042224849518534       9.699675371703567E-7
0.6105168160322072        0.6092506025619908       9.929148242538226E-7
0.594746712534787         0.6299132746396512       1.021666300186177E-6
0.6424940474304002        0.5973401408607335       8.899932531718069E-7
0.6506637233110641        0.5924558045702603       8.662371815098397E-7
0.6508084890440751        0.5838380490061406       8.735738897330957E-7
0.6591019257209052        0.5699771886609558       8.55427612177986E-7
0.6592824114129853        0.5797230738071029       8.475109796608832E-7
0.6672789271264515        0.5651325433111826       8.304129435981066E-7
0.6753969199812309        0.5601073914144528       8.058578325640509E-7
0.6836515952123281        0.5548662035456718       7.811002216510265E-7
0.6918262724064865        0.5498344936336371       7.566576118558848E-7
0.7000013827421009        0.5449033638020091       7.323513257959246E-7
0.7081451246183448        0.5399941131192296       7.083329554137696E-7
0.716330050981722         0.5350391624775115       6.844040786953446E-7
0.7245153742913762        0.5300534920842581       6.606919617311024E-7
0.7326807536486305        0.5250279644318269       6.372609733851557E-7
0.7408354978001926        0.5200119802556896       6.140750686464627E-7
0.7489665856454428        0.515003476508958        5.911765580570544E-7
0.7570773075602898        0.5100006041495356       5.685581129887862E-7
0.7651772120415242        0.5049999996506946       5.461948870860108E-7
0.7732745492892352        0.49999999999999756      5.240663774347661E-7
0.7813718868146209        0.4949999999999959       5.021680969112302E-7
0.7894692243400052        0.4899999999999965       4.805022366357192E-7
0.7975665618653873        0.4850000000000002       4.590705348757664E-7
0.805663899390772         0.48000000000000015      4.378743296492985E-7
0.8137612369161563        0.4750000000000001       4.169146068096416E-7
0.8218585744415409        0.4700000000000002       3.961920447604036E-7
0.8299559119669253        0.46500000000000014      3.757070560661599E-7
0.8380532494923099        0.4600000000000002       3.554598262155436E-7
0.8461505870176944        0.4550000000000001       3.3545034977817187E-7
0.8542479245430789        0.4500000000000001       3.156784641821426E-7
0.8623452620684633        0.4450000000000002       2.96143881324471E-7
0.870442599593848         0.4400000000000002       2.768462172129725E-7
0.8785399371192324        0.43500000000000005      2.577850198246942E-7
0.8866372746446168        0.43000000000000016      2.389597953530844E-7
0.8947346121700015        0.4250000000000002       2.2037003300377575E-7
0.902831949695386         0.42000000000000026      2.0201522848704244E-7
0.9109292872207704        0.41500000000000026      1.8389490634376522E-7
0.919026624746155         0.4100000000000003       1.6600864123107568E-7
0.9271239622715394        0.40500000000000025      1.4835607828370537E-7
0.9352212997969239        0.40000000000000024      1.3093695265741474E-7
0.9433186373223084        0.39500000000000024      1.1375110835175339E-7
0.9514159748476929        0.39000000000000024      9.679851640065492E-8
0.9595133123730775        0.38500000000000023      8.007929251107715E-8
0.9676106498984619        0.3800000000000003       6.359371422194568E-8
0.9757079874238465        0.3750000000000003       4.7342237648025105E-8
0.983805324949231         0.37000000000000033      3.132551386599285E-8
0.9919026624746154        0.3650000000000004       1.5544404992866444E-8
1                         0.36000000000000043      0
0.3799999999999999        0.983805324949231        8.454196641551875E-8
0.3749999999999999        0.9919026624746154       4.2532373813120054E-8
0.3699999999999999        1                        0
0.3849999999999999        0.9757079874238465       1.2601852478261904E-7
0.3899999999999999        0.9676106498984619       1.6694824227439063E-7
0.39499999999999996       0.9595133123730775       2.0731391099827236E-7
0.4                       0.9514159748476931       2.4709508504253905E-7
0.4050000000000001        0.9433186373223086       2.8626825660645373E-7
0.4099999999999999        0.935221299796924        3.2480704684513066E-7
0.4149999216383515        0.9271250841882713       3.6267680982414737E-7
0.4199999413998275        0.9190338377802862       3.9982677669143517E-7
0.4249984716664644        0.9109534814569334       4.361955870462121E-7
0.4299902017387754        0.9028901276508772       4.7172404948315597E-7
0.43496888337510925       0.894850255687743        5.063538230192598E-7
0.43993858865550184       0.8868448572841263       5.399954237372624E-7
0.4449211258012355        0.8788926112043112       5.724996269686942E-7
0.4499333916444149        0.8710187159277056       6.036870089302357E-7
0.45496922459376743       0.8632480976609428       6.334123135317772E-7
0.4600043533616325        0.8555961325069673       6.616139659959348E-7
0.464981098220694         0.8480744075278851       6.883219397371676E-7
0.4696816132828442        0.8406835392560477       7.139360216716346E-7
0.4742546460941221        0.8332912553377767       7.388474584197952E-7
0.47894979402650706       0.8258613142936108       7.62725518594634E-7
0.48350089408923286       0.8184472966543831       7.858274835007709E-7
0.4877266159695806        0.8108833916762178       8.092886352204398E-7
0.4960869241081345        0.7894646555670076       8.794003481811544E-7
0.4935361194284003        0.7982362191461521       8.493205505272994E-7
0.4925919382974386        0.8052987440169133       8.219623644574688E-7
0.50002083187133          0.7965328413193848       8.407212984994852E-7
0.5034103894102454        0.7744595587495384       9.207564988167581E-7
0.5036937409036784        0.7835035943097861       8.840481227261616E-7
0.5109325049354165        0.7607279200515976       9.527766989973752E-7
0.5111103517907372        0.7697578963636823       9.178416572047235E-7
0.5184438166806562        0.747051036506551        9.809366152166045E-7
0.5186103967781067        0.7560997986703465       9.475163840036554E-7
0.5263185337359853        0.7424685381664379       9.72810946320581E-7
0.5339871019123719        0.7217200554636276       1.0176628986787822E-6
0.5340028257205406        0.7293618738431635       9.927078569372379E-7
0.534292967323997         0.7377415202962397       9.640508259312727E-7
0.5413433645481167        0.7170305208063996       1.00780243692047E-6
0.5463206667506753        0.7026896163797606       1.033833002019918E-6
0.5484104700126794        0.7117626011445605       9.999383170811637E-7
0.5549645766029271        0.6886861700160871       1.0422636659813455E-6
0.5549118613590259        0.6976894159875454       1.0178867934246194E-6
0.5723482455294334        0.6736620713007765       1.017054960081914E-6
0.5630139214060568        0.6840261024967166       1.0254215655486156E-6
0.5707184552249968        0.6801970822065095       1.0073191027439045E-6
0.5776348200052336        0.6627552718131222       1.0224304270351426E-6
0.578241151272617         0.6696957444933775       1.0048236811988322E-6
0.5853473646839147        0.6584529601777371       1.0032291064285744E-6
0.5947460965063559        0.6402606564608468       1.0036391762904553E-6
0.5982205230382853        0.648716831312777        9.754345495230425E-7
0.5925397051124529        0.6541486625054287       9.856809427195387E-7
0.602890631608512         0.624271883238171        9.999345178340131E-7
0.635966730813043         0.6039748999443882       9.059158145519997E-7
0.6259765848843051        0.6089473485812025       9.359162643656531E-7
0.6109073141515157        0.6188578578830688       9.780283533302586E-7
0.618427211954076         0.6134762277100969       9.576726081040581E-7
0.6251929992525329        0.6161116363970831       9.295435345480262E-7
0.6032852156852853        0.634190705364104        9.824576160800388E-7
0.650373138229848         0.6002823366396509       8.594952274115916E-7
0.6442226466861402        0.6039527173500094       8.768828145955204E-7
0.6423767423248755        0.6103686971796596       8.76044192502373E-7
0.658890942308269         0.596304298940996        8.34381234007046E-7
0.6589888108898032        0.5885571761369383       8.411306937294519E-7
0.667423409544553         0.575437640054972        8.2294678033518E-7
0.6671795384794094        0.5850755016284681       8.163625632806933E-7
0.6754825536957776        0.5702176834459719       7.994580483997586E-7
0.683740332695162         0.5647166342759083       7.755478603099964E-7
0.6919950979665662        0.5596277208697572       7.515058563861301E-7
0.7001461883158884        0.554765209813694        7.278290730968312E-7
0.7082334880661594        0.5499393392154005       7.045024269497446E-7
0.7163828585816452        0.545029377639935        6.811873005215507E-7
0.7245449579068475        0.5400669278291678       6.580277025512923E-7
0.732691182709375         0.5350370480925488       6.3511379544624E-7
0.7408384119352424        0.5300161015417473       6.123767067191633E-7
0.7489670944145203        0.5250045148883956       5.898800585942794E-7
0.7570773138926543        0.5200006701432466       5.676279237803712E-7
0.7651772118300572        0.5149999999123599       5.456013777098137E-7
0.773274549289234         0.5099999999999993       5.237826023981047E-7
0.7813718868146188        0.5049999999999989       5.02168096904944E-7
0.7894692243400033        0.49999999999999933      4.807609092050914E-7
0.7975665618653873        0.4950000000000002       4.595635857682645E-7
0.805663899390772         0.49000000000000005      4.385782251458314E-7
0.8137612369161563        0.4850000000000001       4.1780652766935546E-7
0.8218585744415409        0.48000000000000015      3.972498418061813E-7
0.8299559119669255        0.4750000000000001       3.7690920741977665E-7
0.8380532494923099        0.4700000000000002       3.567853961766075E-7
0.8461505870176944        0.465                    3.368789493290313E-7
0.8542479245430789        0.4600000000000002       3.1719021309149023E-7
0.8623452620684633        0.4550000000000001       2.9771937181502653E-7
0.870442599593848         0.45000000000000023      2.784664791530817E-7
0.8785399371192324        0.4450000000000002       2.5943148739972484E-7
0.886637274644617         0.4400000000000002       2.4061427516990595E-7
0.8947346121700015        0.43500000000000016      2.2201467358020026E-7
0.902831949695386         0.43000000000000016      2.0363249107772765E-7
0.9109292872207704        0.4250000000000002       1.8546753705458594E-7
0.919026624746155         0.42000000000000026      1.6751964437521237E-7
0.9271239622715396        0.41500000000000026      1.4978869093461198E-7
0.935221299796924         0.4100000000000002       1.322746203562807E-7
0.9433186373223086        0.40500000000000025      1.1497746193001208E-7
0.9514159748476929        0.40000000000000024      9.789734988144607E-8
0.9595133123730775        0.39500000000000024      8.103454205726777E-8
0.9676106498984619        0.39000000000000024      6.438943810233838E-8
0.9757079874238465        0.38500000000000023      4.796259719765468E-8
0.983805324949231         0.3800000000000003       3.175475542093614E-8
0.9919026624746153        0.3750000000000004       1.5766842784708605E-8
1                         0.37000000000000033      0
0.3899999999999999        0.983805324949231        8.336848673253523E-8
0.38499999999999984       0.9919026624746154       4.196896933159348E-8
0.37999999999999995       1                        0
0.39499999999999996       0.9757079874238465       1.241889554597319E-7
0.4                       0.9676106498984619       1.6441739007821708E-7
0.4049999999999999        0.9595133123730775       2.040375846574401E-7
0.4099999999999999        0.9514159748476931       2.430302905832927E-7
0.415                     0.9433186373223086       2.813734057561661E-7
0.42                      0.935221299796924        3.190421767122522E-7
0.4249997549709685        0.9271249556651826       3.560046737061268E-7
0.42999913155196245       0.9190330654087836       3.922147993808174E-7
0.4349957082257324        0.9109510268784815       4.276176205857156E-7
0.4399832099675942        0.9028841319292322       4.621626303138237E-7
0.4449610216584217        0.8948395583923281       4.95786439624144E-7
0.44994004512520686       0.8868313097572949       5.28380479060651E-7
0.45493017922976065       0.8788826427143508       5.597917304108748E-7
0.45992629146145964       0.8710195596082274       5.898760940846849E-7
0.4649120771655735        0.8632598249811203       6.185530698581722E-7
0.4698789110115507        0.8556251526421279       6.457251981744488E-7
0.47488950812084607       0.8482065674052711       6.708753878050141E-7
0.478709826563997         0.8410569423640138       6.959922160316895E-7
0.48337220707753964       0.8333614645526005       7.211435623296153E-7
0.4884338323994251        0.8262875686050606       7.418193268737403E-7
0.4924336056601134        0.8188158890152012       7.65380207130004E-7
0.49636058943960204       0.8116636206701607       7.868822311472712E-7
0.5048626507412436        0.7919218165860266       8.474928524405507E-7
0.5004248634216628        0.8038454243232872       8.099318895234558E-7
0.5054914395309378        0.7985938080195425       8.193024932589725E-7
0.511332893905347         0.7787468817114155       8.826779072397219E-7
0.5116695547633111        0.7875837260850629       8.476016634575425E-7
0.5187923665592871        0.7651088455043344       9.138495835589758E-7
0.5189732568990681        0.7741014156408136       8.799458781421414E-7
0.5264869025441817        0.7514381349363403       9.409179304594024E-7
0.5265716680678756        0.760463712644131        9.086880479289812E-7
0.5345333554415752        0.7467218074423863       9.331532948420976E-7
0.5416506587953906        0.7251906447714336       9.812889841014846E-7
0.5417872893363715        0.7329321589361935       9.562623997519977E-7
0.5432055070060262        0.7416377465814092       9.238737022076445E-7
0.5493232461228755        0.7200522177939204       9.721278009302686E-7
0.555770246123468         0.7065278305752197       9.901897974270395E-7
0.5571397319209365        0.7152148864836039       9.608349123314122E-7
0.56315262233415          0.6927972743050135       1.0022271920544956E-6
0.5635450126997339        0.7015757892082202       9.775202888043311E-7
0.57887382328267          0.6770343367260375       9.85836726825989E-7
0.5708635411662862        0.6883308727099116       9.86774125260945E-7
0.5765665521528115        0.6840558022745895       9.773971464375459E-7
0.5855444793015738        0.6653793639728859       9.879670724460576E-7
0.5852648907615411        0.672170261618349        9.742514506092107E-7
0.5934413758535295        0.6611516923805264       9.685264479860952E-7
0.6046607610169006        0.6434513022344133       9.616481653060706E-7
0.6050742655714778        0.650063090044335        9.484226526111682E-7
0.6016184269168721        0.656358518620731        9.489707193980301E-7
0.6113032648560278        0.6285907859615372       9.620047239248231E-7
0.6330418704724563        0.6147199813253905       9.03389410834739E-7
0.6203074814263926        0.6228089360747155       9.379299918126229E-7
0.6283971495366175        0.6210951565685087       9.114551414887889E-7
0.6118115756743655        0.6383703604638857       9.445949615740528E-7
0.657653880459341         0.6041589289751355       8.307816790460089E-7
0.650000457314884         0.6075585722272621       8.530401596406778E-7
0.6426042020756813        0.6180696115976738       8.660162475686108E-7
0.6485275529535697        0.6137337856714496       8.510669794974918E-7
0.6655059721846879        0.6004463345209349       8.083329997925823E-7
0.6643039912960225        0.6075070749367217       8.052962380177012E-7
0.666997517595086         0.5937775662990648       8.095561382764477E-7
0.6767727834564258        0.5810374891822706       7.876662502739356E-7
0.6749414449149121        0.5904777979271612       7.862524933662027E-7
0.6839890448612198        0.5741311333566531       7.689313469849126E-7
0.6855969666161092        0.5813675692592386       7.587917817235881E-7
0.6921921698876102        0.5690838169510191       7.456710679639809E-7
0.7004562596847957        0.564489363874337        7.220829216339131E-7
0.7083953513413048        0.5597976436593455       6.997187313975503E-7
0.716446037904973         0.5550044281425808       6.771968243985375E-7
0.7245730003991413        0.550065821111206        6.546478065063106E-7
0.7327062899308731        0.5450417304382933       6.32255784929819E-7
0.7408429702469871        0.5400198394308818       6.100025252218209E-7
0.7489680457745017        0.5350059480321484       5.879378598043808E-7
0.757077384260986         0.5300008108970485       5.660793930301613E-7
0.7651772117790873        0.5249999999789071       5.444154547958371E-7
0.7732745492892339        0.5199999999999999       5.229317929845019E-7
0.7813718868146184        0.5149999999999999       5.01626088343422E-7
0.7894692243400029        0.5099999999999998       4.805022366139429E-7
0.7975665618653873        0.5050000000000001       4.5956358575619216E-7
0.805663899390772         0.5000000000000001       4.3881299057153155E-7
0.8137612369161563        0.4950000000000001       4.1825286366185094E-7
0.8218585744415409        0.49000000000000005      3.9788522310851504E-7
0.8299559119669253        0.4850000000000001       3.7771173709759017E-7
0.8380532494923099        0.48000000000000004      3.5773376571535555E-7
0.8461505870176944        0.4750000000000001       3.379524001288211E-7
0.8542479245430789        0.4700000000000002       3.1836849935640173E-7
0.8623452620684634        0.46500000000000014      2.9898272482398145E-7
0.870442599593848         0.4600000000000002       2.797955728915548E-7
0.8785399371192324        0.4550000000000001       2.6080740552555104E-7
0.8866372746446168        0.45000000000000023      2.420184792819692E-7
0.8947346121700015        0.4450000000000002       2.23428972755632E-7
0.902831949695386         0.4400000000000002       2.0503901264128153E-7
0.9109292872207705        0.43500000000000016      1.868486985428938E-7
0.919026624746155         0.43000000000000016      1.6885812665858458E-7
0.9271239622715394        0.4250000000000002       1.5106741245973698E-7
0.9352212997969239        0.42000000000000026      1.334767124745829E-7
0.9433186373223086        0.4150000000000002       1.1608624527839165E-7
0.9514159748476931        0.4100000000000002       9.88963117846149E-8
0.9595133123730776        0.40500000000000025      8.190731492384037E-8
0.9676106498984619        0.40000000000000024      6.511977879017188E-8
0.9757079874238465        0.39500000000000024      4.853436732762925E-8
0.983805324949231         0.39000000000000024      3.215190262237513E-8
0.9919026624746153        0.38500000000000023      1.5973382859924484E-8
1                         0.3800000000000002       0
0.4                       0.983805324949231        8.211433848879792E-8
0.39499999999999996       0.9919026624746154       4.136295220763856E-8
0.3899999999999999        1                        0
0.40499999999999997       0.9757079874238463       1.222452200383379E-7
0.4099999999999999        0.9676106498984619       1.6174344201489326E-7
0.4149999999999999        0.9595133123730775       2.0059381408379958E-7
0.42                      0.9514159748476931       2.3877829932705567E-7
0.42499999999999993       0.9433186373223086       2.762762130430596E-7
0.42999999999999994       0.935221299796924        3.130644327053126E-7
0.4349996768831528        0.9271247488596118       3.491140405593339E-7
0.4399987019919981        0.9190318852216877       3.843842342504781E-7
0.4449944802166886        0.9109474951332892       4.188261213562995E-7
0.44998122555476          0.9028766527968033       4.523930312683023E-7
0.4549589406826377        0.8948275057306123       4.850198345794824E-7
0.45993602374394627       0.8868159452550918       5.165965016856082E-7
0.46491330666129943       0.8788644011599529       5.46992470171228E-7
0.4698742372272525        0.8709886430615712       5.76136579107974E-7
0.4747964801807644        0.8631845906761421       6.040667533588597E-7
0.4796789438860988        0.8554705697618734       6.30698185073629E-7
0.48445874400140354       0.8480076266261939       6.554385816261049E-7
0.48669476212372675       0.8407038249157512       6.831388969442311E-7
0.4930393409849008        0.8353923299339612       6.941495200584055E-7
0.5036995090704026        0.8110608921643465       7.732027646607813E-7
0.4971861375181954        0.8262397036537814       7.245165669508553E-7
0.5017000983706428        0.8186993936771606       7.463987251143261E-7
0.5118958665428438        0.7962497797612476       8.133093541829255E-7
0.5101627148356798        0.8054128513288027       7.813652482525724E-7
0.5191581362316304        0.7830710316992734       8.45856308465735E-7
0.5192948621639369        0.7920901715390706       8.114718947569122E-7
0.5266774893379942        0.7694644875367914       8.761301606953117E-7
0.5267876340143703        0.7784530653502216       8.432917068510854E-7
0.534458405417115         0.7558212228795261       9.023654576944225E-7
0.5344542464521175        0.7648356318714176       8.712423035473875E-7
0.5424378166221465        0.751223681794364        8.948196848396333E-7
0.5491817092170692        0.7287600862853217       9.460685279728792E-7
0.5482183289541663        0.7355358930832562       9.280357830403716E-7
0.5510471286437499        0.7404651201850737       9.040478810764619E-7
0.5502131786264434        0.7471643478989782       8.854044213173709E-7
0.5586620948443368        0.7245304671325508       9.289156481309872E-7
0.5643721959070634        0.7100826565169784       9.515966179680881E-7
0.56541075248165          0.7182273036202611       9.25642607403564E-7
0.5669649352838657        0.7246763963217099       9.026463993800255E-7
0.5716168207708707        0.6964752954115994       9.63595342074452E-7
0.571882941847569         0.7052297874034228       9.400145983088382E-7
0.58319976634972          0.6836854097926235       9.553831693933947E-7
0.5862932875878786        0.6781116949079298       9.574678090254529E-7
0.5791762785460318        0.6910323152631623       9.516125833351558E-7
0.5929653830984116        0.6683560944861978       9.55415874943486E-7
0.5925546438997851        0.6750017335020442       9.427468364216531E-7
0.6008112303229165        0.664656408890255        9.356957794459071E-7
0.6121054348707382        0.647628744979169        9.279764052887163E-7
0.6087661820145933        0.6541600530745845       9.280520849087668E-7
0.6088087740351775        0.6607044494404917       9.158348261827631E-7
0.619886448367388         0.6330791989078615       9.242806360888975E-7
0.6353930788436255        0.6231996136391093       8.842056741597962E-7
0.62803798186659          0.6284516890948527       9.024969828841514E-7
0.6198012387471749        0.6423665906238832       9.099800878133187E-7
0.6197012141179153        0.6495916420923271       8.984028829049778E-7
0.6434287990504861        0.6249545552032063       8.545099255505793E-7
0.6568487814223345        0.6128549565852472       8.241788578026875E-7
0.650807570750903         0.6198170249928845       8.362111671051259E-7
0.6658245509587233        0.6139828400872134       7.935598324136845E-7
0.6693909784574226        0.6095438442820895       7.866774376916867E-7
0.6696753763850913        0.605014930958205        7.902701303470613E-7
0.6738711880688013        0.599516607449446        7.818663579984652E-7
0.6831892838209919        0.5878956277620633       7.616569240782249E-7
0.681638358068758         0.5955639952416539       7.604025854970464E-7
0.6922116615131764        0.5776964541084741       7.402322918217848E-7
0.6913310286374447        0.5856898587878507       7.374702354891049E-7
0.7007617333219371        0.5738415122497948       7.158398535787826E-7
0.7085637066774839        0.5696560577450961       6.941746657250141E-7
0.7165542457965491        0.5649187663786275       6.723630125808231E-7
0.7246169190816034        0.5600503924062176       6.505104879864579E-7
0.7327297341335671        0.5550389519581042       6.286842744988867E-7
0.7408511770949411        0.5500214823738152       6.069521032723427E-7
0.7489698055027342        0.545007386260932        5.853526855292131E-7
0.75707752963585          0.5400010480252774       5.6391537664499E-7
0.7651772117672566        0.5349999999950964       5.426393061346561E-7
0.7732745492892339        0.5300000000000001       5.215154933945215E-7
0.7813718868146184        0.5250000000000001       5.005430395171718E-7
0.7894692243400029        0.5200000000000001       4.797266738756197E-7
0.7975665618653873        0.5150000000000001       4.590705348373912E-7
0.805663899390772         0.5100000000000001       4.3857822512106236E-7
0.8137612369161563        0.5050000000000001       4.182528636502643E-7
0.8218585744415409        0.5000000000000001       3.9809713422461363E-7
0.8299559119669253        0.4950000000000001       3.781133312104868E-7
0.8380532494923099        0.49000000000000005      3.583034024551992E-7
0.8461505870176944        0.4850000000000001       3.386689896219527E-7
0.8542479245430789        0.48000000000000015      3.1921146613611765E-7
0.8623452620684633        0.4750000000000001       2.999319729259842E-7
0.870442599593848         0.4700000000000002       2.808314521332145E-7
0.8785399371192324        0.465                    2.6191067896010413E-7
0.8866372746446168        0.4600000000000002       2.4317029181241383E-7
0.8947346121700015        0.4550000000000001       2.2461082088825125E-7
0.902831949695386         0.4500000000000001       2.0623271535516297E-7
0.9109292872207704        0.4450000000000002       1.8803636924942438E-7
0.919026624746155         0.4400000000000002       1.7002214622350546E-7
0.9271239622715396        0.43500000000000016      1.521904032598584E-7
0.9352212997969239        0.43000000000000016      1.3454151346153393E-7
0.9433186373223084        0.4250000000000002       1.1707588802276069E-7
0.9514159748476931        0.42000000000000015      9.979399747543306E-8
0.9595133123730775        0.41500000000000026      8.269639230049375E-8
0.9676106498984619        0.4100000000000003       6.578372298643578E-8
0.9757079874238465        0.40500000000000025      4.9056759610596835E-8
0.983805324949231         0.40000000000000024      3.2516411012479734E-8
0.9919026624746154        0.39500000000000024      1.6163743622078178E-8
1                         0.39000000000000024      0
0.4099999999999999        0.983805324949231        8.078811446485985E-8
0.40499999999999997       0.9919026624746154       4.071870980471914E-8
0.4                       1                        0
0.4149999999999999        0.9757079874238463       1.2019992890979047E-7
0.42                      0.9676106498984619       1.589428298299607E-7
0.42499999999999993       0.9595133123730775       1.97002645353463E-7
0.42999999999999994       0.9514159748476931       2.3436255187210042E-7
0.43499999999999994       0.9433186373223086       2.710032793042825E-7
0.43999999999999995       0.935221299796924        3.06903325815103E-7
0.44499964037551965       0.9271245477972072       3.4203666875692796E-7
0.4499982413524995        0.9190309240086122       3.763668210586406E-7
0.4549934849115179        0.9109450193678145       4.0984844248232014E-7
0.4599807043706836        0.9028720606638084       4.424361522832034E-7
0.4649585960759544        0.8948203804677545       4.740687093430417E-7
0.4699280344046651        0.8868037084240509       5.046596757717198E-7
0.47488173379338283       0.8788357818450603       5.341357942523381E-7
0.4797956087436055        0.8709082298972687       5.6255128724186E-7
0.4846206462050198        0.8629406577335794       5.903196190885585E-7
0.4894232100132358        0.8548843124845865       6.175343097719759E-7
0.4939039634360081        0.8456826582471636       6.491313845136286E-7
0.5002253114370088        0.8397009707038393       6.62897768846118E-7
0.5013574923863566        0.8330852731872552       6.880708524648333E-7
0.5113536571859522        0.8159262252124639       7.372100223902354E-7
0.5074880688085054        0.8266741808812619       7.022604287713497E-7
0.5190944362120826        0.8011266618802889       7.775920221036655E-7
0.5190550228165605        0.8099912255180628       7.437615128353486E-7
0.5196072393077704        0.8173218363761635       7.144263337847977E-7
0.5268906156437493        0.7874509298690555       8.101613604620522E-7
0.5269406619648405        0.7964269686719329       7.769917717187057E-7
0.5345090866128911        0.7738168249275819       8.397095551783247E-7
0.5345696737868036        0.7827937515020742       8.078599172905465E-7
0.5422792953364883        0.7602479392164097       8.652735470570303E-7
0.5422672476316294        0.769199329302682        8.351501694676117E-7
0.5500476684299137        0.7558059679888051       8.582310188746704E-7
0.5560396486319827        0.7343002587796439       9.079570207559644E-7
0.5574552056314366        0.7431008783233045       8.769816746652085E-7
0.5576349902348023        0.75147651110799         8.506617126061625E-7
0.5649976805376411        0.7307922831734174       8.911812392924072E-7
0.572459053045264         0.7134999594813496       9.162098297295009E-7
0.5726644284364855        0.7284586605042638       8.747024961000133E-7
0.5730897201192154        0.7213732671780564       8.929350696347785E-7
0.5792819867991973        0.7002654141332386       9.28489408645749E-7
0.5796876902408723        0.7088501061381806       9.054282713156033E-7
0.586704590102349         0.6889484820179728       9.312844399116286E-7
0.5915825574228906        0.6829313282889329       9.2866980929719E-7
0.5863843744351631        0.6958236679786679       9.161101402624985E-7
0.6004787582196721        0.6718816091939747       9.222758108458281E-7
0.59857601910246          0.6784130052969745       9.150600747253541E-7
0.6080330606464317        0.6689568026820711       9.026644222645858E-7
0.6159356545455617        0.6559482295486375       9.002333926821092E-7
0.6157765374448323        0.6647557596090089       8.84819565597493E-7
0.6279404115413475        0.6376273920117027       8.893534484738282E-7
0.6369422857191727        0.6318814727787486       8.670776100764425E-7
0.6233396007198575        0.6541494169361752       8.78418699048468E-7
0.6273241417062446        0.6478652283737704       8.754600782907261E-7
0.6455305537113312        0.6317731742249254       8.385120619543928E-7
0.6521659956704385        0.6275606741973784       8.221682735836395E-7
0.6611297508746539        0.6216269494279362       8.0020220724147E-7
0.6718462156521933        0.6131535787148394       7.751051721443093E-7
0.6707680395750607        0.6191272713472766       7.721883086267248E-7
0.6753047519185225        0.6080607936018331       7.692070618521111E-7
0.6807501851651467        0.6026672882999635       7.570029130882543E-7
0.6901370900493573        0.5930661155785321       7.356188607416797E-7
0.6880268229154767        0.6008533590814915       7.357747578786565E-7
0.698394036623621         0.5905113655690339       7.119800584580395E-7
0.7007006231486188        0.5828979896826799       7.10257295411772E-7
0.7086058248953917        0.5797646420909094       6.881293705405048E-7
0.7166470466328009        0.5749215825899775       6.668089867996673E-7
0.7246764832212577        0.5700444218473617       6.456168564864551E-7
0.7327632186166938        0.5650334669835657       6.244012827466961E-7
0.7408653253103513        0.5600205595750584       6.032255961487343E-7
0.7489736228043887        0.5550082877670249       5.82126159248718E-7
0.7570779863410323        0.5500015512501417       5.611391942614793E-7
0.765177211764585         0.544999999998908        5.402761972540864E-7
0.7732745492892339        0.5400000000000001       5.195362676297712E-7
0.7813718868146184        0.5350000000000001       4.989208816673225E-7
0.7894692243400029        0.5300000000000001       4.784355835766281E-7
0.7975665618653873        0.5250000000000001       4.5808528677872593E-7
0.805663899390772         0.5200000000000001       4.378743295975848E-7
0.8137612369161563        0.5150000000000001       4.178065276340612E-7
0.8218585744415409        0.5100000000000001       3.978852230873662E-7
0.8299559119669253        0.5050000000000001       3.7811333120110304E-7
0.8380532494923099        0.5000000000000001       3.584933840145281E-7
0.8461505870176944        0.4950000000000001       3.390275715967151E-7
0.8542479245430789        0.49000000000000005      3.1971778093738336E-7
0.8623452620684633        0.4850000000000001       3.0056563266325425E-7
0.870442599593848         0.48000000000000015      2.815725157432273E-7
0.8785399371192324        0.4750000000000001       2.627396203395384E-7
0.886637274644617         0.4700000000000002       2.4406796895557E-7
0.8947346121700015        0.46500000000000014      2.2555844602426206E-7
0.902831949695386         0.4600000000000002       2.072118260742121E-7
0.9109292872207704        0.4550000000000001       1.8902880060361874E-7
0.9190266247461548        0.45000000000000023      1.710100037853512E-7
0.9271239622715396        0.4450000000000002       1.5315603711957164E-7
0.9352212997969239        0.4400000000000002       1.3546749314360329E-7
0.9433186373223086        0.43500000000000016      1.1794497830213227E-7
0.9514159748476929        0.43000000000000016      1.0058913507436179E-7
0.9595133123730775        0.4250000000000002       8.340066344838872E-8
0.9676106498984619        0.42000000000000026      6.638034182691308E-8
0.9757079874238465        0.41500000000000026      4.9529047442305754E-8
0.983805324949231         0.4100000000000003       3.2847776353137795E-8
0.9919026624746154        0.40500000000000025      1.6337663088416438E-8
1                         0.40000000000000024      0
0.42                      0.983805324949231        7.939800696057786E-8
0.415                     0.9919026624746154       4.004043619393496E-8
0.4099999999999999        1                        0
0.42499999999999993       0.9757079874238465       1.1806507161673125E-7
0.42999999999999994       0.9676106498984619       1.5603113186219415E-7
0.43499999999999994       0.9595133123730775       1.9328302766944014E-7
0.43999999999999995       0.9514159748476931       2.2980513915676908E-7
0.4449999999999999        0.9433186373223086       2.655795955122187E-7
0.44999999999999996       0.935221299796924        3.0058649176438974E-7
0.4549996653210156        0.92712432980142         3.3480265769403715E-7
0.45999746367953237       0.9190300711322793       3.6819546706508E-7
0.4649912236234436        0.9109432454380432       4.0072178246649303E-7
0.46997797030536886       0.9028690981721965       4.323376520938545E-7
0.4749558135175913        0.8948147547709043       4.629911086348448E-7
0.4799189047057745        0.8867887005769388       4.926309632703298E-7
0.48485292841092437       0.8787913632958894       5.212563447867036E-7
0.4897380122101931        0.8707942675502514       5.490040979038817E-7
0.49456594269584664       0.8627343999603179       5.761408538412912E-7
0.49929595737911553       0.854505812247598        6.031524002320376E-7
0.5041904181126654        0.846583730818214        6.276161923505936E-7
0.5088486031831726        0.8374191807634314       6.564721198831687E-7
0.5166046627962806        0.8241405602335028       6.941597936216414E-7
0.5152788172757302        0.8312578703657779       6.689106910635318E-7
0.5238401817058743        0.8216613237557063       6.891627317524006E-7
0.5269158071053779        0.8053746571352546       7.438698231607764E-7
0.52719628109366          0.8147851170464657       7.081618440283559E-7
0.5346121537149013        0.7917478384843673       7.75853319638386E-7
0.5345541086400818        0.8006628376345806       7.439624195252331E-7
0.5423085917942867        0.7781529753534714       8.045259314407787E-7
0.5423525419295864        0.7871016768039967       7.736012540356657E-7
0.5500166076028661        0.7646241531823417       8.296978791301513E-7
0.5500511128236265        0.7735289373251308       8.003359255693703E-7
0.5577060650012433        0.7601300204326922       8.234202479670037E-7
0.5647601131017503        0.7389991514092474       8.679539064132119E-7
0.5650813273095189        0.7472261979928536       8.426348668513521E-7
0.5653051336332711        0.7556625043369264       8.16631696298589E-7
0.572500320301496         0.7355724912320362       8.552296035020482E-7
0.5780897924102502        0.7325662952783092       8.472936299265654E-7
0.5803110176752133        0.7172366360311987       8.817472689072691E-7
0.5809090566218509        0.7261027797611831       8.564891623238585E-7
0.5870047094102598        0.7041875629826001       8.938716701102387E-7
0.5876041391068881        0.7126172645210561       8.711191877550394E-7
0.5931796731081838        0.6912700020225007       9.045610245559674E-7
0.600569921809857         0.6850889704824841       8.941763821653993E-7
0.5941595710639462        0.6995524203965089       8.822703754508535E-7
0.6068589846834702        0.6783022578540155       8.878732206992071E-7
0.6156115294315124        0.6734462707971928       8.689582091493945E-7
0.6230518310665526        0.6606475389785714       8.681639258965047E-7
0.6232331263942857        0.6687660486312281       8.530592399544984E-7
0.635728708198758         0.6421700460683408       8.562458057292834E-7
0.6435935567813376        0.6386991145895258       8.353460285563896E-7
0.6297589945536906        0.656166791674522        8.538078002834677E-7
0.6359226906991489        0.651113553288535        8.418689723981706E-7
0.6515221313352209        0.6357700543557684       8.135822048207163E-7
0.6602789857513558        0.6315171121675536       7.910106256266319E-7
0.6688258424226775        0.6271137390758463       7.693137420880281E-7
0.677231172229686         0.6153322638150934       7.558489540294558E-7
0.6765620694968056        0.6232500772739755       7.495525919941831E-7
0.6846236730676907        0.6095157087259446       7.385336662668657E-7
0.6956803926591234        0.5981589472845465       7.143886783539192E-7
0.693671867446286         0.6060247632908192       7.138983297234833E-7
0.7021835690361955        0.5968583419617883       6.956367919451146E-7
0.7080547179479086        0.5901627458955555       6.829002538897394E-7
0.7166872113598869        0.5850360169051845       6.606211021086962E-7
0.724772711560933         0.5800481284238358       6.399146296127721E-7
0.7328054576519119        0.5750292097913855       6.194181500769722E-7
0.7408844451292599        0.5700181713212534       5.988332913479418E-7
0.7489802105011617        0.5650085288191736       5.782626522370934E-7
0.7570793699874935        0.560002220517671        5.577543119023845E-7
0.7651772794766655        0.5550001396725855       5.373302237602096E-7
0.7732745492892339        0.55                     5.169976850980638E-7
0.7813718868146184        0.545                    4.967624983507835E-7
0.7894692243400029        0.5400000000000001       4.7663122851921866E-7
0.7975665618653873        0.5350000000000001       4.566095445959265E-7
0.805663899390772         0.5300000000000001       4.367025043322222E-7
0.8137612369161563        0.5250000000000001       4.1691460674941904E-7
0.8218585744415409        0.5200000000000001       3.97249841763609E-7
0.8299559119669255        0.5150000000000001       3.777117370694721E-7
0.8380532494923099        0.5100000000000001       3.58303402438786E-7
0.8461505870176944        0.5050000000000001       3.390275715895763E-7
0.8542479245430789        0.5000000000000001       3.1988664178086086E-7
0.8623452620684633        0.4950000000000001       3.0088271128566484E-7
0.870442599593848         0.49000000000000005      2.8201761489177736E-7
0.8785399371192324        0.4850000000000001       2.63292957575729E-7
0.886637274644617         0.48000000000000015      2.4471014649086414E-7
0.8947346121700015        0.4750000000000001       2.2627042140537583E-7
0.902831949695386         0.4700000000000002       2.079748837208164E-7
0.9109292872207705        0.465                    1.89824524196044E-7
0.919026624746155         0.4600000000000002       1.7182024949588076E-7
0.9271239622715394        0.4550000000000001       1.5396290767801061E-7
0.9352212997969239        0.4500000000000001       1.3625331272587634E-7
0.9433186373223084        0.4450000000000002       1.1869226822960858E-7
0.9514159748476931        0.4400000000000001       1.0128059031131595E-7
0.9595133123730775        0.43500000000000016      8.401912988546824E-8
0.9676106498984619        0.43000000000000016      6.690879433953637E-8
0.9757079874238465        0.4250000000000002       4.9950568714610446E-8
0.983805324949231         0.42000000000000026      3.314553646028853E-8
0.9919026624746154        0.4150000000000002       1.649489983279953E-8
1                         0.4100000000000003       0
0.43                      0.983805324949231        7.795178962838713E-8
0.42500000000000004       0.9919026624746154       3.933212131808669E-8
0.42                      1                        0
0.43499999999999994       0.9757079874238465       1.1585199484998969E-7
0.43999999999999995       0.9676106498984619       1.5302305068766884E-7
0.445                     0.9595133123730775       1.8945279411589607E-7
0.44999999999999996       0.9514159748476931       2.2512678974765108E-7
0.45499999999999996       0.9433186373223086       2.600285399532359E-7
0.4599999999999999        0.935221299796924        2.941397013256909E-7
0.4649998016246608        0.9271241202420892       3.2743974099689185E-7
0.4699969074287734        0.9190292347160823       3.5989990827429026E-7
0.4749883852774189        0.9109415103822469       3.9147997855822344E-7
0.47997375192278685       0.9028654809442658       4.221399155513043E-7
0.48495151617621923       0.8948055213473262       4.518421072129884E-7
0.4899133876614076        0.8867650074510366       4.805628290513975E-7
0.494844302975415         0.8787357761705712       5.08339990993432E-7
0.4997344376853574        0.870689881167837        5.352905728366328E-7
0.5045833926821587        0.8625914685780546       5.615470612842045E-7
0.5094370640656868        0.8544793168436916       5.868579827287199E-7
0.5143055521968075        0.846259053596322        6.115520726370288E-7
0.5192848921275242        0.8383434394436592       6.338022601160857E-7
0.5242987556353919        0.8295850719778316       6.58137135306279E-7
0.5310697309021878        0.8230148582517182       6.696065937883618E-7
0.5346543319050425        0.8092551320601971       7.126566746772174E-7
0.5351219239809135        0.8166423379181954       6.848201306507034E-7
0.5423639834856366        0.7960487412473908       7.424786482700574E-7
0.5423420008388352        0.8049965263126541       7.111704148162602E-7
0.5501068971560342        0.7824599382968845       7.705009831647194E-7
0.550152313019681         0.7913967432619091       7.403719534455769E-7
0.5577742163535035        0.7689323740694989       7.95354258198869E-7
0.5578486828004806        0.7778252341499746       7.666414507270009E-7
0.5654548717945854        0.7643488944253906       7.897293047988306E-7
0.572482449451502         0.7430319546164535       8.340095746316042E-7
0.5728332359139495        0.751183327454093        8.094371329242342E-7
0.5730954069276555        0.7597471052851946       7.835871837395735E-7
0.5794288888926747        0.7387618746656531       8.263621832286721E-7
0.5855710753575389        0.7338247376368746       8.222811872940076E-7
0.5882013169670678        0.7209080840224332       8.483338558388125E-7
0.5890964098573291        0.7279141904446009       8.276705506695626E-7
0.5949104948154921        0.7080165047279481       8.599004579246663E-7
0.5955136177842463        0.7164912968326115       8.375638375138044E-7
0.6015075121323727        0.6940480263596018       8.715341566612487E-7
0.6088815405059196        0.6879507796490841       8.613471025330829E-7
0.6023125007747661        0.7029627596436603       8.489520039297833E-7
0.6237279831459024        0.6774106751873655       8.354565947758765E-7
0.6160422169123           0.6824884593826284       8.498591086487734E-7
0.6302846794434525        0.664099153161232        8.386659746187163E-7
0.6309461978334624        0.6722368940539974       8.222841604357084E-7
0.6435332527796872        0.6469358620432476       8.236034873359277E-7
0.6513473251262666        0.643487805486382        8.03565043221396E-7
0.6369232912005601        0.6593061335768142       8.255008628653511E-7
0.6433669627403766        0.6547284860123654       8.123115569177558E-7
0.6594099626510032        0.6398628787785038       7.830288504715328E-7
0.6677046757769322        0.635848361800917        7.623102279633273E-7
0.6754196069114236        0.6315440070275784       7.437240557158147E-7
0.6842794374719059        0.6188907251792598       7.303947247461825E-7
0.6828461177615792        0.6274952474646749       7.256796262809321E-7
0.6931064725997704        0.614796118613081        7.076193262564531E-7
0.7014093037641908        0.6033198159390252       6.928065348847611E-7
0.6991845396714633        0.6095046301008271       6.942035844185033E-7
0.7089030181280431        0.5997578570671257       6.73314251175905E-7
0.7166182388016611        0.5949700889371756       6.541545500810714E-7
0.724733315906733         0.5900150960952908       6.339430809947602E-7
0.7328349990433334        0.585017412548192        6.1381124819926E-7
0.7409008883399942        0.5800136576241046       5.938060593736454E-7
0.7489875412666659        0.5750074625031087       5.737756449771263E-7
0.7570816940244455        0.5700026715375476       5.537671307658675E-7
0.7651776231310107        0.5650004783059518       5.338061406849223E-7
0.773274554682291         0.5600000258855753       5.139042775921018E-7
0.7813718868146184        0.5549999999999999       4.940717096324213E-7
0.7894692243400028        0.55                     4.743167595462434E-7
0.7975665618653873        0.545                    4.546458515604756E-7
0.805663899390772         0.54                     4.3506474296310137E-7
0.8137612369161563        0.5350000000000001       4.1557859944841693E-7
0.8218585744415409        0.5300000000000001       3.9619204469633224E-7
0.8299559119669255        0.5250000000000001       3.769092073731693E-7
0.8380532494923099        0.5200000000000001       3.577337656828133E-7
0.8461505870176944        0.5150000000000001       3.386689896007067E-7
0.8542479245430789        0.5100000000000001       3.1971778092510043E-7
0.8623452620684633        0.5050000000000001       3.008827112803616E-7
0.870442599593848         0.5000000000000001       2.82166058206332E-7
0.8785399371192324        0.4950000000000001       2.6356983946591706E-7
0.886637274644617         0.49000000000000005      2.4509584570045104E-7
0.8947346121700015        0.4850000000000001       2.2674567155914345E-7
0.902831949695386         0.48000000000000015      2.0852074542515855E-7
0.9109292872207704        0.4750000000000001       1.9042235785675898E-7
0.919026624746155         0.4700000000000002       1.7245168885755447E-7
0.9271239622715396        0.465                    1.5460983408531479E-7
0.935221299796924         0.4600000000000002       1.368978301040787E-7
0.9433186373223086        0.4550000000000001       1.1931667877952287E-7
0.9514159748476929        0.4500000000000001       1.0186737091271019E-7
0.9595133123730775        0.4450000000000002       8.45509092025062E-8
0.9676106498984619        0.4400000000000001       6.736833062212594E-8
0.9757079874238463        0.43500000000000016      5.032072829044854E-8
0.983805324949231         0.43000000000000016      3.340927291394973E-8
0.9919026624746154        0.4250000000000002       1.6635233870315657E-8
1                         0.42000000000000026      0
0.43999999999999995       0.983805324949231        7.645680544506661E-8
0.43500000000000005       0.9919026624746154       3.859754337893619E-8
0.43                      1                        0
0.445                     0.9757079874238465       1.1357138917844433E-7
0.44999999999999996       0.9676106498984619       1.499324017515457E-7
0.45499999999999996       0.9595133123730775       1.855286552915632E-7
0.4599999999999999        0.9514159748476931       2.2034687150774325E-7
0.46499999999999986       0.9433186373223086       2.543718908659363E-7
0.46999999999999986       0.9352212997969239       2.875868867313701E-7
0.4749999488941048        0.9271239950570779       3.199734784165853E-7
0.47999719691620113       0.9190285021199093       3.5150666085145235E-7
0.4849870447065022        0.9109399289663903       3.8214935463533226E-7
0.48997222460827067       0.9028608611484152       4.1186968486367525E-7
0.49495255358400553       0.8947929343433719       4.406421770105697E-7
0.4999200482573827        0.886736771936776        4.684553942119223E-7
0.5048625362910361        0.8786837657328616       4.953445027606467E-7
0.5097757382010015        0.8706164521511606       5.213720859435609E-7
0.5146710512529126        0.8625256336608917       5.465418785441396E-7
0.519569120816025         0.8544092923942483       5.708082642911243E-7
0.5245032148757705        0.8463193613146878       5.938894854557974E-7
0.5294820037918168        0.8382143843709077       6.159017904913455E-7
0.5344091115549813        0.8305585302834739       6.352860091571724E-7
0.5396833199994644        0.8223468277405497       6.549752128234378E-7
0.5421119557071442        0.8139429353068113       6.800628630747486E-7
0.5501650092826812        0.8003736766567251       7.099073174124447E-7
0.5502026160124248        0.8096958349702189       6.779518101775444E-7
0.5579224662578426        0.7867374548961718       7.375532029548195E-7
0.5579951210416096        0.7956438651607242       7.082006258511918E-7
0.5655697032907496        0.7731927613237587       7.620929016747839E-7
0.5656586291841454        0.7820944634041956       7.340148687904386E-7
0.5732659555909572        0.7685200710540186       7.570260012757749E-7
0.580278276875809         0.7465024495204009       8.024326743930872E-7
0.5807368215020275        0.7550403920747178       7.770932305011393E-7
0.5809516660932134        0.7638567740689007       7.512801368308078E-7
0.5876180777062909        0.7411408765461752       7.969339910540454E-7
0.5946006312807496        0.7341817472116007       7.958091768927407E-7
0.5957747526583419        0.7250788700359625       8.15552707363561E-7
0.6029877531317153        0.711762706925989        8.265908039338932E-7
0.6036066683622133        0.7205452546023493       8.040209066521537E-7
0.6098097535945972        0.6975476988803748       8.379586271072495E-7
0.6171845420802081        0.6919505042518533       8.271352538653571E-7
0.6104808654121028        0.7066570234641918       8.159155067766711E-7
0.6319160064190088        0.6809425050879465       8.034816144570603E-7
0.6246195007342514        0.6865844102660403       8.150924707964464E-7
0.6378077259783194        0.6672348593756248       8.095253236615667E-7
0.6387544364334738        0.6749840509648097       7.93293414316751E-7
0.6511958717708476        0.6514088146517587       7.926704601803114E-7
0.6588291754395026        0.6482501084994878       7.734545455935577E-7
0.6444430940349652        0.6627659204186213       7.962543277888441E-7
0.6494772727418808        0.6584059237844877       7.875093172097555E-7
0.6667241773841823        0.6442020758286381       7.546721262037669E-7
0.6744853465781336        0.6399578489788968       7.364933483371806E-7
0.6818598367910854        0.635745354995992        7.193663484789397E-7
0.6907491421561842        0.6238040912973318       7.058223654183584E-7
0.6886883951293432        0.632130519408723        7.031293396863613E-7
0.6985623012346549        0.6218595651112632       6.84614766678336E-7
0.7011671920952206        0.6152891853987518       6.831320284911725E-7
0.7073459951645225        0.6097595029006825       6.6982377097335E-7
0.7164894171183369        0.6049722955724547       6.471138364333904E-7
0.7246780502494423        0.6000077969547988       6.273227794842614E-7
0.732806127388716         0.5950125693014504       6.077109581240852E-7
0.7409002813248753        0.590004766319944        5.881948849126774E-7
0.7489916584517066        0.5850058282587303       5.686842432891122E-7
0.7570837251246593        0.5800024788578352       5.491886076253992E-7
0.7651782648570089        0.5750007310223365       5.297103629715831E-7
0.7732745987759886        0.5700001034615657       5.102614581944174E-7
0.7813718868146184        0.5650000000000001       4.908532512762874E-7
0.7894692243400029        0.56                     4.7149619867911034E-7
0.7975665618653873        0.555                    4.5219757782886815E-7
0.805663899390772         0.55                     4.3296382213906865E-7
0.8137612369161563        0.545                    4.1380074389648406E-7
0.8218585744415409        0.5400000000000001       3.947135834487208E-7
0.8299559119669253        0.5350000000000001       3.7570705600191226E-7
0.8380532494923099        0.5300000000000001       3.5678539612866566E-7
0.8461505870176944        0.5250000000000001       3.379524000940279E-7
0.8542479245430789        0.5200000000000001       3.192114661119158E-7
0.8623452620684633        0.5150000000000001       3.0056563264751495E-7
0.870442599593848         0.5100000000000001       2.820176148827089E-7
0.8785399371192324        0.5050000000000001       2.635698394620131E-7
0.886637274644617         0.5000000000000001       2.452244776358274E-7
0.8947346121700015        0.4950000000000001       2.2698347691642678E-7
0.902831949695386         0.49000000000000005      2.0884859135996747E-7
0.9109292872207704        0.4850000000000001       1.9082141058518623E-7
0.9190266247461548        0.48000000000000015      1.7290338763641476E-7
0.9271239622715394        0.4750000000000001       1.5509586579518136E-7
0.935221299796924         0.4700000000000002       1.3740010444106184E-7
0.9433186373223086        0.46500000000000014      1.1981730405867184E-7
0.9514159748476931        0.4600000000000002       1.0234863048378187E-7
0.9595133123730775        0.4550000000000001       8.499523847754719E-8
0.9676106498984619        0.4500000000000001       6.775829471378368E-8
0.9757079874238465        0.4450000000000002       5.063900026012594E-8
0.983805324949231         0.4400000000000001       3.3638612629763454E-8
0.9919026624746154        0.43500000000000016      1.6758467476291014E-8
1                         0.43000000000000016      0
0.44999999999999996       0.983805324949231        7.491996017864422E-8
0.44500000000000006       0.9919026624746154       3.7840264131975494E-8
0.44                      1                        0
0.45499999999999996       0.9757079874238463       1.1123328353151117E-7
0.4599999999999999        0.9676106498984619       1.4677211166471873E-7
0.46499999999999986       0.9595133123730776       1.8152620415642505E-7
0.46999999999999986       0.9514159748476931       2.1548340564185606E-7
0.4749999999999999        0.9433186373223086       2.486298522163702E-7
0.47999999999999976       0.935221299796924        2.8095018155999286E-7
0.48499999999999993       0.9271239622715396       3.12427746837812E-7
0.489997884071671         0.9190280112296318       3.4304073653441294E-7
0.4949876394621337        0.9109386649971346       3.7275514727412277E-7
0.49997518568165616       0.902855727490604        4.0154984384890447E-7
0.5049608091552328        0.8947800265142845       4.2940330714962927E-7
0.5099392929968218        0.8867126175683742       4.5629982742742186E-7
0.5148989426668811        0.8786458352620816       4.822692029132565E-7
0.5198422373696358        0.87056994657322         5.073321430748306E-7
0.5247694425674903        0.8624809739410084       5.314875480154685E-7
0.529699980437029         0.8543886252818701       5.546513742691213E-7
0.5346708479309839        0.8463004630342993       5.767139847688081E-7
0.5396082875346363        0.8382292719224069       5.977336955089883E-7
0.5448058021784878        0.8299398456647881       6.17994572431922E-7
0.5501960489641209        0.8203561672875911       6.412168539004521E-7
0.5580767975871677        0.8045499739267761       6.785714738538213E-7
0.5584229023972161        0.8134413168030328       6.482222516171427E-7
0.5657544400908678        0.7909780603608099       7.056763462131366E-7
0.5658878690846988        0.7998123040065978       6.77142210615119E-7
0.5733730641873894        0.7774548492575805       7.298042500891042E-7
0.5734659883216084        0.7863559911157227       7.023990002983437E-7
0.5810726039001607        0.7727717158353679       7.250738083733652E-7
0.5885251670247071        0.7499712022828385       7.705579369802783E-7
0.5887184786947671        0.7590748528010202       7.450103104695119E-7
0.5888037169653195        0.7680695522971028       7.196561044942976E-7
0.5971043792872961        0.7440085889776655       7.635428143268949E-7
0.6020762584931997        0.7376795681363508       7.663074279813062E-7
0.6043570069085511        0.7300868660779237       7.788416264843218E-7
0.611150488861229         0.7155234008531566       7.939709842635774E-7
0.6118722822138064        0.7242618819144208       7.717769481675004E-7
0.6180539570258369        0.7012661254153274       8.050711644747536E-7
0.6257089849200763        0.6958593756220455       7.934532789980006E-7
0.618716346995464         0.710404329036454        7.835309346451298E-7
0.640186727003097         0.6841913247367024       7.726655532033163E-7
0.6334563909412005        0.6904464234167247       7.810440540208034E-7
0.6454939624470303        0.6700062510074043       7.812262254658045E-7
0.6465218760137794        0.6773487871228487       7.658201974748301E-7
0.6660862388550632        0.6528942471142397       7.449073907712652E-7
0.6576661282672801        0.6577937093902276       7.633407016297836E-7
0.6522985930869065        0.6648318508559321       7.689171161443828E-7
0.6738034949098443        0.6484091007225963       7.278439951907524E-7
0.6734428441186247        0.656680376017862        7.179078887220381E-7
0.6812196627089682        0.6440697818836696       7.113551301744703E-7
0.6881489543814933        0.6398022786378743       6.96092377882916E-7
0.6958769658342158        0.6296196503534771       6.846785549396216E-7
0.6936418942466127        0.636030329149804        6.843384100383922E-7
0.7023498293773982        0.6276969622328166       6.678482249623619E-7
0.7076623537310858        0.6205863270609333       6.593390477347E-7
0.7162579971278206        0.6151242573614369       6.395439249852471E-7
0.7246204526479668        0.6100558795451422       6.199981494687667E-7
0.732785407414692         0.6050294712706331       6.009261926336447E-7
0.7408979575274575        0.6000124915125443       5.819536553452652E-7
0.7489928140944194        0.5950064699199138       5.629952711860866E-7
0.7570849880895034        0.5900026397609994       5.44027876994875E-7
0.7651788723374296        0.5850008634373512       5.250511619947578E-7
0.7732747174469002        0.5800001713881278       5.060755997722883E-7
0.7813718884262242        0.5750000000217388       4.871127449852188E-7
0.7894692243400028        0.5700000000000001       4.6817441774983605E-7
0.7975665618653873        0.5650000000000001       4.492689028355745E-7
0.805663899390772         0.56                     4.304032872555483E-7
0.8137612369161563        0.555                    4.115840066664978E-7
0.8218585744415409        0.55                     3.9281689800356137E-7
0.8299559119669253        0.545                    3.741072457590574E-7
0.8380532494923099        0.5400000000000001       3.5545982615362693E-7
0.8461505870176944        0.5350000000000001       3.3687894928175316E-7
0.8542479245430789        0.5300000000000001       3.183684993210502E-7
0.8623452620684633        0.5250000000000001       2.9993197290032854E-7
0.870442599593848         0.5200000000000001       2.815725157253997E-7
0.8785399371192324        0.5150000000000001       2.6329295756415216E-7
0.886637274644617         0.5100000000000001       2.450958456937931E-7
0.8947346121700015        0.5050000000000001       2.2698347691356664E-7
0.902831949695386         0.5000000000000001       2.0895792822581005E-7
0.9109292872207704        0.4950000000000001       1.910210862871163E-7
0.9190266247461548        0.49000000000000005      1.731746757297208E-7
0.9271239622715394        0.4850000000000002       1.5542028645114235E-7
0.9352212997969239        0.48000000000000015      1.37759399967664E-7
0.9433186373223086        0.47500000000000014      1.2019341492452446E-7
0.9514159748476931        0.4700000000000002       1.0272367185276206E-7
0.9595133123730775        0.46500000000000014      8.535147725954055E-8
0.9676106498984619        0.4600000000000002       6.807812713556932E-8
0.9757079874238465        0.4550000000000001       5.0904929959893184E-8
0.983805324949231         0.4500000000000001       3.3833229278895385E-8
0.9919026624746154        0.4450000000000002       1.6864425932877875E-8
1                         0.44                     0
0.4599999999999999        0.983805324949231        7.334772070721236E-8
0.45499999999999996       0.9919026624746154       3.706362676861091E-8
0.4499999999999999        1                        0
0.46499999999999986       0.9757079874238465       1.0884704646734695E-7
0.46999999999999986       0.9676106498984619       1.4355422487793354E-7
0.4749999999999999        0.9595133123730775       1.774599304919848E-7
0.47999999999999976       0.9514159748476931       2.105530912220535E-7
0.48499999999999993       0.9433186373223086       2.4282109043774396E-7
0.4899999999999999        0.9352212997969239       2.7424997167450855E-7
0.4949993257258185        0.9271244090667445       3.0482328645395837E-7
0.4999962181932318        0.9190291280352962       3.345219618185822E-7
0.5049890939222506        0.9109373095198094       3.633241292395447E-7
0.509980133468306         0.9028500635572148       3.9120753384114026E-7
0.514970114374344         0.8947680864412275       4.1815236067836085E-7
0.5199577841714141        0.8866935133484232       4.441355021881526E-7
0.5249337913685452        0.8786192827963322       4.691810822116329E-7
0.5299226746530218        0.8705397339499897       4.932623882535217E-7
0.5348472148124734        0.8624505143410719       5.164899816121521E-7
0.5398051799375981        0.8543692094923603       5.386443706585539E-7
0.5448112033795082        0.8463176237362156       5.596006695575387E-7
0.5498717155435277        0.8381050628793614       5.79995970437102E-7
0.5551388560278135        0.8298115187216468       5.992106268925108E-7
0.561105545598484         0.822097215014484        6.140042852454816E-7
0.5661936289231164        0.8085599902475142       6.482951965350188E-7
0.5656770729063424        0.8161681745609584       6.246184437864657E-7
0.5735767832225447        0.7951995456485598       6.748405393704257E-7
0.5737226091626347        0.8039327933180123       6.472946287750697E-7
0.5811688553469692        0.7817448252391664       6.984202424266943E-7
0.5812547050784402        0.7906523566850076       6.716724047733182E-7
0.5888354880369048        0.7770758402986443       6.940327720297431E-7
0.5966606013008855        0.7541491091460821       7.380289895350618E-7
0.596623567601449         0.7634260169087485       7.132209537219789E-7
0.5965306955792498        0.7724429138741704       6.888354825143234E-7
0.6049233666087884        0.7427809297292802       7.458618775751749E-7
0.6044203148853352        0.7497539996290752       7.295160682581857E-7
0.6093602583585478        0.7373244774126773       7.475365554785138E-7
0.6132146311028642        0.7315083723860711       7.510849844926949E-7
0.6192677853244363        0.7194184766556645       7.621339331598526E-7
0.6196589022645022        0.7284098966002979       7.408035653518761E-7
0.6264495553786653        0.7051299650969362       7.724031694783583E-7
0.6344899633602953        0.6997788252853917       7.600173937194665E-7
0.626941886136603         0.7143234537973542       7.517564135259629E-7
0.6487232649031872        0.6851863652652186       7.458757109970277E-7
0.6437793105072487        0.6939076331012524       7.445122366199724E-7
0.6529715860947737        0.6724434530446671       7.547967844368685E-7
0.6535304826767534        0.6792537494583588       7.419982928021508E-7
0.6659906455879573        0.6618852348413033       7.324783618785599E-7
0.6596698092740981        0.6674114380215812       7.428921762583037E-7
0.6733316787194548        0.6642595801325463       7.077097873275132E-7
0.6807916428636125        0.6526758021373621       7.01806607546745E-7
0.6809410827331754        0.6616442737326274       6.895620402314311E-7
0.6881295841539756        0.6478742744063175       6.866118456498131E-7
0.6953388407278213        0.6429747463196942       6.71702513708781E-7
0.7014725016322871        0.6362210931872523       6.61618631249311E-7
0.7091863683106782        0.630321466782803        6.45742159041344E-7
0.716709292851316         0.6252247133555975       6.29398719641643E-7
0.7247011366151552        0.6201175193981582       6.116171870905885E-7
0.7328039217618133        0.615061304267721        5.933863010767871E-7
0.7409033778763302        0.6100282225410344       5.75071106673191E-7
0.7489964637099947        0.6050103290696937       5.567031428616381E-7
0.7570868030284361        0.6000040944191801       5.38290014245726E-7
0.7651795087689647        0.5950012336623965       5.198364602526735E-7
0.7732748918274618        0.5900002219971192       5.013541029795729E-7
0.7813718962156528        0.5850000001268088       4.828566650560388E-7
0.7894692243400028        0.5800000000000001       4.643571127527793E-7
0.7975665618653873        0.5750000000000001       4.458647936344633E-7
0.805663899390772         0.5700000000000001       4.273874343707297E-7
0.8137612369161563        0.5650000000000001       4.089320678457093E-7
0.8218585744415409        0.56                     3.9050510470642447E-7
0.8299559119669253        0.555                    3.7211237881448027E-7
0.8380532494923099        0.55                     3.5375919079243483E-7
0.8461505870176944        0.545                    3.3545034972009346E-7
0.8542479245430789        0.54                     3.1719021304622145E-7
0.8623452620684634        0.5350000000000001       2.989827247893014E-7
0.870442599593848         0.5300000000000001       2.8083145210724965E-7
0.8785399371192324        0.5250000000000001       2.627396203206952E-7
0.886637274644617         0.5200000000000001       2.447101464777818E-7
0.8947346121700015        0.5150000000000001       2.2674567155066298E-7
0.902831949695386         0.5100000000000001       2.0884859135510286E-7
0.9109292872207705        0.5050000000000001       1.9102108628503413E-7
0.919026624746155         0.5000000000000001       1.7326514995367976E-7
0.9271239622715394        0.4950000000000002       1.5558261683206302E-7
0.9352212997969239        0.49000000000000005      1.3797518897446578E-7
0.9433186373223084        0.4850000000000002       1.2044446191879437E-7
0.9514159748476929        0.48000000000000015      1.0299194984786317E-7
0.9595133123730775        0.4750000000000001       8.561911009546504E-8
0.9676106498984619        0.4700000000000002       6.832736707871514E-8
0.9757079874238465        0.46500000000000014      5.1118135735635305E-8
0.983805324949231         0.4600000000000002       3.399284454428326E-8
0.9919026624746154        0.4550000000000001       1.6952958196942846E-8
1                         0.45000000000000023      0
0.46999999999999986       0.983805324949231        7.17461175604178E-8
0.46499999999999986       0.9919026624746154       3.627075606891313E-8
0.4599999999999999        1                        0
0.4749999999999999        0.9757079874238465       1.0642139329197993E-7
0.47999999999999976       0.9676106498984619       1.4028991750327745E-7
0.48499999999999993       0.9595133123730775       1.73343243464524E-7
0.4899999999999999        0.9514159748476929       2.0557133842205986E-7
0.4949999999999999        0.9433186373223084       2.3696278012719356E-7
0.49999999999999994       0.9352212997969239       2.6750495499562175E-7
0.5049995718634609        0.9271242476025555       2.971834200721548E-7
0.5099975034369452        0.9190282650124622       3.2598181597970094E-7
0.5149924970259484        0.910934597702361        3.5388205515811E-7
0.5199850467014221        0.902844151247492        3.8086590589807464E-7
0.5249761950626176        0.894757485770966        4.0691572489850814E-7
0.5299667706391055        0.8866759224914067       4.320110435997097E-7
0.5349525636730897        0.8785953979274097       4.561583598497327E-7
0.5399282354185219        0.8705099455673073       4.793736229638433E-7
0.54489822665619          0.8624234921375225       5.016234951269115E-7
0.5498795469957012        0.8543391220749909       5.228580379848398E-7
0.5548895025954915        0.8462246413556036       5.431447691323304E-7
0.5599766415452284        0.8381074758755077       5.62280631999096E-7
0.5650745227521001        0.8301368213691657       5.79863114624995E-7
0.5702558511692403        0.8223684535082049       5.955976206976299E-7
0.5746415891304868        0.813565602597198        6.151449235222913E-7
0.5813719704372401        0.7994618675410461       6.448691749113482E-7
0.5806638141777217        0.8069974498671574       6.2339721175943E-7
0.5889301292342628        0.786051390745195        6.680111114923479E-7
0.5889856956767393        0.7950633244826409       6.416631271106097E-7
0.5965022459608491        0.7813852565171009       6.641265425970362E-7
0.6045651368173788        0.7587946611133085       7.058520109157684E-7
0.6040117047779482        0.7767850208235325       6.595843273638917E-7
0.6044613403967393        0.7680521863934736       6.81826755382042E-7
0.6116556220195635        0.7451380144906321       7.223988045273458E-7
0.612793452693835         0.7539260356115352       6.977895111759449E-7
0.6184645204158201        0.7374665142681296       7.230592525557288E-7
0.6273168436935509        0.7234540286840704       7.311065861384199E-7
0.6274846222660727        0.73259636747229         7.105313358433319E-7
0.6348027564958104        0.7091121149579102       7.405811187328433E-7
0.6428198172803486        0.7039784306725579       7.283200665067867E-7
0.635140833426123         0.7183244686008612       7.208159529658104E-7
0.6549639529504647        0.6851418691610942       7.280009333487789E-7
0.6535335647042921        0.6912893114856082       7.215048608252724E-7
0.6510646800556008        0.6994947212974681       7.137953872141037E-7
0.6603147930700736        0.6758086418018785       7.279214149804281E-7
0.6589508955510947        0.6820697300619278       7.217392735639217E-7
0.6685364297007119        0.6715204346732586       7.108964665022331E-7
0.6776926211125872        0.6697000474024298       6.875836633232684E-7
0.6842493191397406        0.6682764068508444       6.712496599839872E-7
0.6877888032768826        0.6563601413147416       6.770624431025323E-7
0.6883720505926709        0.6640117261294174       6.655300624170883E-7
0.6952103754043155        0.6515669142097459       6.620564131328048E-7
0.7023111805428608        0.645801839864817        6.488387069574659E-7
0.7095650517832442        0.6406341389278974       6.342437923207633E-7
0.7171572551254993        0.6353270742185939       6.186385424769466E-7
0.7249339192138581        0.6301703742278864       6.021930926536477E-7
0.732891595467696         0.6250842393296682       5.850461690817807E-7
0.7409340402103161        0.6200424262351253       5.675197732472839E-7
0.749007341522914         0.6150170702945135       5.498065559521907E-7
0.757090713350153         0.6100062812802942       5.319813622226674E-7
0.7651808279829494        0.6050019679445385       5.140736028928154E-7
0.7732751811376067        0.6000004173337674       4.961049310296831E-7
0.7813719163361851        0.5950000100376335       4.78092303171219E-7
0.7894692243400028        0.5900000000000001       4.600507741827236E-7
0.7975665618653873        0.5850000000000001       4.4199097941391176E-7
0.805663899390772         0.5800000000000001       4.2392128848874665E-7
0.8137612369161563        0.5750000000000001       4.0584930270776374E-7
0.8218585744415409        0.5700000000000001       3.877819809746332E-7
0.8299559119669255        0.5650000000000001       3.697256841244346E-7
0.8380532494923099        0.56                     3.5168621756642786E-7
0.8461505870176944        0.555                    3.336688722691075E-7
0.8542479245430789        0.55                     3.15678464128676E-7
0.8623452620684633        0.545                    2.977193717725936E-7
0.870442599593848         0.54                     2.7979557285838735E-7
0.8785399371192324        0.5350000000000001       2.619106789346653E-7
0.886637274644617         0.5300000000000001       2.44067968936527E-7
0.8947346121700015        0.5250000000000001       2.262704213915732E-7
0.902831949695386         0.5200000000000001       2.0852074541559904E-7
0.9109292872207704        0.5150000000000001       1.9082141057901247E-7
0.919026624746155         0.5100000000000001       1.731746757261984E-7
0.9271239622715394        0.5050000000000001       1.5558261683056753E-7
0.9352212997969239        0.5000000000000001       1.3804715396795777E-7
0.9433186373223086        0.4950000000000001       1.2057007749059104E-7
0.9514159748476929        0.49000000000000016      1.0315307348286022E-7
0.9595133123730775        0.4850000000000001       8.579774857903715E-8
0.9676106498984619        0.48000000000000015      6.850565422152521E-8
0.9757079874238465        0.47500000000000014      5.127831043657523E-8
0.983805324949231         0.4700000000000002       3.411722920252717E-8
0.9919026624746154        0.465                    1.702393748359045E-8
1                         0.4600000000000001       0
0.47999999999999976       0.983805324949231        7.012075107945192E-8
0.4749999999999999        0.9919026624746153       3.546456051757048E-8
0.4699999999999999        1                        0
0.48499999999999993       0.9757079874238465       1.0396439814100792E-7
0.4899999999999999        0.9676106498984619       1.369895171262523E-7
0.4949999999999999        0.9595133123730775       1.6918850088566816E-7
0.49999999999999994       0.9514159748476931       2.0055230883023598E-7
0.5049999999999999        0.9433186373223086       2.3107065687893185E-7
0.5099999999999999        0.935221299796924        2.607322081745435E-7
0.5149997918521082        0.9271240985414032       2.8952438219718464E-7
0.5199986316845512        0.919027500210636        3.174331949681087E-7
0.5249955288843741        0.9109323013085497       3.4444351305479114E-7
0.5299899639989604        0.9028392754232852       3.705400577945818E-7
0.5349822801745884        0.8947489537056846       3.957077724316816E-7
0.539973595832196         0.8866612697454466       4.1993297569134164E-7
0.5449632059335862        0.878573964132155        4.432121655280037E-7
0.5499488379917336        0.8704857794299075       4.655405625114265E-7
0.5549332420316672        0.8623979253074577       4.86898447957394E-7
0.5599259674490243        0.8543056514274253       5.072760274950703E-7
0.5649368026023792        0.8462105782481721       5.266381606229296E-7
0.5699485283373991        0.8381562862359911       5.44857311583506E-7
0.5749710972145533        0.8301253256405152       5.619720896528999E-7
0.5799238430528442        0.8219912439395854       5.785241690765789E-7
0.5849804031658692        0.8138811698779516       5.93774377033251E-7
0.5895754068791527        0.8046053360162295       6.123655063698601E-7
0.596833254178408         0.7903860411156192       6.381302979367006E-7
0.5959795050360391        0.7980979121737739       6.180366965700526E-7
0.603759953190105         0.7854198753897784       6.367597918877515E-7
0.6097033243724902        0.7812012268715873       6.34959612424006E-7
0.6124315440260286        0.7634606189909364       6.746962869154623E-7
0.6126087100986354        0.7734560336884826       6.486701566190551E-7
0.6216429228895102        0.7482595582281937       6.894748011371572E-7
0.6205902448890455        0.7585887140689639       6.672429420489727E-7
0.6282217733751632        0.7416454822863856       6.882758929360247E-7
0.6288725518763654        0.7475929346653132       6.73065851380495E-7
0.6354551298220963        0.7275347898068122       7.006532905021675E-7
0.6358605479683769        0.7367446156718741       6.798210315822806E-7
0.6429813765047321        0.7131222407557091       7.101144553298666E-7
0.649997222499489         0.708063733297024        7.008782831312274E-7
0.6433736182081493        0.7223406448673223       6.906619803161996E-7
0.6600815571745638        0.6879101893487377       7.088810231363692E-7
0.6590263533872337        0.6958371052580293       6.983320961263172E-7
0.6572318119549926        0.7038921139703367       6.890175981555806E-7
0.6563771714374298        0.7105469330674967       6.79196923450519E-7
0.6658636918836175        0.6822342005395701       7.019298265528426E-7
0.675530658934036         0.6778694461765765       6.817100876737669E-7
0.6833218590304377        0.6744338125590227       6.65225928308479E-7
0.6891575522580656        0.6708688523537387       6.542005223065595E-7
0.6948884734728902        0.6601716522196952       6.524252329863043E-7
0.6934359655077331        0.6670703900078683       6.475855881871862E-7
0.7025022559621492        0.6561304608256878       6.364370782423076E-7
0.7098538952585716        0.6507167883938595       6.225988284414408E-7
0.7174211844834743        0.6454312202382428       6.077717386841485E-7
0.7251508283719112        0.6402193213012676       5.922112496023012E-7
0.7330177929017364        0.6351012116392084       5.760101624458563E-7
0.7409912321709001        0.6300489591398425       5.593182161378663E-7
0.7490295719727825        0.625023776267641        5.423095404948249E-7
0.75709908778469          0.6200083800261392       5.251075390439041E-7
0.7651833509096363        0.6150027962692647       5.077714336462535E-7
0.7732757730040879        0.6100007864813306       4.903365896160563E-7
0.781371969790498         0.6050000569024344       4.7282769074285644E-7
0.7894692243400029        0.6000000000000001       4.5526265367245417E-7
0.7975665618653873        0.5950000000000001       4.3765392244977433E-7
0.805663899390772         0.5900000000000001       4.20010578432675E-7
0.8137612369161563        0.5850000000000001       4.023407601360757E-7
0.8218585744415409        0.5800000000000001       3.8465194692591597E-7
0.8299559119669255        0.5750000000000001       3.669510019437836E-7
0.8380532494923099        0.5700000000000001       3.49244213579993E-7
0.8461505870176944        0.5650000000000001       3.315373354952771E-7
0.8542479245430789        0.56                     3.138356252079312E-7
0.8623452620684634        0.555                    2.961438812759085E-7
0.870442599593848         0.55                     2.784664791139376E-7
0.8785399371192324        0.545                    2.6080740549443746E-7
0.886637274644617         0.54                     2.4317029178808837E-7
0.8947346121700015        0.5350000000000001       2.2555844600562477E-7
0.902831949695386         0.5300000000000001       2.079748837068964E-7
0.9109292872207704        0.5250000000000001       1.904223578467072E-7
0.9190266247461548        0.5200000000000001       1.7290338762949164E-7
0.9271239622715394        0.5150000000000001       1.5542028644670713E-7
0.9352212997969239        0.5100000000000001       1.379751889719646E-7
0.9433186373223084        0.5050000000000001       1.2057007748954697E-7
0.9514159748476931        0.5000000000000001       1.0320680753211121E-7
0.9595133123730775        0.4950000000000001       8.588713290314978E-8
0.9676106498984619        0.49000000000000027      6.861273015921492E-8
0.9757079874238465        0.4850000000000001       5.1385222626107125E-8
0.983805324949231         0.48000000000000015      3.420620402213852E-8
0.9919026624746154        0.4750000000000001       1.7077261760336434E-8
1                         0.4700000000000002       0
0.4899999999999998        0.983805324949231        6.847680062480111E-8
0.48499999999999993       0.9919026624746153       3.4647736090045587E-8
0.47999999999999987       1                        0
0.4949999999999999        0.9757079874238465       1.0148351019245827E-7
0.49999999999999994       0.9676106498984619       1.3366252753590925E-7
0.5049999999999999        0.9595133123730775       1.6500704387932482E-7
0.5099999999999999        0.9514159748476931       1.9550896135724371E-7
0.5149999999999999        0.9433186373223086       2.2515907559045046E-7
0.5199999999999999        0.9352212997969239       2.539472582890144E-7
0.5249999347953495        0.9271240042268097       2.8186252734084597E-7
0.5299994756793086        0.9190269522644727       3.088929892963087E-7
0.5349979754383148        0.9109306105098577       3.350258381454104E-7
0.539994727648648         0.9028356711746599       3.602476322405253E-7
0.5449896338842258        0.8947425478818034       3.845456575866142E-7
0.549983409234727         0.8866509076513913       4.079091823233605E-7
0.5549761043271042        0.878559299857899        4.3033224292075747E-7
0.5599666866340781        0.8704682442103049       4.5180366703493246E-7
0.5649565294258452        0.8623796674493724       4.7230514824033215E-7
0.5699524765574748        0.8542885637767372       4.918337165014186E-7
0.5749453586501319        0.8462170463447972       5.103219852304122E-7
0.5799333881442392        0.8381594127112365       5.27788339973888E-7
0.5849470480688104        0.8300346800838249       5.444260456404489E-7
0.5899534820100928        0.8218539723595342       5.602359502019661E-7
0.5949448491856502        0.8134966999209795       5.755701285560869E-7
0.6001016104748087        0.8052389282500568       5.892401088177285E-7
0.6048659635949781        0.7959532487989269       6.054997587606483E-7
0.6118732445528423        0.7883679410794663       6.112322664143141E-7
0.6166807126545638        0.7813249433344185       6.192479012918044E-7
0.6203451027030705        0.7677833582660764       6.452326164506764E-7
0.6207498135555947        0.7753691307234702       6.253899915893846E-7
0.6267062625917189        0.763510248784242        6.409006866478804E-7
0.6296611998997753        0.7546127666655937       6.549264263878094E-7
0.6361234121795851        0.7466529257128702       6.573901251893001E-7
0.6436443095344206        0.7315284271351999       6.711474075504882E-7
0.6442640296175988        0.7404315473889054       6.509541763147548E-7
0.6517562081851415        0.7169091991799518       6.793964230514914E-7
0.6512729419549567        0.7266045852281221       6.617501744354687E-7
0.6594659554804952        0.7154456676256769       6.620852199170534E-7
0.6665428237977817        0.6911394160551949       6.85659311132234E-7
0.664083128467752         0.7091082343041394       6.615507483593267E-7
0.6655623627343046        0.6999955331065845       6.73485903969E-7
0.6741825232928443        0.6869203019464033       6.71597822035228E-7
0.6820429906744389        0.6826547084649588       6.568046913688228E-7
0.6892208755885189        0.6784793040316891       6.435259062337069E-7
0.6959367603373612        0.6733529034427173       6.325611884647275E-7
0.7012786231013127        0.6664608916545205       6.271655751986281E-7
0.7097893267253824        0.6608322398208695       6.112523379021342E-7
0.7175517320138848        0.6554870012275962       5.967113045954706E-7
0.7252940031663734        0.6502578772391455       5.818473733310493E-7
0.733129765754119         0.6451146367069416       5.6643617288942E-7
0.7410591185935589        0.6400490280756282       5.505255677600372E-7
0.7490628459345571        0.6350248396885666       5.342319982286769E-7
0.7571135935623956        0.6300099156088456       5.176770651753019E-7
0.7651882047641941        0.6250031475111185       5.009384114841998E-7
0.7732769175900341        0.6200010649971812       4.840584083770454E-7
0.7813720899395934        0.6150001407086287       4.6707158876238085E-7
0.7894692243400028        0.6100000000000001       4.500007272852791E-7
0.7975665618653873        0.6050000000000001       4.328607857974659E-7
0.805663899390772         0.6000000000000001       4.1566170856381483E-7
0.8137612369161563        0.5950000000000001       3.984121380163516E-7
0.8218585744415409        0.5900000000000001       3.811200441104109E-7
0.8299559119669255        0.5850000000000001       3.6379276558400923E-7
0.8380532494923099        0.5800000000000001       3.464370500109728E-7
0.8461505870176944        0.5750000000000001       3.290590926198934E-7
0.8542479245430789        0.5700000000000001       3.116645738721245E-7
0.8623452620684633        0.5650000000000001       2.9425869580630476E-7
0.870442599593848         0.56                     2.768462171693183E-7
0.8785399371192324        0.555                    2.594314873640706E-7
0.886637274644617         0.55                     2.420184792532322E-7
0.8947346121700015        0.545                    2.2461082086543647E-7
0.902831949695386         0.54                     2.0721182605641747E-7
0.9109292872207704        0.5350000000000001       1.8982452418246274E-7
0.919026624746155         0.5300000000000001       1.7245168884746832E-7
0.9271239622715396        0.5250000000000001       1.5509586578795707E-7
0.935221299796924         0.5200000000000001       1.377593999627459E-7
0.9433186373223086        0.5150000000000001       1.2044446191569595E-7
0.9514159748476929        0.5100000000000001       1.0315307348115533E-7
0.9595133123730775        0.5050000000000001       8.58871329024632E-8
0.9676106498984619        0.5000000000000001       6.864843943424569E-8
0.9757079874238465        0.4950000000000001       5.143871749927002E-8
0.983805324949231         0.49000000000000005      3.4259640470396744E-8
0.9919026624746154        0.4850000000000001       1.711285414768225E-8
1                         0.48000000000000015      0
0.49999999999999983       0.983805324949231        6.681903630039611E-8
0.4949999999999999        0.9919026624746154       3.382277143392372E-8
0.4899999999999999        1                        0
0.5049999999999999        0.9757079874238463       9.898557324324813E-8
0.5099999999999999        0.9676106498984619       1.3031765739153967E-7
0.5149999999999999        0.9595133123730775       1.60809235784178E-7
0.5199999999999999        0.9514159748476929       1.9045310240623532E-7
0.5249999999999999        0.9433186373223084       2.1924107280319232E-7
0.5299999999999999        0.9352212997969239       2.471641580953299E-7
0.5349999904805252        0.927123968389711        2.7421272236007836E-7
0.5399998869990199        0.9190266934444448       3.0037657477059204E-7
0.5449993953523596        0.910929679037288        3.2564491181362536E-7
0.5499979393130197        0.9028334072861864       3.500062489784335E-7
0.5549952138751224        0.8947382138323391       3.734496744451745E-7
0.5599915762914657        0.8866438569035298       3.959658772450397E-7
0.5649867857416381        0.8785500289991126       4.175467102160849E-7
0.5699799828950874        0.8704579920814072       4.381801468945045E-7
0.5749712674481505        0.862370457370731        4.5784932239546466E-7
0.5799608928033347        0.8542879108167197       4.765457431809912E-7
0.5849410183446546        0.8462015192902416       4.943039022937887E-7
0.589952323443904         0.8381017773062852       5.110800186860333E-7
0.5949555179474051        0.8299639105468323       5.270014392504788E-7
0.5999693292231953        0.8217561815878417       5.42115297566228E-7
0.6050049350748503        0.8135419109273394       5.562008364311762E-7
0.609993043748704         0.8053463483413459       5.693177212074295E-7
0.615412018716799         0.7971600086043075       5.805330147550397E-7
0.6207943022300267        0.7891940881400189       5.9020642140965E-7
0.6253914427277899        0.7814411003208659       6.000369371666138E-7
0.6289840410573998        0.7723154033403627       6.145360041180946E-7
0.635194756440875         0.7637924688671041       6.20680145032037E-7
0.6404499655186672        0.7560106755915474       6.26236303853124E-7
0.6465509697120484        0.7492574293475952       6.266638120763693E-7
0.6516480759901295        0.7354957146764212       6.430194379420066E-7
0.6514836706421527        0.7429134607698933       6.282580066088385E-7
0.6588251712107378        0.7222405894183113       6.510327608853516E-7
0.6588934963657206        0.7307443348747465       6.34592992474728E-7
0.6658866971299624        0.7177205493110471       6.415032501258252E-7
0.673682513615783         0.6957969155243786       6.588346608721631E-7
0.6727924719101428        0.7125071429624673       6.332166259046251E-7
0.6731098544207755        0.704036295371251        6.467826957941887E-7
0.6813957028059431        0.6918330017874119       6.446868889973473E-7
0.6888511417786727        0.6875435153746408       6.315208945220604E-7
0.696014949452137         0.682022031995057        6.206077947087127E-7
0.7028692205939399        0.6757606703346457       6.110758894931096E-7
0.7099373741560635        0.6707330955721588       5.989899559922537E-7
0.7176346102210228        0.6654784701268994       5.852611175291207E-7
0.7253826978811179        0.6602665125929622       5.710824060496894E-7
0.7332077445756808        0.6551225746291395       5.563923253172024E-7
0.741117791806095         0.6500469464746915       5.412061883335972E-7
0.7490986626681504        0.6450216489288445       5.256103721473516E-7
0.7571324795530321        0.64001034966964         5.097082401895403E-7
0.7651967201664123        0.6350029690849464       4.935831391730422E-7
0.7732792178380801        0.6300010224117939       4.772796370158986E-7
0.7813723638215666        0.6250001990291797       4.608333748569157E-7
0.7894692243400028        0.6200000000000001       4.442736558396675E-7
0.7975665618653873        0.6150000000000001       4.2761939805322273E-7
0.805663899390772         0.6100000000000001       4.1088172763299725E-7
0.8137612369161563        0.6050000000000001       3.940697558444067E-7
0.8218585744415409        0.6000000000000001       3.771919115568424E-7
0.8299559119669253        0.5950000000000001       3.6025598059630855E-7
0.8380532494923099        0.59                     3.4326914414620985E-7
0.8461505870176944        0.5850000000000001       3.262380161394261E-7
0.8542479245430789        0.5800000000000001       3.0916867961200087E-7
0.8623452620684633        0.5750000000000001       2.9206672200443333E-7
0.870442599593848         0.5700000000000001       2.749372694105235E-7
0.8785399371192324        0.5650000000000001       2.577850197857893E-7
0.8866372746446168        0.56                     2.4061427513777973E-7
0.8947346121700015        0.555                    2.2342897272944078E-7
0.902831949695386         0.55                     2.0623271533411203E-7
0.9109292872207704        0.545                    1.8902880058697454E-7
0.9190266247461548        0.5400000000000001       1.7182024948297638E-7
0.9271239622715396        0.5350000000000001       1.5460983407554775E-7
0.935221299796924         0.5300000000000001       1.3740010443389388E-7
0.9433186373223086        0.5250000000000001       1.2019341491947686E-7
0.9514159748476931        0.5200000000000001       1.029919498445101E-7
0.9595133123730775        0.5150000000000001       8.579774857700055E-8
0.9676106498984619        0.5100000000000001       6.861273015815523E-8
0.9757079874238465        0.5050000000000001       5.1438717498880834E-8
0.983805324949231         0.5000000000000001       3.427746122268696E-8
0.9919026624746154        0.4950000000000001       1.7130663222629853E-8
1                         0.49000000000000005      0
0.5099999999999999        0.983805324949231        6.515183270601498E-8
0.5049999999999999        0.9919026624746154       3.2991954190871285E-8
0.49999999999999994       1                        0
0.5149999999999999        0.9757079874238465       9.647684794971265E-8
0.5199999999999999        0.9676106498984619       1.2696285193891512E-7
0.5249999999999999        0.9595133123730775       1.5660450424358652E-7
0.5299999999999999        0.9514159748476929       1.8539543912558947E-7
0.5349999999999999        0.9433186373223084       2.133284317778634E-7
0.5399999999999998        0.9352212997969239       2.403955634409734E-7
0.5449999999999998        0.9271239622715394       2.6658838505778943E-7
0.549999990147878         0.9190266304048329       2.91898067019821E-7
0.5549998933182797        0.9109293622109274       3.163154526451117E-7
0.5599994195650072        0.9028323727958275       3.398310420853746E-7
0.5649982281724483        0.8947359680530946       3.624353306043692E-7
0.5699964798481254        0.8866401091304765       3.8411981455712966E-7
0.574993674678206         0.8785454322403673       4.048749347996009E-7
0.5799891289512459        0.870453518109955        4.246891956099032E-7
0.5849808970830314        0.8623666237759812       4.4355206676132634E-7
0.5899741118532749        0.854284300091891        4.614527706258995E-7
0.5949672410905782        0.8461850036434503       4.784537488071517E-7
0.5999697270677372        0.8380661375621258       4.94538925653411E-7
0.6049785895273124        0.8299221710451492       5.097194284151802E-7
0.6099970985834905        0.821766449373799        5.239428117511766E-7
0.6150236792332532        0.8136468580900129       5.370763524722812E-7
0.6201123976920243        0.8054972717436598       5.491969250528675E-7
0.6252720610239577        0.7973939616205665       5.600749471130757E-7
0.6302397117878782        0.789352613806765        5.702139614346407E-7
0.6349017567663254        0.7810870403159242       5.80593923871686E-7
0.6398427414963578        0.7726978436480231       5.897157335920249E-7
0.6450615940915114        0.7646773037178795       5.964120817925138E-7
0.6501349111172043        0.7570436268116292       6.016677974106912E-7
0.6557978360828125        0.7491076662175392       6.05325532024883E-7
0.6598990713305937        0.7403029282551721       6.13455296283249E-7
0.6664791552699908        0.7258547277805096       6.251629137315992E-7
0.6658419033476425        0.7335700928220694       6.122856299417916E-7
0.6738737856717796        0.7209749039479307       6.157622281509941E-7
0.6809814747856657        0.7150167813800739       6.08475046187204E-7
0.6813193219522944        0.7008701640189074       6.307363764772333E-7
0.678819890984921         0.7081860934603619       6.252438538913529E-7
0.6887683745933689        0.6974422705328461       6.169805149941931E-7
0.695973685529996         0.6914741385816873       6.074006575184711E-7
0.7030634552513471        0.6858296109429268       5.971927530190218E-7
0.7103049513866434        0.6805040626351935       5.857809968243112E-7
0.7177724876040491        0.6753730352838819       5.732237698125816E-7
0.7254573123750799        0.6702317364649489       5.598451264636837E-7
0.7332606982484858        0.6651152129805535       5.45879797934725E-7
0.7411587312690823        0.6600439364233074       5.313950487929113E-7
0.7491282856865541        0.6550169685358737       5.16479295359595E-7
0.7571507162878343        0.650009420920885        5.012277250885727E-7
0.7652072430753183        0.6450029724426056       4.857218113264154E-7
0.7732832174286441        0.6400008017477999       4.7001020069926513E-7
0.7813730605526478        0.6350001878243319       4.5412265738691713E-7
0.78946924083444          0.6300000004715766       4.380907030399917E-7
0.7975665618653873        0.6250000000000001       4.219382155337188E-7
0.805663899390772         0.6200000000000001       4.056782950729515E-7
0.8137612369161563        0.6150000000000001       3.893205248196457E-7
0.8218585744415409        0.6100000000000001       3.728737593677257E-7
0.8299559119669255        0.6050000000000001       3.5634620158239785E-7
0.8380532494923099        0.6000000000000001       3.397454391358356E-7
0.8461505870176944        0.5950000000000001       3.2307848026542005E-7
0.8542479245430789        0.5900000000000001       3.0635178870277923E-7
0.8623452620684633        0.5850000000000001       2.895713177387183E-7
0.870442599593848         0.5800000000000001       2.7274254340452277E-7
0.8785399371192324        0.5750000000000001       2.55870496763546E-7
0.886637274644617         0.5700000000000001       2.389597953186873E-7
0.8947346121700015        0.5650000000000001       2.2201467355153756E-7
0.902831949695386         0.56                     2.0503901261769664E-7
0.9109292872207704        0.555                    1.8803636923028567E-7
0.919026624746155         0.55                     1.710100037700654E-7
0.9271239622715394        0.545                    1.5396290766602991E-7
0.935221299796924         0.5400000000000001       1.3689783009490147E-7
0.9433186373223086        0.5350000000000001       1.198173040518439E-7
0.9514159748476931        0.5300000000000001       1.0272367184787349E-7
0.9595133123730775        0.5250000000000001       8.56191100921461E-8
0.9676106498984619        0.5200000000000001       6.8505654219441E-8
0.9757079874238465        0.5150000000000001       5.138522262495241E-8
0.983805324949231         0.5100000000000001       3.4259640469889147E-8
0.9919026624746154        0.5050000000000001       1.7130663222503794E-8
1                         0.5000000000000001       0
0.5199999999999999        0.983805324949231        6.347918427508098E-8
0.5149999999999999        0.9919026624746154       3.215737822659602E-8
0.5099999999999999        1                        0
0.5249999999999999        0.9757079874238465       9.396303610239997E-8
0.5299999999999999        0.9676106498984619       1.2360532698391995E-7
0.5349999999999999        0.9595133123730776       1.5240138555428315E-7
0.5399999999999999        0.9514159748476931       1.80345634705262E-7
0.5449999999999999        0.9433186373223086       2.0743174919010698E-7
0.5499999999999998        0.9352212997969239       2.3365281167713234E-7
0.5549999999999998        0.9271239622715394       2.590014668971936E-7
0.5599999999999998        0.919026624746155        2.834700734411412E-7
0.5649999915638267        0.9109292944175481       3.0705083580916475E-7
0.5699998941707045        0.9028320267816853       3.297358811249514E-7
0.5749994856227859        0.8947350835198471       3.515169986617351E-7
0.5799988437617467        0.8866385572804437       3.723865994366163E-7
0.584997266233471         0.8785436802344223       3.923348640398453E-7
0.5899942200186984        0.8704515185095234       4.1135335497751957E-7
0.5949888210183267        0.8623616612812789       4.2943974205484494E-7
0.5999835151474227        0.8542681406945727       4.4660424131615353E-7
0.6049823721097601        0.8461652117054396       4.6285236625412386E-7
0.6099857261845207        0.838049439395143        4.781872595825743E-7
0.6149949133349412        0.8299238166775443       4.925925413936904E-7
0.6200115920915683        0.8218036300159135       5.060198547123151E-7
0.6250400787988242        0.8136926657530056       5.184513793043341E-7
0.6301049034675711        0.8055688371464378       5.298979417288231E-7
0.6351227396711443        0.7974801844045014       5.403979396383419E-7
0.6400346417629874        0.7894006357874522       5.5015344403507E-7
0.6449576799289296        0.7812364854541718       5.591629675679091E-7
0.649956620693105         0.7730783601926973       5.670716432893665E-7
0.6549902320914976        0.7651161630954783       5.735605586511321E-7
0.6599607523581655        0.7571814420309011       5.792460329893102E-7
0.6651409633220768        0.748892279909765        5.842886854133655E-7
0.6701291966087681        0.7406065388263293       5.888402106035873E-7
0.6748077923659085        0.7312073187089817       5.952413542351336E-7
0.687589258600084         0.7175810887683463       5.880958518110346E-7
0.6822907872532608        0.7235865548347183       5.907879866550011E-7
0.6885114093789819        0.7085132356971855       6.004488094167985E-7
0.6963105755524535        0.7009591598011801       5.926886075276101E-7
0.702873116238629         0.6950601616729268       5.848987088339304E-7
0.7103448083067375        0.69015660043805         5.730506111549582E-7
0.7178696597493536        0.685181198278817        5.608682303724148E-7
0.7255211449045582        0.6801491134284734       5.481563690305667E-7
0.7333020290477341        0.6750878606172422       5.348871846255727E-7
0.7411853296708791        0.6700371169677579       5.21100773476109E-7
0.749147435592843         0.6650132367767354       5.068612183785744E-7
0.7571636149430584        0.6600074223849955       4.922606129360977E-7
0.7652157480251165        0.6550033143390501       4.773769962028046E-7
0.7732879329083016        0.6500007533286501       4.6226417836816216E-7
0.781374377077583         0.6450001547514103       4.469498061997131E-7
0.7894693321780256        0.6400000026258771       4.3146163440822607E-7
0.7975665618653873        0.6350000000000001       4.15826282240508E-7
0.805663899390772         0.6300000000000001       4.0005964505923913E-7
0.8137612369161563        0.6250000000000001       3.84171915714539E-7
0.8218585744415409        0.6200000000000001       3.681723401189134E-7
0.8299559119669255        0.6150000000000001       3.520695068560993E-7
0.8380532494923099        0.6100000000000001       3.3587138165990255E-7
0.8461505870176944        0.6050000000000001       3.195853413508084E-7
0.8542479245430789        0.6000000000000001       3.0321820715667054E-7
0.8623452620684634        0.5950000000000001       2.8677627736256665E-7
0.870442599593848         0.5900000000000001       2.702653592514828E-7
0.8785399371192324        0.5850000000000001       2.5369080031212135E-7
0.886637274644617         0.5800000000000001       2.370575187030321E-7
0.8947346121700015        0.5750000000000001       2.203700329736067E-7
0.902831949695386         0.5700000000000001       2.0363249105240258E-7
0.9109292872207704        0.5650000000000001       1.868486985219041E-7
0.9190266247461548        0.56                     1.7002214620635222E-7
0.9271239622715394        0.5549999999999999       1.5315603710577848E-7
0.9352212997969239        0.55                     1.362533127149961E-7
0.9433186373223084        0.545                    1.1931667877114216E-7
0.9514159748476931        0.5400000000000001       1.0234863047751967E-7
0.9595133123730775        0.5350000000000001       8.53514772550491E-8
0.9676106498984619        0.5300000000000001       6.83273670756754E-8
0.9757079874238463        0.5250000000000001       5.127831043469344E-8
0.983805324949231         0.5200000000000001       3.420620402114005E-8
0.9919026624746154        0.5150000000000001       1.711285414730824E-8
1                         0.5100000000000001       0
0.5299999999999998        0.983805324949231        6.180472180086686E-8
0.5249999999999999        0.9919026624746154       3.1320951558862155E-8
0.5199999999999999        1                        0
0.5349999999999999        0.9757079874238465       9.144930637468101E-8
0.5399999999999998        0.9676106498984619       1.2025160442420673E-7
0.5449999999999999        0.9595133123730775       1.482075704610973E-7
0.5499999999999998        0.9514159748476931       1.7531236481797058E-7
0.5549999999999998        0.9433186373223084       2.0156050249033727E-7
0.5599999999999998        0.9352212997969239       2.2694600008506254E-7
0.5649999999999998        0.9271239622715396       2.51462520511502E-7
0.5699999999999998        0.919026624746155        2.7510351497918635E-7
0.5749999999999998        0.9109292872207704       2.978623618037402E-7
0.5799999902940082        0.902831955713403        3.197324915104236E-7
0.5849998552123691        0.8947348407780513       3.4070699179789194E-7
0.5899995542510588        0.8866381659745702       3.6077923101184125E-7
0.5949986451042478        0.8785426781039808       3.799419752526334E-7
0.5999965925175027        0.8704487650057997       3.981900778947456E-7
0.6049940199526567        0.8623545185015667       4.15524466751082E-7
0.6099924917827176        0.8542572866716434       4.319468908762063E-7
0.6149930737788153        0.8461560995620119       4.4745480464227296E-7
0.6199955969224431        0.8380504233274216       4.620467943489321E-7
0.6250021764746012        0.8299385899299042       4.757215477779586E-7
0.6300156870010872        0.8218274974094784       4.884543124546026E-7
0.6350375453033358        0.8137189770013897       5.002381369341095E-7
0.6400535634650439        0.8056190625154938       5.110863579440537E-7
0.6450380345089511        0.7975277091503044       5.210553825388019E-7
0.6500008235620927        0.7894338342361539       5.301635477136402E-7
0.6549823899151501        0.7813491684555369       5.38311869033629E-7
0.6599650507265017        0.7732728995700342       5.45545429544662E-7
0.6649123783893183        0.7651829411882121       5.519978667980613E-7
0.6699863612802875        0.7570145665655689       5.574546603571526E-7
0.675021586443937         0.7488285391415158       5.621448631348898E-7
0.6799160610044916        0.7405757425715053       5.664033945591272E-7
0.695056018491603         0.7165046817350452       5.719156627828265E-7
0.6909564152238696        0.7245735756812978       5.685887299613019E-7
0.6855099849777795        0.7324275682629615       5.680043590212369E-7
0.6993481330641247        0.7091631173366123       5.729541125506414E-7
0.7033672291824753        0.7026097840376344       5.728939030750599E-7
0.7101617683125442        0.6994684609309152       5.608319102886299E-7
0.7178114807087402        0.6949017241010541       5.484987567213341E-7
0.7255347389779319        0.6900289072631031       5.361228530604282E-7
0.7333267490954342        0.6850470079511712       5.234379529538789E-7
0.741204935089563         0.6800272887096912       5.10320055906434E-7
0.7491590633574727        0.6750107802892901       4.967626752092019E-7
0.7571706187926909        0.6700057118969779       4.828207528969163E-7
0.7652198953605173        0.6650033884900257       4.6856778692876817E-7
0.7732912399839732        0.6600009972704205       4.540588392659576E-7
0.7813758791769567        0.6550001637201918       4.3932722705183334E-7
0.7894695446614073        0.6500000063621991       4.243968055983011E-7
0.7975665618653873        0.6450000000000001       4.0929318799296693E-7
0.805663899390772         0.6400000000000001       3.94034548683346E-7
0.8137612369161563        0.6350000000000001       3.7863192482676227E-7
0.8218585744415409        0.6300000000000001       3.6309491833583554E-7
0.8299559119669255        0.6250000000000001       3.4743247119610194E-7
0.8380532494923099        0.6200000000000001       3.3165289771832397E-7
0.8461505870176944        0.6150000000000001       3.1576391648661935E-7
0.8542479245430789        0.6100000000000001       2.9977268190544807E-7
0.8623452620684633        0.6050000000000001       2.8368581527172503E-7
0.870442599593848         0.6000000000000001       2.6750943531579755E-7
0.8785399371192324        0.5950000000000001       2.512491881706474E-7
0.886637274644617         0.5900000000000001       2.3491027674259577E-7
0.8947346121700015        0.5850000000000001       2.184974894691811E-7
0.902831949695386         0.5800000000000001       2.0201522846080594E-7
0.9109292872207704        0.5750000000000001       1.8546753703243487E-7
0.9190266247461548        0.5700000000000001       1.6885812664012916E-7
0.9271239622715394        0.5650000000000001       1.521904032447083E-7
0.9352212997969239        0.56                     1.3546749313137938E-7
0.9433186373223086        0.555                    1.1869226821995079E-7
0.9514159748476929        0.55                     1.0186737090528118E-7
0.9595133123730775        0.545                    8.499523847203156E-8
0.9676106498984619        0.5400000000000001       6.807812713167418E-8
0.9757079874238465        0.5350000000000001       5.111813573308768E-8
0.983805324949231         0.5300000000000001       3.411722920107066E-8
0.9919026624746154        0.5250000000000001       1.7077261759726745E-8
1                         0.5200000000000001       0
0.5399999999999998        0.983805324949231        6.013172979938944E-8
0.5349999999999999        0.9919026624746154       3.0484404796273796E-8
0.5299999999999998        1                        0
0.5449999999999999        0.9757079874238465       8.89403210523424E-8
0.5499999999999998        0.9676106498984619       1.1690754872884887E-7
0.5549999999999998        0.9595133123730775       1.440299506953709E-7
0.5599999999999998        0.9514159748476929       1.7030337443623247E-7
0.5649999999999998        0.9433186373223086       1.9572311711783294E-7
0.5699999999999998        0.935221299796924        2.2028406349287678E-7
0.5749999999999998        0.9271239622715396       2.439808212785088E-7
0.5799999999999998        0.919026624746155        2.668078535842018E-7
0.5849999999999997        0.9109292872207705       2.8875960791701926E-7
0.5899999999999997        0.902831949695386        3.09830641249863E-7
0.5949999354644248        0.8947347536339261       3.300153715029935E-7
0.5999997115417606        0.8866379069537675       3.493084507168992E-7
0.6049992056832824        0.8785415480505687       3.677053091728576E-7
0.6099984609342456        0.8704453317991384       3.85203200449104E-7
0.6149978661822241        0.8623485347096939       4.018005332068644E-7
0.6199978030088643        0.8542507982134051       4.174951546510478E-7
0.6249983584990115        0.8461522782731826       4.322845871490436E-7
0.6299993038310931        0.8380535220878357       4.46166744167396E-7
0.6350009038965956        0.8299539279287211       4.591428575678182E-7
0.6400088990742164        0.821847206428922        4.7121976067612265E-7
0.6450169810372891        0.8137451067689203       4.823798452712026E-7
0.6500182092614932        0.8056483355768609       4.926386541378496E-7
0.6550063530683394        0.7975602907069689       5.020072909139235E-7
0.6599930243102077        0.7894601503692087       5.105188002977626E-7
0.6649797004498806        0.7813740972982357       5.1811924643786E-7
0.6699620733266102        0.7732832515634772       5.248672349662413E-7
0.6749487193648545        0.7651686484693245       5.307908673488647E-7
0.6799817558241833        0.757011325066736        5.35840124351392E-7
0.6849751806238142        0.7488707819091904       5.400908263082188E-7
0.6900082713543046        0.7407770476841327       5.433362769935639E-7
0.7038337468350745        0.7172106345441082       5.501190293279303E-7
0.69965295083282          0.7248369358353548       5.479665825539872E-7
0.695150096451338         0.7327243794404322       5.454496984906679E-7
0.7090438844111135        0.7094060344998409       5.494455874904342E-7
0.7175312980222871        0.7046768552628272       5.360821644176373E-7
0.7254545551641646        0.6999078787019277       5.238147468211038E-7
0.7333196487369152        0.6950173343078612       5.115548415318319E-7
0.7412171158113394        0.6900261278007521       4.990568892060274E-7
0.7491688776194775        0.6850123285644534       4.861821039926815E-7
0.7571750013919903        0.6800056405562116       4.729131835137897E-7
0.7652211677779599        0.6750030899954981       4.5930413344678934E-7
0.7732921651162696        0.6700013258187427       4.4540920006342495E-7
0.7813768216011483        0.6650002761631162       4.31268456900257E-7
0.7894698031894174        0.660000009130791        4.16907362126327E-7
0.7975665618653873        0.6550000000000001       4.023490251246346E-7
0.805663899390772         0.6500000000000001       3.876122745943843E-7
0.8137612369161563        0.6450000000000001       3.72709038333738E-7
0.8218585744415409        0.6400000000000001       3.576492383324002E-7
0.8299559119669253        0.6350000000000001       3.424421369445398E-7
0.8380532494923099        0.63                     3.270963667696515E-7
0.8461505870176944        0.6250000000000001       3.1161996046773513E-7
0.8542479245430789        0.6200000000000001       2.9602038038700435E-7
0.8623452620684633        0.6150000000000001       2.8030454791309275E-7
0.870442599593848         0.6100000000000001       2.644788724666413E-7
0.8785399371192324        0.6050000000000001       2.4854928009259195E-7
0.8866372746446168        0.6000000000000001       2.3252124159923356E-7
0.8947346121700015        0.5950000000000001       2.1639980021829748E-7
0.902831949695386         0.5900000000000001       2.001895987692109E-7
0.9109292872207704        0.5850000000000001       1.8389490632116352E-7
0.9190266247461548        0.5800000000000001       1.6751964435605137E-7
0.9271239622715394        0.5750000000000001       1.510674124437218E-7
0.9352212997969239        0.5700000000000001       1.3454151344836534E-7
0.9433186373223084        0.5650000000000001       1.179449782915146E-7
0.9514159748476931        0.56                     1.0128059030296324E-7
0.9595133123730775        0.555                    8.455090919614712E-8
0.9676106498984619        0.55                     6.775829470916084E-8
0.9757079874238465        0.545                    5.090492995676369E-8
0.983805324949231         0.54                     3.399284454241654E-8
0.9919026624746154        0.5350000000000001       1.7023937482765122E-8
1                         0.53                     0
0.5499999999999998        0.983805324949231        5.846316440105486E-8
0.5449999999999999        0.9919026624746154       2.964929992273594E-8
0.5399999999999999        1                        0
0.5549999999999999        0.9757079874238465       8.644026331592115E-8
0.5599999999999998        0.9676106498984619       1.135784038404914E-7
0.565                     0.9595133123730775       1.3987466565776841E-7
0.5699999999999998        0.9514159748476929       1.653255343759643E-7
0.5749999999999998        0.9433186373223086       1.8992703289377473E-7
0.5799999999999998        0.935221299796924        2.1367485040629722E-7
0.5849999999999997        0.9271239622715396       2.3656446868841063E-7
0.5899999999999997        0.919026624746155        2.585912852468665E-7
0.5949999999999998        0.9109292872207705       2.797507328960266E-7
0.5999999999999998        0.902831949695386        3.000383952825822E-7
0.6049999738369287        0.8947346695202412       3.194499737922602E-7
0.6099999132881075        0.886637464719697        3.379816547840088E-7
0.6149998038326197        0.8785403429829478       3.556301372493053E-7
0.6199996818243806        0.870443188642799        3.723929701012847E-7
0.6249996308443334        0.8623458674350295       3.882682996446356E-7
0.6299996909600568        0.8542483906139027       4.0325461755087993E-7
0.6349998345111659        0.8461508296195238       4.173511566998182E-7
0.6399999999999996        0.8380532494923101       4.305581177988607E-7
0.6449999999999995        0.8299559119669255       4.428763855969922E-7
0.6499999999999994        0.8218585744415409       4.5430856128723365E-7
0.6550039879599953        0.813757960299602        4.648585653515414E-7
0.6600035892962632        0.805660974835699        4.745287881872562E-7
0.6649987479277129        0.7975685333028778       4.833242763820162E-7
0.6699901309380705        0.7894749782154806       4.912638493090543E-7
0.6749816059187576        0.7813842269020193       4.983399015713099E-7
0.6799737331420239        0.7732756938551038       5.046008117120289E-7
0.684972479249549         0.7651501697733593       5.100385566147206E-7
0.6899839871975317        0.7570320963679764       5.146022649834264E-7
0.6949856379754962        0.7489355195602824       5.183280416660888E-7
0.6999835583673951        0.7408723240068091       5.212019034756932E-7
0.7112119135306014        0.718204474493572        5.315698339879789E-7
0.7086907876749007        0.7251489577910667       5.269002139511482E-7
0.7047893979518591        0.7328588251720383       5.23637397089201E-7
0.717853101930688         0.7145089148932168       5.216995086177393E-7
0.7252958022316606        0.7097730098712602       5.112162840540282E-7
0.7332685038050686        0.7050581360338292       4.992015606242487E-7
0.7412118114097348        0.7000644643112767       4.873121566664327E-7
0.7491752019377786        0.6950251947486169       4.751305502763118E-7
0.7571795204332407        0.6900063826292288       4.6254719792494756E-7
0.7652221704599588        0.6850026336910027       4.4959383702663266E-7
0.7732919971900453        0.6800012345676412       4.363257621718009E-7
0.7813770113129026        0.6750005389568544       4.2278611783487314E-7
0.789469979803288         0.67000004428629         4.090049821692624E-7
0.7975665618653873        0.6650000000000001       3.9500434414534584E-7
0.805663899390772         0.6600000000000001       3.8080254847288505E-7
0.8137612369161563        0.6550000000000001       3.6641219537841094E-7
0.8218585744415409        0.6500000000000001       3.5184349070876E-7
0.8299559119669255        0.6450000000000001       3.3710598371707974E-7
0.8380532494923099        0.6400000000000001       3.2220859445594085E-7
0.8461505870176944        0.6350000000000001       3.071596413384653E-7
0.8542479245430789        0.6300000000000001       2.919668687221362E-7
0.8623452620684633        0.6250000000000001       2.7663747440860723E-7
0.870442599593848         0.6200000000000001       2.61178136970851E-7
0.8785399371192324        0.6150000000000001       2.455950428359832E-7
0.886637274644617         0.6100000000000001       2.2989391306746145E-7
0.8947346121700015        0.6050000000000001       2.1408002980425743E-7
0.902831949695386         0.6000000000000001       1.9815826232712512E-7
0.9109292872207704        0.5950000000000001       1.8213309273339E-7
0.919026624746155         0.5900000000000001       1.6600864121181452E-7
0.9271239622715394        0.5850000000000001       1.4978869091824397E-7
0.9352212997969239        0.5800000000000001       1.3347671246089314E-7
0.9433186373223084        0.5750000000000001       1.1707588801152559E-7
0.9514159748476929        0.5700000000000001       1.0058913506535664E-7
0.9595133123730775        0.5650000000000001       8.401912987847262E-8
0.9676106498984619        0.56                     6.736833061692615E-8
0.9757079874238465        0.555                    5.063900025651677E-8
0.983805324949231         0.55                     3.3833229276679434E-8
0.9919026624746154        0.545                    1.6952958195928868E-8
1                         0.5400000000000001       0
0.5599999999999998        0.983805324949231        5.6801671504720926E-8
0.5549999999999999        0.9919026624746154       2.881703928378121E-8
0.5499999999999998        1                        0
0.5649999999999998        0.9757079874238465       8.395286470836902E-8
0.5699999999999998        0.9676106498984619       1.1026883005315515E-7
0.5749999999999998        0.9595133123730775       1.3574714874106932E-7
0.5799999999999997        0.9514159748476929       1.6038489702661347E-7
0.5849999999999997        0.9433186373223086       1.841787690394799E-7
0.5899999999999997        0.935221299796924        2.0712519710710784E-7
0.5949999999999998        0.9271239622715396       2.2922046922095491E-7
0.5999999999999998        0.919026624746155        2.5046084325573457E-7
0.6049999999999998        0.9109292872207705       2.708426575246741E-7
0.6099999999999998        0.902831949695386        2.903624372355089E-7
0.6149999955149019        0.8947346220014714       3.090169726430816E-7
0.6199999999999998        0.886637274644617        3.268035348156473E-7
0.6249999999999999        0.8785399371192324       3.4371972948669087E-7
0.6299999999999997        0.8704425995938481       3.5976382039822786E-7
0.6349999999999997        0.8623452620684636       3.7493468992544374E-7
0.6399999999999996        0.8542479245430791       3.8923193574152163E-7
0.6449999999999996        0.8461505870176945       4.026559368391178E-7
0.6499999999999995        0.8380532494923099       4.1520791241345305E-7
0.6549999999999995        0.8299559119669252       4.268899734316266E-7
0.6599999999999994        0.8218585744415406       4.377051669397133E-7
0.6650000698738464        0.8137612374704919       4.476573916599375E-7
0.6699996815989805        0.8056642998795472       4.567517259914191E-7
0.6749957807904301        0.7975705970967041       4.6499400297945744E-7
0.6799893658906095        0.7894771704525927       4.72396643872226E-7
0.6849842778635181        0.7813754752839743       4.789774295483525E-7
0.689977710565635         0.7732646567426166       4.847506299932692E-7
0.6949689694030657        0.7651485981383974       4.897190508760329E-7
0.6999527895336727        0.7570377487260715       4.938857942620327E-7
0.7049184231340754        0.7489364120577479       4.972804948377664E-7
0.7098312748247635        0.7408395958205345       5.000022449995239E-7
0.7182805739494157        0.7249043822338378       5.058470743725922E-7
0.7145563118300209        0.7326664496407023       5.024878240215034E-7
0.7251559000049352        0.7191261254421137       4.988061619168097E-7
0.7249129679113911        0.725178251698054        4.908871789687616E-7
0.7331677982488125        0.7153714224847272       4.861254922298912E-7
0.7411940333388034        0.7102216761078511       4.749855348614992E-7
0.7491549951643681        0.7050558191131825       4.636657612850144E-7
0.757175299808959         0.7000008142418223       4.5176566181842606E-7
0.7652223827013066        0.6949986065448055       4.3945614899176737E-7
0.7732915232423543        0.6900003172908081       4.268207297303431E-7
0.7813768890807449        0.685000601922583        4.138921584240706E-7
0.7894700798369328        0.6800001570424171       4.0070142300365067E-7
0.7975665673600012        0.6750000060000398       3.87270092134417E-7
0.805663899390772         0.6700000000000002       3.736155117025682E-7
0.8137612369161563        0.6650000000000001       3.5975075021990817E-7
0.8218585744415409        0.6600000000000001       3.456862778106867E-7
0.8299559119669255        0.6550000000000001       3.3143189699803144E-7
0.8380532494923099        0.6500000000000001       3.1699678415972005E-7
0.8461505870176944        0.6450000000000001       3.023895147382031E-7
0.8542479245430789        0.6400000000000001       2.8761808867775196E-7
0.8623452620684634        0.6350000000000001       2.7268995596800925E-7
0.870442599593848         0.6300000000000001       2.5761204219122985E-7
0.8785399371192324        0.6250000000000001       2.4239077398783856E-7
0.886637274644617         0.6200000000000001       2.2703210437066715E-7
0.8947346121700015        0.6150000000000001       2.1154153783260913E-7
0.902831949695386         0.6100000000000001       1.9592415520550002E-7
0.9109292872207704        0.6050000000000001       1.8018463823990237E-7
0.9190266247461548        0.6000000000000001       1.643272938862409E-7
0.9271239622715394        0.595                    1.4835607826749727E-7
0.9352212997969239        0.5900000000000001       1.3227462034250376E-7
0.9433186373223084        0.5850000000000001       1.1608624526689873E-7
0.9514159748476929        0.5800000000000001       9.979399746606511E-8
0.9595133123730775        0.5750000000000001       8.340066344098222E-8
0.9676106498984619        0.5700000000000001       6.690879433392801E-8
0.9757079874238465        0.5650000000000001       5.0320728286476486E-8
0.983805324949231         0.56                     3.363861262727037E-8
0.9919026624746154        0.555                    1.686442593170831E-8
1                         0.55                     0
0.5699999999999998        0.983805324949231        5.514960496676329E-8
0.565                     0.9919026624746154       2.798887465104171E-8
0.5599999999999999        1                        0
0.5749999999999998        0.9757079874238465       8.14814324770041E-8
0.5799999999999998        0.9676106498984619       1.0698294049113753E-7
0.5849999999999997        0.9595133123730775       1.3165217287495243E-7
0.5899999999999997        0.9514159748476931       1.5548675082634146E-7
0.5949999999999998        0.9433186373223086       1.7848398737452354E-7
0.5999999999999998        0.935221299796924        2.00640999288958E-7
0.6049999999999998        0.9271239622715396       2.2195481605199673E-7
0.6099999999999998        0.919026624746155        2.424224855241873E-7
0.6149999999999998        0.9109292872207705       2.620411759136037E-7
0.6199999999999998        0.902831949695386        2.808082736506668E-7
0.6249999999999998        0.8947346121700015       2.9872147676938144E-7
0.6299999999999997        0.886637274644617        3.1577888339419337E-7
0.6349999999999996        0.8785399371192324       3.319790749600537E-7
0.6399999999999995        0.870442599593848        3.473211937950846E-7
0.6449999999999996        0.8623452620684636       3.6180501474884563E-7
0.6499999999999996        0.8542479245430791       3.754310105684839E-7
0.6549999999999995        0.8461505870176945       3.882004107736472E-7
0.6599999999999996        0.8380532494923099       4.001152538292985E-7
0.6649999999999996        0.8299559119669255       4.111784324667118E-7
0.6699999999999996        0.8218585744415409       4.2139373204288155E-7
0.6749998772518677        0.8137613437802348       4.3076583872542673E-7
0.6799998823223083        0.805663975878643        4.393005245257218E-7
0.684996313318075         0.7975691711956463       4.4700555740795373E-7
0.6899910006961444        0.789472451809334        4.5389491229324305E-7
0.6949844961547592        0.7813689464160745       4.599850321411156E-7
0.699971396498439         0.7732576845511168       4.652963453804866E-7
0.7049481988264928        0.7651433986675129       4.698373578154427E-7
0.7099087878752158        0.7570287876191165       4.7362799338031166E-7
0.7148484902279088        0.7489044966136725       4.7670683204149983E-7
0.7197984819980613        0.7407013928094265       4.791266423376279E-7
0.7246895943906357        0.7320568169305209       4.815547246635156E-7
0.731961624555774         0.7253265783859846       4.7542207938177255E-7
0.7408705508744694        0.7201509485078136       4.631509556427346E-7
0.7490487050871912        0.7150009014424968       4.520504000292184E-7
0.7571272678274843        0.7099348090119799       4.407206315992469E-7
0.7652147795391008        0.7049865886176652       4.289260342561185E-7
0.7732890652871885        0.6999975327884743       4.169127448701795E-7
0.7813761136103871        0.6950000804970632       4.0460070458616816E-7
0.7894700574903833        0.6900002206628405       3.9200905488745186E-7
0.7975665992208497        0.6850000225642644       3.791575529845101E-7
0.805663899390772         0.6800000000000002       3.660616796050923E-7
0.8137612369161563        0.6750000000000002       3.52734433783653E-7
0.8218585744415409        0.6700000000000002       3.391865784560748E-7
0.8299559119669255        0.6650000000000001       3.2542813589841993E-7
0.8380532494923099        0.6600000000000001       3.114685076448494E-7
0.8461505870176944        0.6550000000000001       2.97316497274207E-7
0.8542479245430789        0.6500000000000001       2.8298033362026926E-7
0.8623452620684633        0.6450000000000001       2.6846769427240513E-7
0.870442599593848         0.6400000000000001       2.537857292517639E-7
0.8785399371192324        0.6350000000000001       2.389410847652992E-7
0.886637274644617         0.6300000000000001       2.2393992695583248E-7
0.8947346121700015        0.6250000000000001       2.0878796558101704E-7
0.902831949695386         0.6200000000000001       1.934904775674726E-7
0.9109292872207704        0.6150000000000001       1.78052330398674E-7
0.9190266247461548        0.6100000000000001       1.624780053064066E-7
0.9271239622715394        0.6050000000000001       1.4677162024588367E-7
0.9352212997969239        0.6000000000000001       1.3093695264398127E-7
0.9433186373223086        0.5950000000000001       1.1497746191862375E-7
0.9514159748476929        0.5900000000000001       9.88963117751821E-8
0.9595133123730775        0.5850000000000001       8.269639229291348E-8
0.9676106498984619        0.5800000000000001       6.63803418210763E-8
0.9757079874238465        0.5750000000000001       4.995056871040425E-8
0.983805324949231         0.5700000000000001       3.340927291126016E-8
0.9919026624746154        0.5650000000000001       1.6758467475003782E-8
1                         0.56                     0
0.5799999999999998        0.983805324949231        5.350904463366083E-8
0.575                     0.9919026624746154       2.716591625983205E-8
0.5699999999999998        1                        0
0.5849999999999997        0.9757079874238465       7.902887653032975E-8
0.5899999999999997        0.9676106498984619       1.0372433688007276E-7
0.5949999999999998        0.9595133123730775       1.2759389495257146E-7
0.5999999999999998        0.9514159748476931       1.5063567312874425E-7
0.6049999999999998        0.9433186373223086       1.728475533453174E-7
0.6099999999999998        0.935221299796924        1.9422728090206962E-7
0.6149999999999998        0.9271239622715396       2.1477256529833165E-7
0.6199999999999998        0.919026624746155        2.3448117774826787E-7
0.6249999999999997        0.9109292872207704       2.5335104501408564E-7
0.6299999999999997        0.902831949695386        2.7138033919265325E-7
0.6349999999999997        0.8947346121700015       2.885675630939233E-7
0.6399999999999996        0.8866372746446172       3.0491163086006543E-7
0.6449999999999995        0.8785399371192324       3.2041194349146456E-7
0.6499999999999995        0.870442599593848        3.3506845897081555E-7
0.6549999999999996        0.8623452620684634       3.48881756706869E-7
0.6599999999999996        0.8542479245430791       3.6185309605442614E-7
0.6649999999999996        0.8461505870176945       3.7398446870805514E-7
0.6699999999999996        0.8380532494923099       3.8527864481117203E-7
0.6749999999999996        0.8299559119669253       3.957392126646094E-7
0.6799999999999996        0.8218585744415409       4.053706119559735E-7
0.6849999999999996        0.8137612369161563       4.1417816055324975E-7
0.6899990351634231        0.8056645521218545       4.2216841699426E-7
0.6949960056016206        0.7975671724080438       4.2935330005845535E-7
0.6999897324195149        0.7894665211084635       4.357479053536413E-7
0.7049764699677232        0.7813595410888533       4.41373344111345E-7
0.7099507542539416        0.7732453088279351       4.462510527598218E-7
0.7149177180210933        0.7651305218272608       4.503709389347527E-7
0.719855844800151         0.7570130995057739       4.537911647477561E-7
0.724775395945027         0.748906011924042        4.564866804581286E-7
0.7297849920153043        0.7408318693785466       4.582189183747284E-7
0.7334657210344886        0.7337089473770121       4.606902721785661E-7
0.7408614956958006        0.7299389759764663       4.503923525898146E-7
0.7489827744079698        0.7249901537937126       4.398705115550909E-7
0.7570891778921276        0.7199571361801214       4.291397687705472E-7
0.7651971317798449        0.7149885455607545       4.1799834593617654E-7
0.7732928763480662        0.7100002641137726       4.065910458035734E-7
0.7813723495842398        0.7050001222781901       3.9492877612158444E-7
0.7894692243400029        0.7000000000000002       3.8294199708264575E-7
0.7975665618653873        0.6950000000000002       3.706786245796869E-7
0.805663899390772         0.6900000000000002       3.5815189959030824E-7
0.8137612369161563        0.6850000000000002       3.4537331494334634E-7
0.8218585744415409        0.6800000000000002       3.3235371223323153E-7
0.8299559119669255        0.6750000000000002       3.1910330035601695E-7
0.8380532494923099        0.6700000000000002       3.0563167503577185E-7
0.8461505870176944        0.6650000000000001       2.9194783915263297E-7
0.8542479245430789        0.6600000000000001       2.780602236680576E-7
0.8623452620684633        0.6550000000000001       2.639767090164194E-7
0.870442599593848         0.6500000000000001       2.4970464683770276E-7
0.8785399371192324        0.6450000000000001       2.352508819427948E-7
0.8866372746446168        0.6400000000000001       2.206217744187027E-7
0.8947346121700015        0.6350000000000001       2.058232217957331E-7
0.902831949695386         0.6300000000000001       1.9086068121230586E-7
0.9109292872207704        0.6250000000000001       1.7573919152560746E-7
0.9190266247461548        0.6200000000000001       1.6046339532789201E-7
0.9271239622715394        0.6150000000000001       1.4503756083886964E-7
0.9352212997969239        0.6100000000000001       1.2946560365441188E-7
0.9433186373223084        0.6050000000000001       1.1375110834082697E-7
0.9514159748476931        0.6000000000000001       9.7897349872246E-8
0.9595133123730775        0.5950000000000001       8.190731491632811E-8
0.9676106498984619        0.5900000000000001       6.578372298055742E-8
0.9757079874238465        0.5850000000000001       4.952904743800014E-8
0.983805324949231         0.5800000000000001       3.3145536457489015E-8
0.9919026624746154        0.5750000000000001       1.6635233868952292E-8
1                         0.5700000000000001       0
0.5899999999999997        0.983805324949231        5.1881814059369884E-8
0.5849999999999997        0.9919026624746154       2.6349141731967517E-8
0.5799999999999997        1                        0
0.5949999999999998        0.9757079874238463       7.65977357970171E-8
0.5999999999999998        0.9676106498984619       1.0049614436016194E-7
0.6049999999999998        0.9595133123730775       1.2357589886804537E-7
0.6099999999999998        0.9514159748476931       1.458355811853106E-7
0.6149999999999998        0.9433186373223086       1.6727359461887602E-7
0.6199999999999998        0.9352212997969239       1.87888259966818E-7
0.6249999999999997        0.9271239622715396       2.0767790860004563E-7
0.6299999999999997        0.919026624746155        2.2664097224729458E-7
0.6349999999999996        0.9109292872207704       2.4477606914953036E-7
0.6399999999999996        0.902831949695386        2.6208208625138416E-7
0.6449999999999996        0.8947346121700015       2.785582571048418E-7
0.6499999999999996        0.886637274644617        2.94204235174307E-7
0.6549999999999995        0.8785399371192324       3.0902016225194614E-7
0.6599999999999995        0.870442599593848        3.2300673171776035E-7
0.6649999999999996        0.8623452620684633       3.3616524640892626E-7
0.6699999999999996        0.8542479245430789       3.484976708975519E-7
0.6749999999999996        0.8461505870176944       3.60006678014133E-7
0.6799999999999997        0.8380532494923099       3.706956894941933E-7
0.6849999999999996        0.8299559119669255       3.8056891066831973E-7
0.6899999999999996        0.8218585744415409       3.896313591630721E-7
0.6949999417624603        0.8137612730257563       3.97888910569958E-7
0.6999999999999996        0.805663899390772        4.0534820065331873E-7
0.704992798493047         0.7975631718574067       4.1203545289138263E-7
0.7099802842577146        0.7894581323364349       4.179577520780493E-7
0.714953646303435         0.7813442560509383       4.23147917960591E-7
0.7199113060188796        0.7732219649001083       4.276184208037842E-7
0.724870856160853         0.7651019044774733       4.3133031826583264E-7
0.7298017525728511        0.756999128960463        4.343320160857617E-7
0.7344601750802403        0.748871330560589        4.371862136420363E-7
0.7400142302709157        0.7403865777949861       4.380325178044567E-7
0.7490441443411765        0.7350441002213272       4.26942954205108E-7
0.7571636036901029        0.7300083387661549       4.1689598042998046E-7
0.7652249481603512        0.725028675025553        4.0654499334070073E-7
0.7733121552944021        0.7200169747237265       3.9584275906293723E-7
0.7813911505950757        0.7150097958109609       3.8482858116092236E-7
0.7894788198275094        0.710003630773217        3.734862715664805E-7
0.7975702217252002        0.7050008534190212       3.6183682257325033E-7
0.8056645665830481        0.700000049930821        3.498959247716289E-7
0.8137612369161563        0.6950000000000002       3.376777618585647E-7
0.8218585744415409        0.6900000000000002       3.251973036699609E-7
0.8299559119669255        0.6850000000000002       3.124662980538458E-7
0.8380532494923099        0.6800000000000002       2.994945043893181E-7
0.8461505870176944        0.6750000000000002       2.862910963002383E-7
0.8542479245430789        0.6700000000000002       2.728646802544489E-7
0.8623452620684633        0.6650000000000001       2.592233148004417E-7
0.870442599593848         0.6600000000000001       2.4537453030293795E-7
0.8785399371192324        0.6550000000000001       2.3132534905962115E-7
0.886637274644617         0.6500000000000001       2.1708230569675073E-7
0.8947346121700015        0.6450000000000001       2.026514677560607E-7
0.902831949695386         0.6400000000000001       1.88038456398976E-7
0.9109292872207704        0.6350000000000001       1.7324846716686037E-7
0.919026624746155         0.6300000000000001       1.5828629074776647E-7
0.9271239622715394        0.6250000000000001       1.4315633371106238E-7
0.9352212997969239        0.6200000000000001       1.2786263918137702E-7
0.9433186373223084        0.6150000000000001       1.1240890743268443E-7
0.9514159748476929        0.6100000000000001       9.679851639197857E-8
0.9595133123730775        0.6050000000000001       8.103454205006119E-8
0.9676106498984619        0.6000000000000001       6.511977878443932E-8
0.9757079874238465        0.5950000000000001       4.9056759606329576E-8
0.983805324949231         0.5900000000000001       3.284777635031817E-8
0.9919026624746154        0.5850000000000001       1.649489983140383E-8
1                         0.5800000000000001       0
0.5999999999999998        0.983805324949231        5.026949777829045E-8
0.5949999999999998        0.9919026624746154       2.5539404811512463E-8
0.5899999999999997        1                        0
0.6049999999999998        0.9757079874238463       7.419020381617682E-8
0.6099999999999998        0.9676106498984619       9.730104514398435E-8
0.6149999999999998        0.9595133123730775       1.1960123695514733E-7
0.6199999999999998        0.9514159748476929       1.4108978103589517E-7
0.6249999999999997        0.9433186373223086       1.6176555704949695E-7
0.6299999999999997        0.935221299796924        1.8162741119208494E-7
0.6349999999999996        0.9271239622715396       2.0067424191614609E-7
0.6399999999999996        0.919026624746155        2.1890508241323955E-7
0.6449999999999996        0.9109292872207705       2.3631917954805695E-7
0.6499999999999996        0.902831949695386        2.5291606894174367E-7
0.6549999999999996        0.8947346121700015       2.686956459135227E-7
0.6599999999999996        0.886637274644617        2.8365823200597855E-7
0.6649999999999996        0.8785399371192324       2.9780463684065586E-7
0.6699999999999996        0.870442599593848        3.1113621507641497E-7
0.6749999999999996        0.8623452620684633       3.2365491827277E-7
0.6799999999999996        0.8542479245430789       3.353633414937246E-7
0.6849999999999996        0.8461505870176944       3.4626476452367865E-7
0.6899999999999996        0.8380532494923099       3.56363187605528E-7
0.6949999999999996        0.8299559119669253       3.656633616511499E-7
0.6999999999999996        0.8218585744415409       3.741708129515078E-7
0.7049984512933918        0.8137603156263893       3.818960533666574E-7
0.7099941248042277        0.8056604513680306       3.888495287823115E-7
0.7149816082461342        0.7975558446544987       3.950539084603066E-7
0.7199564081884665        0.7894437142429868       4.005306749112507E-7
0.7249098590864792        0.7813196273224166       4.053122514524031E-7
0.7298385420201791        0.7731785390377488       4.0942351246430196E-7
0.7347574939822153        0.765012076151048        4.1285976742415017E-7
0.7396745962960034        0.7568445712353724       4.1557898252478824E-7
0.7426401945393473        0.7494204061792462       4.20356253148656E-7
0.7498013413856587        0.7449594882515167       4.124640169706977E-7
0.7574414205966118        0.7399810667451271       4.0398134644471994E-7
0.7653596090108622        0.7350342383226801       3.945520563051815E-7
0.7733522909514572        0.7300493402468866       3.846713470508972E-7
0.7814214814696774        0.7250222410056155       3.743456247433949E-7
0.7894947892026041        0.7200106395678566       3.636645874024757E-7
0.7975779440447784        0.7150033901026669       3.5264334413194705E-7
0.8056671045822094        0.7100004897258009       3.4130258186323543E-7
0.8137615613302925        0.705000019752196        3.2965775121756486E-7
0.8218585835916516        0.6999999997221983       3.1772722883099054E-7
0.8299559119669255        0.6950000000000002       3.0552631132768673E-7
0.8380532494923099        0.6900000000000002       2.930654911099158E-7
0.8461505870176944        0.6850000000000002       2.803541022078753E-7
0.8542479245430789        0.6800000000000002       2.674009003130434E-7
0.8623452620684633        0.6750000000000002       2.5421409756591646E-7
0.870442599593848         0.6700000000000002       2.408013802595964E-7
0.8785399371192324        0.6650000000000001       2.2716992706558255E-7
0.886637274644617         0.6600000000000001       2.1332642767117536E-7
0.8947346121700015        0.6550000000000001       1.9927710173246376E-7
0.902831949695386         0.6500000000000001       1.8502771806037483E-7
0.9109292872207704        0.6450000000000001       1.7058361396991886E-7
0.9190266247461548        0.6400000000000001       1.5594971473456062E-7
0.9271239622715394        0.635                    1.4113055309867242E-7
0.9352212997969239        0.6300000000000001       1.2613028881127282E-7
0.9433186373223084        0.6250000000000001       1.1095272815383707E-7
0.9514159748476929        0.6200000000000001       9.560134344388695E-8
0.9595133123730775        0.6150000000000001       8.007929250440582E-8
0.9676106498984619        0.6100000000000001       6.438943809693475E-8
0.9757079874238465        0.6050000000000001       4.853436732353697E-8
0.983805324949231         0.6000000000000001       3.2516411009730423E-8
0.9919026624746154        0.5950000000000001       1.6337663087033223E-8
1                         0.5900000000000001       0
0.6099999999999998        0.983805324949231        4.867345803097236E-8
0.6049999999999998        0.9919026624746154       2.4737443855130537E-8
0.5999999999999998        1                        0
0.6149999999999998        0.9757079874238465       7.180815342513361E-8
0.6199999999999998        0.9676106498984619       9.414131086742055E-8
0.6249999999999997        0.9595133123730775       1.1567246967089927E-7
0.6299999999999997        0.9514159748476929       1.3640101415838897E-7
0.6349999999999996        0.9433186373223086       1.5632625788866647E-7
0.6399999999999996        0.935221299796924        1.7544752529856677E-7
0.6449999999999996        0.9271239622715396       1.9376423047308895E-7
0.6499999999999996        0.919026624746155        2.1127595275584046E-7
0.6549999999999996        0.9109292872207705       2.279825089167916E-7
0.6599999999999996        0.902831949695386        2.4388402160350665E-7
0.6649999999999996        0.8947346121700015       2.5898098381570805E-7
0.6699999999999996        0.886637274644617        2.7327431916108053E-7
0.6749999999999996        0.8785399371192324       2.8676543767234795E-7
0.6799999999999996        0.870442599593848        2.9945628699148773E-7
0.6849999999999996        0.8623452620684633       3.1134939875605534E-7
0.6899999999999996        0.8542479245430789       3.2244793005452493E-7
0.6949999999999996        0.8461505870176944       3.3275569985191004E-7
0.6999999999999996        0.8380532494923099       3.4227722032370253E-7
0.7049999999999996        0.8299559119669253       3.51017723085327E-7
0.7099991781943666        0.8218581235167552       3.5898525865423757E-7
0.7149948643646636        0.8137582946178756       3.661936231718575E-7
0.7199831131155454        0.8056543576715665       3.7266038928482095E-7
0.7249580762962999        0.7975432806294142       3.784088767169222E-7
0.7299135771486841        0.7894221918618306       3.834637295890911E-7
0.7348356267495616        0.7812862485087505       3.878673241187782E-7
0.7397197013225448        0.7731192223127877       3.916638588945547E-7
0.7446322921552131        0.7648263157722556       3.948769439599938E-7
0.7496654615776871        0.755643615940258        3.983613749868769E-7
0.7577582144983168        0.7497393521689552       3.9094643672298146E-7
0.7655220126814437        0.7451009216642908       3.8209186177220635E-7
0.7734557901525424        0.7400373210330399       3.730827604160837E-7
0.7814704580422539        0.7350247630632158       3.634960664386601E-7
0.7895210863306819        0.7300145234788514       3.534900591215472E-7
0.7975896122110547        0.7250077807351666       3.431111340211654E-7
0.8056723499433184        0.7200019961728134       3.323815218113083E-7
0.8137626965273488        0.7150001651659813       3.213231645407035E-7
0.8218586700039107        0.7100000059791046       3.099534813321523E-7
0.8299559119669255        0.7050000000000001       2.982927643253295E-7
0.8380532494923099        0.7000000000000002       2.8635337745326473E-7
0.8461505870176944        0.6950000000000001       2.7414493972306254E-7
0.8542479245430789        0.6900000000000002       2.616763302949638E-7
0.8623452620684633        0.6850000000000002       2.489558907660192E-7
0.870442599593848         0.6800000000000002       2.3599144082530766E-7
0.8785399371192324        0.6750000000000002       2.2279029456385838E-7
0.886637274644617         0.6700000000000002       2.0935927732140195E-7
0.8947346121700015        0.6650000000000001       1.9570474296681985E-7
0.902831949695386         0.6600000000000001       1.8183259152235228E-7
0.9109292872207704        0.6550000000000001       1.677482870541072E-7
0.9190266247461548        0.6500000000000001       1.5345687576312009E-7
0.9271239622715394        0.6450000000000001       1.389630042222297E-7
0.9352212997969239        0.6400000000000001       1.2427093771433965E-7
0.9433186373223086        0.6350000000000001       1.0938457863732941E-7
0.9514159748476929        0.6300000000000001       9.430748494996082E-8
0.9595133123730775        0.6250000000000001       7.904288864165154E-8
0.9676106498984619        0.6200000000000001       6.359371421704495E-8
0.9757079874238465        0.6150000000000001       4.796259719386923E-8
0.983805324949231         0.6100000000000001       3.215190261978465E-8
0.9919026624746154        0.6050000000000001       1.616374362075195E-8
1                         0.6000000000000001       0
0.6199999999999998        0.983805324949231        4.7094850862978995E-8
0.6149999999999998        0.9919026624746154       2.394389003112465E-8
0.6099999999999998        1                        0
0.6249999999999997        0.9757079874238465       6.945316044343303E-8
0.6299999999999997        0.9676106498984619       9.101883352239864E-8
0.6349999999999996        0.9595133123730776       1.1179170341395929E-7
0.6399999999999996        0.9514159748476931       1.317715017792877E-7
0.6449999999999996        0.9433186373223086       1.5095793616157686E-7
0.6499999999999996        0.935221299796924        1.6935076500110518E-7
0.6549999999999996        0.9271239622715396       1.8694986985892094E-7
0.6599999999999996        0.919026624746155        2.0375532458173897E-7
0.6649999999999996        0.9109292872207705       2.1976746114854863E-7
0.6699999999999996        0.902831949695386        2.3498693195122554E-7
0.6749999999999997        0.8947346121700015       2.4941476827699147E-7
0.6799999999999996        0.886637274644617        2.630524347797691E-7
0.6849999999999996        0.8785399371192324       2.759018797500006E-7
0.6899999999999996        0.870442599593848        2.8796558101808136E-7
0.6949999999999996        0.8623452620684633       2.9924658735478853E-7
0.6999999999999996        0.8542479245430789       3.097485552625838E-7
0.7049999999999996        0.8461505870176944       3.1947578108415584E-7
0.7099999999999996        0.8380532494923099       3.2843322838543085E-7
0.7149999999999996        0.8299559119669253       3.3662655066439046E-7
0.7199968388937824        0.8218570086501855       3.4406957951978314E-7
0.7249871175355386        0.8137545351079193       3.507782477887995E-7
0.7299645487505066        0.8056455893865149       3.56775414257249E-7
0.7349216585582784        0.7975275130309964       3.6208662635178996E-7
0.7398468631115187        0.7894003431821367       3.667414691350458E-7
0.7447363401306859        0.7812610880699652       3.707632756025115E-7
0.7494926780736745        0.7731425817396587       3.7428934402572016E-7
0.754154637295511         0.7650709317535627       3.772450441589809E-7
0.7583853310879445        0.7580752700291242       3.7892987692032633E-7
0.7656592426785475        0.7549162499771622       3.6966922732713614E-7
0.7735306700468867        0.7499956779832855       3.6125953947266764E-7
0.781530111192678         0.7449988921751548       3.523338966693677E-7
0.7895646555193366        0.7400001034799496       3.429814394803384E-7
0.797609655456597         0.7350075899232654       3.332514744965512E-7
0.805680057550098         0.7300052193605476       3.2314471867839476E-7
0.813765764976574         0.7250010496536684       3.126825368081141E-7
0.8218589260888627        0.7200000370725782       3.0188621292715933E-7
0.8299559165360164        0.7150000009688764       2.907752814171183E-7
0.8380532494923099        0.71                     2.793671223561731E-7
0.8461505870176944        0.7050000000000001       2.6767191301296153E-7
0.8542479245430789        0.7000000000000001       2.556986402234438E-7
0.8623452620684633        0.6950000000000002       2.434557514613272E-7
0.870442599593848         0.6900000000000002       2.309511777022458E-7
0.8785399371192324        0.6850000000000002       2.181923478100104E-7
0.886637274644617         0.6800000000000002       2.0518620357626787E-7
0.8947346121700015        0.6750000000000002       1.9193921530472926E-7
0.902831949695386         0.6700000000000002       1.784573978438027E-7
0.9109292872207704        0.6650000000000001       1.6474632698361767E-7
0.9190266247461548        0.6600000000000001       1.5081115614492522E-7
0.9271239622715394        0.6550000000000001       1.3665663329824077E-7
0.9352212997969239        0.6500000000000001       1.222871180618391E-7
0.9433186373223084        0.6450000000000001       1.07706598936907E-7
0.9514159748476931        0.6400000000000001       9.291871064729871E-8
0.9595133123730775        0.6350000000000001       7.792675155997186E-8
0.9676106498984619        0.6300000000000001       6.273370117035544E-8
0.9757079874238465        0.6250000000000001       4.734223764467022E-8
0.983805324949231         0.6200000000000001       3.17547554185889E-8
0.9919026624746154        0.6150000000000001       1.5973382858697907E-8
1                         0.6100000000000001       0
0.6299999999999997        0.983805324949231        4.5534641537669825E-8
0.6249999999999998        0.9919026624746154       2.3159275192174727E-8
0.6199999999999998        1                        0
0.6349999999999996        0.9757079874238465       6.712652628008288E-8
0.6399999999999996        0.9676106498984619       8.793515489482992E-8
0.6449999999999996        0.9595133123730775       1.079606264072009E-7
0.6499999999999996        0.9514159748476931       1.2720298678965036E-7
0.6549999999999996        0.9433186373223086       1.4566230017822696E-7
0.6599999999999996        0.935221299796924        1.6333871764904123E-7
0.6649999999999996        0.9271239622715396       1.8023254329971393E-7
0.6699999999999996        0.919026624746155        1.9634429738794455E-7
0.6749999999999996        0.9109292872207705       2.1167477628980547E-7
0.6799999999999996        0.902831949695386        2.262251090540967E-7
0.6849999999999996        0.8947346121700015       2.399968103459612E-7
0.6899999999999996        0.886637274644617        2.5299182959282693E-7
0.6949999999999996        0.8785399371192324       2.652125961683453E-7
0.6999999999999996        0.870442599593848        2.766620604750422E-7
0.7049999999999996        0.8623452620684633       2.8734373081358765E-7
0.7099999999999996        0.8542479245430789       2.9726170595549853E-7
0.7149999999999996        0.8461505870176944       3.064207033655604E-7
0.7199999999999998        0.8380532494923099       3.148260830785237E-7
0.7249982667176313        0.8299552345355992       3.224874933742399E-7
0.72999129592666          0.8218548348866952       3.2941978608093454E-7
0.7349728159719967        0.8137491124103726       3.356449614401355E-7
0.7399367662431956        0.8056360027313713       3.4118445589154225E-7
0.744867375093642         0.7975142032491892       3.460752791366112E-7
0.749770218499818         0.7893873472000306       3.5031516971655126E-7
0.7546065914181579        0.7812975737790337       3.539224074268882E-7
0.7590475496196216        0.7733068658623411       3.574062228159158E-7
0.7645890919092244        0.7649952667156192       3.5874271544190243E-7
0.7735618102327152        0.7598777033749604       3.492979670914532E-7
0.7815832301862011        0.7549315726779051       3.409236979923976E-7
0.7896162228241349        0.7499614011920278       3.3218005396027075E-7
0.7976504601880808        0.7449871834552061       3.2307279639780084E-7
0.8056950187222264        0.7400056313995175       3.13600132397678E-7
0.8137710368973341        0.7350039604319131       3.0374566339248425E-7
0.8218607483822207        0.7300007086999277       2.9353289528482396E-7
0.8299559279587442        0.7250000033910676       2.829836702250833E-7
0.8380532494923099        0.72                     2.7211587181985334E-7
0.8461505870176944        0.7150000000000001       2.609435199108903E-7
0.8542479245430789        0.7100000000000001       2.4947569798479946E-7
0.8623452620684633        0.7050000000000001       2.377209365254767E-7
0.870442599593848         0.7000000000000002       2.2568725625887596E-7
0.8785399371192324        0.6950000000000002       2.1338218062414204E-7
0.886637274644617         0.6900000000000002       2.008127490051991E-7
0.8947346121700015        0.6850000000000002       1.8798553060981225E-7
0.902831949695386         0.6800000000000002       1.7490663889472702E-7
0.9109292872207704        0.6750000000000002       1.615817464474167E-7
0.9190266247461548        0.6700000000000002       1.480161002461143E-7
0.9271239622715394        0.6650000000000001       1.342145372304279E-7
0.9352212997969239        0.6600000000000001       1.2018150012492248E-7
0.9433186373223084        0.6550000000000001       1.0592105346763933E-7
0.9514159748476929        0.6500000000000001       9.143689980461512E-8
0.9595133123730775        0.6450000000000001       7.673239602010938E-8
0.9676106498984619        0.6400000000000001       6.181056978047008E-8
0.9757079874238465        0.6350000000000001       4.6674136077409926E-8
0.983805324949231         0.6300000000000001       3.132551386396692E-8
0.9919026624746154        0.6250000000000001       1.576684278362247E-8
1                         0.6200000000000001       0
0.6399999999999996        0.983805324949231        4.399361922127138E-8
0.6349999999999997        0.9919026624746154       2.238403939629052E-8
0.6299999999999997        1                        0
0.6449999999999996        0.9757079874238465       6.482929941533256E-8
0.6499999999999996        0.9676106498984619       8.489149446068024E-8
0.6549999999999996        0.9595133123730775       1.041805426073187E-7
0.6599999999999996        0.9514159748476931       1.226967732468751E-7
0.6649999999999996        0.9433186373223086       1.4044057218412817E-7
0.6699999999999996        0.935221299796924        1.574124445604758E-7
0.6749999999999996        0.9271239622715396       1.7361307519055233E-7
0.6799999999999996        0.919026624746155        1.8904338608284726E-7
0.6849999999999996        0.9109292872207704       2.0370459092759209E-7
0.6899999999999996        0.902831949695386        2.1759824635029E-7
0.6949999999999996        0.8947346121700015       2.3072629974700074E-7
0.6999999999999996        0.886637274644617        2.4309113353762867E-7
0.7049999999999996        0.8785399371192324       2.546956056958739E-7
0.7099999999999996        0.870442599593848        2.6554308643881336E-7
0.7149999999999996        0.8623452620684633       2.756374909850567E-7
0.7199999999999996        0.8542479245430789       2.849833083177803E-7
0.7249999999999996        0.8461505870176944       2.9358562592434724E-7
0.729999269151318         0.8380529304621427       3.014516764317215E-7
0.7349943916764476        0.8299538579563716       3.0859441922880946E-7
0.7399801518075572        0.8218514206041428       3.1503184879662106E-7
0.7449496715826679        0.813743524287949        3.2078582775244574E-7
0.7498898987425707        0.8056288810534316       3.2588780043461205E-7
0.7548035541194477        0.7975050272929517       3.3034875511839533E-7
0.7595867487035609        0.789392665213775        3.343187429793799E-7
0.7642905022471536        0.7812984437728918       3.3773273190943365E-7
0.7671518008393514        0.7740364022228092       3.425519971325425E-7
0.7741632716108807        0.7696834437893755       3.361625461622209E-7
0.7818672125574944        0.7647255494889231       3.289895378819547E-7
0.7897270243132659        0.7598620854462252       3.210552505126629E-7
0.7976989368083239        0.7549507179737199       3.1261159714720296E-7
0.8057323076097519        0.7499892019582898       3.0374902673703277E-7
0.8137829664391867        0.7450070704371795       2.945180010899201E-7
0.821864993518774         0.7400040092310877       2.8490111889990474E-7
0.8299573625028853        0.7350006976988509       2.7492483353786956E-7
0.8380532494923099        0.73                     2.646089300615003E-7
0.8461505870176944        0.725                    2.539684248451124E-7
0.8542479245430789        0.72                     2.430155440465317E-7
0.8623452620684633        0.715                    2.317588791393295E-7
0.870442599593848         0.7100000000000001       2.2020651978044762E-7
0.8785399371192324        0.7050000000000001       2.083660643696997E-7
0.886637274644617         0.7000000000000002       1.9624463149036278E-7
0.8947346121700015        0.6950000000000002       1.838488720885924E-7
0.902831949695386         0.6900000000000002       1.7118498228868537E-7
0.9109292872207704        0.6850000000000002       1.5825871675053955E-7
0.9190266247461548        0.6800000000000002       1.450754024861519E-7
0.9271239622715394        0.6750000000000002       1.3163995306226573E-7
0.9352212997969239        0.6700000000000002       1.1795688312608526E-7
0.9433186373223084        0.6650000000000001       1.0403032320036476E-7
0.9514159748476929        0.6600000000000001       8.986403470312538E-8
0.9595133123730775        0.6550000000000001       7.546142515582146E-8
0.9676106498984619        0.6500000000000001       6.082556355195319E-8
0.9757079874238465        0.6450000000000001       4.595919586596978E-8
0.983805324949231         0.6400000000000001       3.086476068984326E-8
0.9919026624746154        0.6350000000000001       1.5544404991958025E-8
1                         0.6300000000000001       0
0.6499999999999996        0.983805324949231        4.2472410913694854E-8
0.6449999999999996        0.9919026624746154       2.1618538058691242E-8
0.6399999999999996        1                        0
0.6549999999999996        0.9757079874238463       6.256229572896498E-8
0.6599999999999996        0.9676106498984619       8.188877571809908E-8
0.6649999999999996        0.9595133123730775       1.0045240363232028E-7
0.6699999999999996        0.9514159748476931       1.1825376347250217E-7
0.6749999999999996        0.9433186373223086       1.3529353018600336E-7
0.6799999999999996        0.9352212997969239       1.5157252711614374E-7
0.6849999999999996        0.9271239622715394       1.6709178098144487E-7
0.6899999999999996        0.9190266247461548       1.8185257417328616E-7
0.6949999999999996        0.9109292872207704       1.9585649417445305E-7
0.6999999999999996        0.902831949695386        2.0910547991711262E-7
0.7049999999999996        0.8947346121700015       2.2160186491696E-7
0.7099999999999996        0.886637274644617        2.3334841704041576E-7
0.7149999999999996        0.8785399371192324       2.4434837478370116E-7
0.7199999999999996        0.870442599593848        2.546054799660332E-7
0.7249999999999996        0.8623452620684633       2.6412400676385064E-7
0.7299999999999998        0.8542479245430789       2.7290878703769675E-7
0.7349999999999997        0.8461505870176944       2.809652319538155E-7
0.7399975732103222        0.8380521954303428       2.8830427120332543E-7
0.7449865249613397        0.8299515499115766       2.949430435901231E-7
0.7499627084113026        0.8218480126346477       3.00896492654226E-7
0.7549101122896036        0.8137417155067627       3.061968434916473E-7
0.7598278593534764        0.8056291026098523       3.108624707890232E-7
0.764657777417913         0.7975036405480123       3.1500408722599866E-7
0.7693918485188754        0.789363958689731        3.186549977533353E-7
0.7743046754120537        0.7803314701703066       3.2250779316532954E-7
0.7822176113752892        0.7743761320727558       3.1687786563484177E-7
0.789950327626613         0.7696223595723156       3.0963915030760875E-7
0.797841717066525         0.7648244901488733       3.01818322517276E-7
0.8058020808631242        0.7599465823948761       2.936013110603452E-7
0.81381659467737          0.7550004755039406       2.849962180713904E-7
0.8218755098679592        0.7500106305986365       2.759946746772904E-7
0.8299614106917989        0.7450047150326532       2.666047796360716E-7
0.8380547074163084        0.7400009714815745       2.5685246959674936E-7
0.8461509251133394        0.7350001866964141       2.467547140842654E-7
0.8542479304027282        0.7299999999214825       2.363263567149355E-7
0.8623452620684633        0.725                    2.2557716574392066E-7
0.870442599593848         0.72                     2.145159680477855E-7
0.8785399371192324        0.715                    2.0315042814739936E-7
0.886637274644617         0.71                     1.9148772601703697E-7
0.8947346121700015        0.7050000000000001       1.7953457765192357E-7
0.902831949695386         0.7000000000000001       1.6729724628436485E-7
0.9109292872207704        0.6950000000000001       1.547815542203712E-7
0.919026624746155         0.6900000000000002       1.4199289520979006E-7
0.9271239622715394        0.6850000000000002       1.2893624727275557E-7
0.9352212997969239        0.6800000000000002       1.1561618591470174E-7
0.9433186373223086        0.6750000000000002       1.0203689767129533E-7
0.9514159748476929        0.6700000000000002       8.820219393334239E-8
0.9595133123730775        0.6650000000000001       7.411552501012336E-8
0.9676106498984619        0.6600000000000001       5.977999439767812E-8
0.9757079874238465        0.6550000000000001       4.5198373226305685E-8
0.983805324949231         0.6500000000000001       3.0373114869055314E-8
0.9919026624746154        0.6450000000000001       1.5306369700232628E-8
1                         0.6400000000000001       0
0.6599999999999996        0.983805324949231        4.09714946113433E-8
0.6549999999999996        0.9919026624746154       2.0863048724315964E-8
0.6499999999999996        1                        0
0.6649999999999996        0.9757079874238463       6.032611766447401E-8
0.6699999999999996        0.9676106498984619       7.892765095437205E-8
0.6749999999999996        0.9595133123730775       9.67768387208806E-8
0.6799999999999996        0.9514159748476929       1.13874492780588E-7
0.6849999999999996        0.9433186373223084       1.3022154701233604E-7
0.6899999999999996        0.9352212997969239       1.4581910970215806E-7
0.6949999999999996        0.9271239622715394       1.6066851354019828E-7
0.6999999999999996        0.9190266247461548       1.747713630750811E-7
0.7049999999999996        0.9109292872207704       1.8812957944602414E-7
0.7099999999999996        0.902831949695386        2.0074544222961216E-7
0.7149999999999996        0.8947346121700015       2.1262162825651515E-7
0.7199999999999996        0.886637274644617        2.237612472733364E-7
0.7249999999999996        0.8785399371192324       2.3416787434606714E-7
0.7299999999999996        0.8704425995938477       2.43845578923998E-7
0.7349999999999995        0.8623452620684633       2.527989505062394E-7
0.7399999999999997        0.8542479245430789       2.6103312087496687E-7
0.7449999999999997        0.8461505870176944       2.6855378293786046E-7
0.7499940755538824        0.8380506982236788       2.7537886070697633E-7
0.754973205998266         0.8299482491283366       2.8152771702167053E-7
0.7599360318946099        0.8218470347760499       2.8700579965832193E-7
0.7648594606433073        0.81375144453288         2.9185031094017197E-7
0.7697228691172298        0.8056645094274534       2.961022974829222E-7
0.7744386763737992        0.797598967538469        2.9989621806984885E-7
0.7790978833635341        0.7895418077299342       3.031379796717998E-7
0.7830286030865673        0.7825615914195392       3.05617641024372E-7
0.7901351984769881        0.7792150634239435       2.982500043382401E-7
0.7979912628782013        0.7746614986722115       2.908122861637287E-7
0.8059048768648176        0.7698808801908043       2.831729221992388E-7
0.8138755612322437        0.7649833249925205       2.7519129589728355E-7
0.8219067748324796        0.7600139361092184       2.668076374250286E-7
0.8299714321890734        0.7550150402972046       2.580257545206774E-7
0.8380586591540781        0.7500055817482799       2.4885231878848587E-7
0.8461522784321928        0.7450014737441292       2.3930952908820295E-7
0.8542482454817659        0.7400001904405366       2.294158069052465E-7
0.8623452620684633        0.735                    2.1918351361391592E-7
0.870442599593848         0.73                     2.086227363958948E-7
0.8785399371192324        0.725                    1.9774183934636114E-7
0.886637274644617         0.72                     1.8654804671440815E-7
0.8947346121700015        0.715                    1.7504812343507108E-7
0.902831949695386         0.7100000000000001       1.6324838476814705E-7
0.9109292872207704        0.7050000000000001       1.5115470662955454E-7
0.9190266247461548        0.7000000000000002       1.3877253652376005E-7
0.9271239622715394        0.6950000000000001       1.2610690499675658E-7
0.9352212997969239        0.6900000000000002       1.1316243753799105E-7
0.9433186373223084        0.6850000000000002       9.994336686835745E-8
0.9514159748476931        0.6800000000000002       8.64535455597731E-8
0.9595133123730775        0.6750000000000002       7.269645893999247E-8
0.9676106498984619        0.6700000000000002       5.867523824416349E-8
0.9757079874238465        0.6650000000000001       4.439267398225194E-8
0.983805324949231         0.6600000000000001       2.985122949881546E-8
0.9919026624746154        0.6550000000000001       1.5053054708797207E-8
1                         0.6500000000000001       0
0.6699999999999996        0.983805324949231        3.949121169886556E-8
0.6649999999999996        0.9919026624746154       2.011777745656573E-8
0.6599999999999996        1                        0
0.6749999999999996        0.9757079874238465       5.812117223297504E-8
0.6799999999999996        0.9676106498984619       7.600852446362762E-8
0.6849999999999996        0.9595133123730775       9.315418275640455E-8
0.6899999999999996        0.9514159748476931       1.0955916189074252E-7
0.6949999999999996        0.9433186373223086       1.2522462668792327E-7
0.6999999999999996        0.935221299796924        1.4015193960906424E-7
0.7049999999999996        0.9271239622715394       1.5434270613051643E-7
0.7099999999999996        0.919026624746155        1.6779881771796204E-7
0.7149999999999996        0.9109292872207704       1.805224922359688E-7
0.7199999999999996        0.902831949695386        1.9251631164663455E-7
0.7249999999999996        0.8947346121700015       2.0378325686925488E-7
0.7299999999999996        0.8866372746446168       2.1432673969238722E-7
0.7349999999999995        0.8785399371192324       2.241506316501978E-7
0.7399999999999997        0.870442599593848        2.3325928979623805E-7
0.7449999999999997        0.8623452620684634       2.416575793297156E-7
0.7499999999999997        0.8542479245430789       2.4935089304750214E-7
0.7549999999999997        0.8461505870176944       2.563451677391046E-7
0.7599864904700258        0.8380475484369518       2.6267257834571654E-7
0.7649601060103152        0.8299417865842743       2.6833608422522507E-7
0.7698826618374897        0.8218488529733268       2.733746739970219E-7
0.7747061797836104        0.8138071035789334       2.778210283513082E-7
0.7794649959078315        0.8058480658228938       2.816139944522391E-7
0.7838937117542762        0.79791007486584         2.852567505296889E-7
0.7895339655718296        0.7894889395779253       2.8704146933663693E-7
0.798093600859625         0.784584015111119        2.795554781655429E-7
0.8060258908671718        0.779838380812365        2.724574334251076E-7
0.8139585844166815        0.7749674445731359       2.651102439781138E-7
0.8219550146253989        0.7700179023779228       2.573570112152873E-7
0.8299998275429151        0.7650268835876496       2.491831377415735E-7
0.8380683138298614        0.7600180442522941       2.406096264665212E-7
0.8461560478761713        0.755006643484803        2.316375551252087E-7
0.8542496357872578        0.750001731947657        2.222902630964512E-7
0.8623455313046307        0.7450001349241103       2.1258521895066557E-7
0.870442599593848         0.74                     2.0253407539595893E-7
0.8785399371192324        0.735                    1.9214698468688308E-7
0.886637274644617         0.73                     1.8143172927276955E-7
0.8947346121700015        0.725                    1.703951075935694E-7
0.902831949695386         0.72                     1.5904347242568405E-7
0.9109292872207705        0.7150000000000001       1.4738273973423272E-7
0.919026624746155         0.7100000000000001       1.3541839818750045E-7
0.9271239622715394        0.7050000000000001       1.2315551924976706E-7
0.935221299796924         0.7000000000000002       1.1059876777791179E-7
0.9433186373223086        0.6950000000000002       9.775241305542514E-8
0.9514159748476929        0.6900000000000002       8.462034020546055E-8
0.9595133123730775        0.6850000000000002       7.120606193237777E-8
0.9676106498984619        0.6800000000000002       5.751273054880395E-8
0.9757079874238465        0.6750000000000002       4.354315025260844E-8
0.983805324949231         0.6700000000000002       2.9299789625384876E-8
0.9919026624746154        0.6650000000000001       1.4784794331043794E-8
1                         0.6600000000000001       0
0.6799999999999996        0.983805324949231        3.803177857567602E-8
0.6749999999999996        0.9919026624746154       1.9382864842793483E-8
0.6699999999999996        1                        0
0.6849999999999996        0.9757079874238465       5.594768787253146E-8
0.6899999999999996        0.9676106498984619       7.31315742451419E-8
0.6949999999999996        0.9595133123730775       8.958450240370794E-8
0.6999999999999996        0.9514159748476931       1.0530766709529743E-7
0.7049999999999996        0.9433186373223086       1.2030243821644425E-7
0.7099999999999996        0.9352212997969239       1.345704040081876E-7
0.7149999999999996        0.9271239622715396       1.4811341215515683E-7
0.7199999999999998        0.919026624746155        1.6093360862484513E-7
0.7249999999999996        0.9109292872207705       1.730334740989724E-7
0.7299999999999998        0.902831949695386        1.8441585786578825E-7
0.7349999999999997        0.8947346121700015       1.9508400906012233E-7
0.7399999999999997        0.886637274644617        2.050416051568911E-7
0.7449999999999997        0.8785399371192324       2.14292777643397E-7
0.7499999999999997        0.870442599593848        2.228421348158121E-7
0.7549999999999998        0.8623452620684633       2.306947816657729E-7
0.7599999999999998        0.8542479245430789       2.3785633683410676E-7
0.7649999999999997        0.8461505870176944       2.443329468451466E-7
0.7699732495522489        0.8380425272668406       2.5017996458057497E-7
0.7749045510179318        0.8299343559097578       2.55411716451835E-7
0.7797232817632841        0.8218836545641749       2.6005923535393986E-7
0.7844595129411949        0.8138756597387324       2.641322002535246E-7
0.7890033935483366        0.8061436759590781       2.6752359310018035E-7
0.7919680279702282        0.7987951389795427       2.7221139266659724E-7
0.7986477507150319        0.7944413308785419       2.6747955749892103E-7
0.8063643391336704        0.7896897425526475       2.6131213334416797E-7
0.8141683625253643        0.7848803350809331       2.546888800817241E-7
0.8220603336004362        0.7799991893239129       2.4761849101554535E-7
0.8300558241087451        0.7750350042883336       2.4008103962515285E-7
0.8380925079755179        0.7700368199447466       2.3212223114873235E-7
0.846164851209882         0.7650193240797473       2.2374107300347209E-7
0.8542533409994783        0.7600072488066781       2.1495442006169631E-7
0.8623468222783095        0.7550015257216242       2.057882696702013E-7
0.8704427638153344        0.7500000536470086       1.9625703561530628E-7
0.8785399371192324        0.745                    1.8637265188081368E-7
0.886637274644617         0.74                     1.761450138557841E-7
0.8947346121700015        0.735                    1.6558123448596428E-7
0.902831949695386         0.73                     1.5468769020562453E-7
0.9109292872207704        0.725                    1.434703240224993E-7
0.919026624746155         0.72                     1.3193465364430277E-7
0.9271239622715394        0.715                    1.20085780234863E-7
0.9352212997969239        0.7100000000000001       1.0792839772293911E-7
0.9433186373223086        0.7050000000000001       9.546680259461742E-8
0.9514159748476931        0.7000000000000002       8.270490410772535E-8
0.9595133123730775        0.6950000000000002       6.964623487411201E-8
0.9676106498984619        0.6900000000000002       5.6293961762885715E-8
0.9757079874238465        0.6850000000000002       4.265089708477281E-8
0.983805324949231         0.6800000000000002       2.8719510024688907E-8
0.9919026624746154        0.6750000000000002       1.450193829642071E-8
1                         0.6700000000000002       0
0.6899999999999996        0.983805324949231        3.659329753027655E-8
0.6849999999999996        0.9919026624746154       1.8658391621099614E-8
0.6799999999999996        1                        0
0.6949999999999996        0.9757079874238465       5.380573018814316E-8
0.6999999999999996        0.9676106498984619       7.029677222315283E-8
0.7049999999999996        0.9595133123730775       8.60676204180199E-8
0.7099999999999996        0.9514159748476931       1.0111962826182415E-7
0.7149999999999996        0.9433186373223084       1.1545434687607493E-7
0.7199999999999996        0.9352212997969239       1.2907356413593297E-7
0.7249999999999996        0.9271239622715394       1.419793418217134E-7
0.7299999999999998        0.919026624746155        1.541740506506623E-7
0.7349999999999997        0.9109292872207704       1.6566040305487622E-7
0.7399999999999997        0.902831949695386        1.7644148358795396E-7
0.7449999999999997        0.8947346121700015       1.865207768605427E-7
0.7499999999999997        0.886637274644617        1.9590219292314946E-7
0.7549999999999998        0.8785399371192324       2.04590090033338E-7
0.7599999999999998        0.870442599593848        2.1258929476325629E-7
0.7649999999999998        0.8623452620684634       2.199051194223722E-7
0.7699999999999998        0.8542479245430791       2.265433767730856E-7
0.7749999999999998        0.8461505870176944       2.3251039234332689E-7
0.7799388739134816        0.8380492099474599       2.3789325828264273E-7
0.7895037849296391        0.8219260422882166       2.4702292549200895E-7
0.784778477926247         0.8299773101518659       2.427117786502784E-7
0.7941640123768782        0.8137494513999831       2.509642925752456E-7
0.7989576550716866        0.8048065731080893       2.550052504565277E-7
0.806968915683152         0.7992835759419272       2.498950302135667E-7
0.8145036655487055        0.7946761691299989       2.4401683169188915E-7
0.8222555845435843        0.7899032323472275       2.376211293211748E-7
0.8301543151923645        0.7850156291923581       2.3073529734013198E-7
0.8381369483744118        0.7800568689594086       2.2339800333565196E-7
0.846184595502192         0.7750411091529618       2.1561949130862024E-7
0.8542612215194968        0.770019224345118        2.0741229069112512E-7
0.8623502370958854        0.7650064551844739       1.9879745071141553E-7
0.8704436948893234        0.7600010281060269       1.8979756821721023E-7
0.8785399946254246        0.7550000086359242       1.804256175602577E-7
0.8866372746446168        0.75                     1.7069422861796788E-7
0.8947346121700015        0.745                    1.6061229934762297E-7
0.902831949695386         0.74                     1.5018631117289386E-7
0.9109292872207704        0.735                    1.394222217632391E-7
0.9190266247461548        0.73                     1.2832556627549015E-7
0.9271239622715394        0.725                    1.1690146480659645E-7
0.935221299796924         0.72                     1.0515463044148493E-7
0.9433186373223084        0.7150000000000001       9.308937782522325E-8
0.9514159748476931        0.71                     8.070963219540633E-8
0.9595133123730776        0.7050000000000001       6.801893881765448E-8
0.9676106498984619        0.7000000000000002       5.50204727739205E-8
0.9757079874238465        0.6950000000000002       4.17170490600447E-8
0.983805324949231         0.6900000000000002       2.8111132955600732E-8
0.9919026624746154        0.6850000000000002       1.4204850635591445E-8
1                         0.6800000000000002       0
0.6999999999999996        0.983805324949231        3.5175766881197665E-8
0.6949999999999996        0.9919026624746154       1.7944383936259164E-8
0.6899999999999996        1                        0
0.7049999999999996        0.9757079874238463       5.169521660519466E-8
0.7099999999999996        0.9676106498984619       6.750390303769278E-8
0.7149999999999996        0.9595133123730775       8.260313819497166E-8
0.7199999999999996        0.9514159748476929       9.699441476091766E-8
0.7249999999999996        0.9433186373223086       1.106794431409932E-7
0.7299999999999996        0.935221299796924        1.236601868230708E-7
0.7349999999999997        0.9271239622715396       1.3593889589304253E-7
0.7399999999999997        0.919026624746155        1.4751813856813018E-7
0.7449999999999997        0.9109292872207705       1.5840083062655123E-7
0.7499999999999997        0.902831949695386        1.6859026262858323E-7
0.7549999999999997        0.8947346121700015       1.7809012484101542E-7
0.7599999999999998        0.8866372746446168       1.8690452979534028E-7
0.7649999999999997        0.8785399371192324       1.9503803242563314E-7
0.7699999999999998        0.870442599593848        2.0249564776164372E-7
0.7749999999999998        0.8623452620684633       2.0928286612447014E-7
0.7799999999999998        0.8542479245430789       2.1540566595453045E-7
0.7849999999999998        0.8461505870176944       2.2087052385499088E-7
0.7898723493427459        0.838108699927502        2.2576606437018895E-7
0.7991497316958297        0.8221430400339232       2.3415048445062698E-7
0.7945780470585445        0.8301060206013507       2.3019502848764674E-7
0.8035946859523478        0.8139338202562322       2.3798475841919633E-7
0.807507657937728         0.807071791926504        2.404713212738912E-7
0.8148802798589896        0.8044237027328892       2.331791302035664E-7
0.8224173304320634        0.7998226581612178       2.274762501453417E-7
0.8302576372032543        0.7949864845020693       2.2120210974214358E-7
0.8382051998284092        0.7900656324911767       2.1445649147117095E-7
0.846217289451022         0.7850707165177838       2.0728161229311796E-7
0.8542774406014155        0.7800390180708584       1.996657318773314E-7
0.8623572977271987        0.775016390161153        1.9161767012841709E-7
0.8704465430646035        0.7700045904203566       1.8316040715843622E-7
0.8785404622350019        0.7650006169996252       1.743119334988132E-7
0.8866372834507983        0.7599999998317883       1.6508576070766781E-7
0.8947346121700015        0.755                    1.5549417355179638E-7
0.902831949695386         0.75                     1.4554468684241262E-7
0.9109292872207704        0.745                    1.3524327444014185E-7
0.9190266247461548        0.74                     1.2459547795583996E-7
0.9271239622715394        0.735                    1.1360642616309838E-7
0.9352212997969239        0.73                     1.0228084182095445E-7
0.9433186373223086        0.725                    9.062304905572975E-8
0.9514159748476929        0.72                     7.863698123633122E-8
0.9595133123730775        0.7150000000000001       6.632618928353284E-8
0.9676106498984619        0.71                     5.369385036015515E-8
0.9757079874238465        0.7050000000000001       4.0742776895349385E-8
0.983805324949231         0.7000000000000002       2.7475425902450914E-8
0.9919026624746154        0.6950000000000002       1.3893908556042124E-8
1                         0.6900000000000002       0
0.7099999999999996        0.983805324949231        3.3779090407898155E-8
0.7049999999999996        0.9919026624746154       1.7240818235201164E-8
0.6999999999999996        1                        0
0.7149999999999996        0.9757079874238465       4.961592997495286E-8
0.7199999999999996        0.9676106498984619       6.475258146241835E-8
0.7249999999999996        0.9595133123730775       7.919045663678112E-8
0.7299999999999996        0.9514159748476931       9.293116941521332E-8
0.7349999999999997        0.9433186373223086       1.0597656934670047E-7
0.7399999999999997        0.935221299796924        1.1832877350967993E-7
0.7449999999999997        0.9271239622715396       1.299901966861932E-7
0.7499999999999997        0.919026624746155        1.4096357968747153E-7
0.7549999999999997        0.9109292872207704       1.5125201572133975E-7
0.7599999999999998        0.902831949695386        1.6085897470770686E-7
0.7649999999999997        0.8947346121700015       1.6978832546438272E-7
0.7699999692453122        0.8866373253495016       1.7804430561836454E-7
0.7749998468243295        0.8785402958931616       1.856314045393425E-7
0.7799992068555855        0.8704444691657767       1.9255392535370358E-7
0.7849989103662407        0.8623514128123464       1.9881471750407482E-7
0.7899997115942115        0.8542693845393882       2.0440848296685628E-7
0.7950012726293942        0.8462119556076871       2.0932633115369168E-7
0.8087694927454545        0.8227990684298404       2.2101917161229088E-7
0.7998220408652257        0.8382006543658704       2.1376753109325394E-7
0.8042883671121138        0.8303438372279158       2.1785684135195E-7
0.813799593717802         0.8145678215776392       2.236905631689673E-7
0.8224715060374205        0.809701939890294        2.1734358181964547E-7
0.8303305403192567        0.8049311181848593       2.1155693877436192E-7
0.8382556577328875        0.8000990400735052       2.053366751603466E-7
0.8462595191339625        0.7951126039645691       1.9873954284834391E-7
0.854302754516561         0.7900642651540212       1.9172529592965248E-7
0.8623706685756273        0.7850301832898525       1.84254474336416E-7
0.870452431646129         0.7800113055694272       1.763512838777579E-7
0.8785423909590594        0.7750028748240476       1.6803644262122233E-7
0.8866374261650853        0.7700003381451722       1.5932568896350547E-7
0.8947346121700015        0.765                    1.502327905507603E-7
0.902831949695386         0.76                     1.4076823407680385E-7
0.9109292872207704        0.755                    1.309383906495644E-7
0.919026624746155         0.75                     1.2074879798338031E-7
0.9271239622715394        0.745                    1.102045838334812E-7
0.9352212997969239        0.74                     9.931047163306817E-8
0.9433186373223084        0.735                    8.80707867228045E-8
0.9514159748476931        0.73                     7.648946310179211E-8
0.9595133123730775        0.725                    6.457005063890201E-8
0.9676106498984619        0.72                     5.231572268912825E-8
0.9757079874238465        0.7150000000000001       3.97292840655133E-8
0.983805324949231         0.7100000000000001       2.6813179322992358E-8
0.9919026624746154        0.7050000000000001       1.3569501316318512E-8
1                         0.7000000000000002       0
0.7199999999999996        0.983805324949231        3.24030860984039E-8
0.7149999999999996        0.9919026624746154       1.6547625814467346E-8
0.7099999999999996        1                        0
0.7249999999999996        0.9757079874238465       4.756753117504062E-8
0.7299999999999996        0.9676106498984619       6.204226851007298E-8
0.7349999999999997        0.9595133123730775       7.582879541433577E-8
0.7399999999999997        0.9514159748476931       8.892883056948192E-8
0.7449999999999997        0.9433186373223086       1.0134434421988057E-7
0.7499999999999997        0.935221299796924        1.1307758688780593E-7
0.7549999999999997        0.9271239622715396       1.2413111648328946E-7
0.7599999999999998        0.919026624746155        1.3450782369470164E-7
0.7649999999999997        0.9109292872207707       1.4421095556120363E-7
0.7699999999999998        0.902831949695386        1.5324413714359306E-7
0.7749999999999997        0.8947346121700015       1.616113912245605E-7
0.7799997841194193        0.8866375243293031       1.6931698198271901E-7
0.7849990541611822        0.878541081207339        1.7636557095967547E-7
0.7899960369867444        0.8704471651865099       1.8276182583383602E-7
0.7949902135433572        0.8623582914858352       1.8850948103833013E-7
0.7999766825176438        0.854281264441101        1.9361261987957584E-7
0.8049495189128015        0.8462252412432573       1.9807632074413412E-7
0.8162576994679119        0.8235098221276476       2.1075514238622452E-7
0.8137041191475171        0.8305389315866774       2.0612426800428413E-7
0.8097685656423877        0.8382938429831738       2.019560054135032E-7
0.8231010015057242        0.8194566455163775       2.064360641620808E-7
0.8303975151950311        0.8146911999456006       2.019303674825885E-7
0.8383161970175563        0.810135911602201        1.960272216530159E-7
0.8462877487201027        0.8052127653245993       1.8999480208505E-7
0.854327894640332         0.8001010964425466       1.8360848227379118E-7
0.8623896013514388        0.7950401835283725       1.7672372425526613E-7
0.8704625674370279        0.790018620165061        1.6937828160647984E-7
0.8785465086750174        0.7850068269568786       1.6160530313473913E-7
0.8866383176544207        0.7800016769705538       1.5341926197118042E-7
0.8947346332512509        0.775000129142855        1.4483403200675993E-7
0.902831949695386         0.77                     1.3586242262521778E-7
0.9109292872207704        0.765                    1.2651253453427526E-7
0.919026624746155         0.76                     1.1678999245108262E-7
0.9271239622715396        0.755                    1.0669991402296289E-7
0.9352212997969239        0.75                     9.624701488229122E-8
0.9433186373223084        0.745                    8.543561376801704E-8
0.9514159748476929        0.74                     7.426963819240919E-8
0.9595133123730775        0.735                    6.275263058987298E-8
0.9676106498984619        0.73                     5.088775489087732E-8
0.9757079874238465        0.725                    3.8677803469389016E-8
0.983805324949231         0.72                     2.6125204417571705E-8
0.9919026624746154        0.7150000000000001       1.3232029106873032E-8
1                         0.7100000000000001       0
0.7299999999999998        0.983805324949231        3.104749424297912E-8
0.7249999999999996        0.9919026624746154       1.5864697033582027E-8
0.7199999999999998        1                        0
0.7349999999999997        0.9757079874238465       4.554957075083301E-8
0.7399999999999997        0.9676106498984619       5.937228628934617E-8
0.7449999999999997        0.9595133123730775       7.251721070765997E-8
0.7499999999999997        0.9514159748476931       8.4986152383676E-8
0.7549999999999997        0.9433186373223086       9.678118539449884E-8
0.7599999999999998        0.935221299796924        1.079046753134525E-7
0.7649999999999998        0.9271239622715396       1.183593035157251E-7
0.7699999999999998        0.919026624746155        1.2814808988904665E-7
0.7749999999999998        0.9109292872207704       1.3727441386043301E-7
0.7799999999999998        0.902831949695386        1.4574203366502235E-7
0.7849999999999998        0.8947346121700015       1.5355510379452016E-7
0.7899994519791108        0.8866375830214591       1.6071823538098986E-7
0.7949973322312629        0.8785413070122468       1.6723688883496804E-7
0.7999897754412035        0.870447015443586        1.731189694140082E-7
0.8049711812193227        0.8623560207734979       1.7837547731971525E-7
0.8099411889439545        0.854268255843884        1.8301526903248247E-7
0.8148641207942768        0.8461851503188893       1.870849827211626E-7
0.8233312662698586        0.8299900918805718       1.9510173686056516E-7
0.8195470812023518        0.8380726416618776       1.908587173704142E-7
0.830424650297142         0.8242459553322503       1.9240264515455724E-7
0.8302024579213171        0.8302927289430937       1.865818286472733E-7
0.8383627330893348        0.8205717386788771       1.861961418763311E-7
0.8462699833041052        0.8152462656676286       1.8120237262067767E-7
0.854324564749143         0.810127862698149        1.7537757127504862E-7
0.8624083482847733        0.8050245965310309       1.6905903562640413E-7
0.8704736392521448        0.8000200951337889       1.622586881159498E-7
0.8785529037336506        0.795011014885977        1.5502672583245475E-7
0.8866406687984092        0.7900041079631333       1.4737208091344438E-7
0.8947348841051688        0.7850007496978334       1.3930342692474234E-7
0.9028319506132818        0.7800000222632741       1.30832750766015E-7
0.9109292872207704        0.7750000000000001       1.2197071481818586E-7
0.9190266247461548        0.77                     1.1272357412193953E-7
0.9271239622715394        0.765                    1.0309644037302096E-7
0.9352212997969239        0.76                     9.309401348992654E-8
0.9433186373223086        0.755                    8.272059827964512E-8
0.9514159748476929        0.75                     7.198010906701593E-8
0.9595133123730775        0.745                    6.087607482314328E-8
0.9676106498984619        0.74                     4.9411644734866097E-8
0.9757079874238465        0.735                    3.758959416208731E-8
0.983805324949231         0.73                     2.541233093463719E-8
0.9919026624746154        0.725                    1.2881901945228377E-8
1                         0.7200000000000001       0
0.7399999999999997        0.983805324949231        2.9711984904852402E-8
0.7349999999999997        0.9919026624746154       1.5191885209338202E-8
0.7299999999999996        1                        0
0.7449999999999997        0.9757079874238465       4.356149964572975E-8
0.7499999999999997        0.9676106498984619       5.674183167873405E-8
0.7549999999999997        0.9595133123730775       6.925461150860308E-8
0.7599999999999998        0.9514159748476931       8.110172345136149E-8
0.7649999999999997        0.9433186373223084       9.22853300352573E-8
0.7699999999999998        0.9352212997969239       1.0280789512759456E-7
0.7749999999999998        0.9271239622715394       1.1267220567953018E-7
0.7799999999999998        0.9190266247461548       1.218813919948256E-7
0.7849999999999998        0.9109292872207704       1.304389464425874E-7
0.7899999999999999        0.902831949695386        1.3834874054834057E-7
0.7949999999999999        0.8947346121700015       1.4561504040943517E-7
0.7999990895830891        0.8866374286962226       1.52243086489725E-7
0.8049950811271147        0.8785403548507495       1.5824014762950395E-7
0.8099794590684998        0.870442189208399        1.636217303652237E-7
0.8149481769821088        0.8623395446595614       1.6840333533697104E-7
0.8199200380500571        0.8542255489995533       1.7258105671625712E-7
0.8249103132195174        0.8460386675461565       1.7620891628800928E-7
0.8299492286875235        0.8374026290699474       1.7963306329560811E-7
0.8371529278015842        0.8304733270289808       1.7818776709070435E-7
0.8460494569160244        0.8252810026434434       1.7249227168391903E-7
0.8542707892984243        0.820130282065557        1.6707528167930567E-7
0.8623852303997217        0.8150219019605751       1.6129086961919131E-7
0.8704735028848183        0.8100142951076155       1.5501682131189665E-7
0.8785585258475845        0.8050140211660386       1.4831302243140258E-7
0.8866445937913392        0.8000076267548327       1.4119076248529264E-7
0.8947360595655828        0.7950022212305076       1.3364592253571143E-7
0.9028319954894605        0.790000176408651        1.2568464460050018E-7
0.9109292872207705        0.7850000000000001       1.1731797450036115E-7
0.919026624746155         0.78                     1.0855409286253702E-7
0.9271239622715394        0.7750000000000001       9.939822518838525E-8
0.9352212997969239        0.77                     8.985504836182443E-8
0.9433186373223084        0.765                    7.992884644307815E-8
0.9514159748476929        0.76                     6.962351431315961E-8
0.9595133123730775        0.7549999999999999       5.894256183009577E-8
0.9676106498984619        0.75                     4.788911843793354E-8
0.9757079874238465        0.745                    3.6465938174350235E-8
0.983805324949231         0.74                     2.46754050269643E-8
0.9919026624746154        0.735                    1.2519538592822728E-8
1                         0.73                     0
0.7499999999999997        0.983805324949231        2.839616480008685E-8
0.7449999999999997        0.9919026624746154       1.45290102067162E-8
0.7399999999999998        1                        0
0.7549999999999997        0.9757079874238465       4.160267906932009E-8
0.7599999999999998        0.9676106498984619       5.414998888379305E-8
0.7649999999999997        0.9595133123730776       6.603977456977616E-8
0.7699999999999998        0.9514159748476929       7.72739838452771E-8
0.7749999999999997        0.9433186373223084       8.785485368777204E-8
0.7799999999999998        0.9352212997969239       9.778493102286642E-8
0.7849999999999998        0.9271239622715394       1.0706709213531573E-7
0.7899999999999999        0.919026624746155        1.1570456071733616E-7
0.7949999999999997        0.9109292872207705       1.237009244821522E-7
0.7999999999999997        0.902831949695386        1.310601502840245E-7
0.8049999999999998        0.8947346121700015       1.3778659768865466E-7
0.8099999999999998        0.886637274644617        1.4388503102104477E-7
0.8149961145888347        0.8785390835701281       1.4936506414448136E-7
0.8199647696471586        0.870433661990893        1.5426200198521032E-7
0.8249069138899677        0.8623127349411803       1.5859309588064758E-7
0.8298595945901026        0.8541676494281666       1.62337433775942E-7
0.8350543653819243        0.846121086052184        1.6512432172532523E-7
0.8387198637095553        0.8388877257583279       1.6823724007453757E-7
0.8461545766152804        0.8350210180956795       1.6350781318443602E-7
0.8542435908395306        0.830094789973639        1.586245605553468E-7
0.862348906133231         0.8250136402855021       1.5340018284850708E-7
0.8704614252823474        0.8200189387331944       1.4764621532691187E-7
0.8785602674778817        0.8150200638023563       1.4147205075325188E-7
0.8866498663951212        0.8100127719352521       1.3488204588109347E-7
0.8947392740393291        0.8050050866392223       1.2786599188904433E-7
0.9028325778298362        0.8000007539216418       1.2042288452648394E-7
0.9109292931081668        0.7950000096766928       1.1255936898921925E-7
0.919026624746155         0.79                     1.0428612668361506E-7
0.9271239622715396        0.7850000000000001       9.560936117685006E-8
0.9352212997969239        0.78                     8.6533731882697E-8
0.9433186373223084        0.7750000000000001       7.706349583922477E-8
0.9514159748476931        0.77                     6.720252269444415E-8
0.9595133123730775        0.765                    5.695429794389467E-8
0.9676106498984619        0.76                     4.632192662858426E-8
0.9757079874238465        0.755                    3.5308137438702175E-8
0.983805324949231         0.75                     2.391528717211193E-8
0.9919026624746154        0.745                    1.214536550049935E-8
1                         0.74                     0
0.7599999999999997        0.983805324949231        2.7099583619204732E-8
0.7549999999999997        0.9919026624746154       1.3875861742558972E-8
0.7499999999999997        1                        0
0.7649999999999998        0.9757079874238465       3.967238955281846E-8
0.7699999999999998        0.9676106498984619       5.1595740944094146E-8
0.7749999999999998        0.9595133123730775       6.287135808300875E-8
0.7799999999999998        0.9514159748476931       7.350124069013518E-8
0.7849999999999998        0.9433186373223086       8.348768747214505E-8
0.7899999999999999        0.9352212997969239       9.283331458868056E-8
0.7949999999999999        0.9271239622715394       1.0154107294096136E-7
0.7999999999999997        0.919026624746155        1.0961426420617464E-7
0.8049999999999998        0.9109292872207704       1.1705655555035315E-7
0.8099999999999998        0.902831949695386        1.238719929685422E-7
0.8149999999999997        0.8947346121700015       1.300650132154642E-7
0.8199999999999997        0.8866372746446168       1.356404542796484E-7
0.8249988316617907        0.8785382031222351       1.406065104467136E-7
0.8299502219191558        0.8704315385537278       1.450176294992389E-7
0.8347951627087205        0.8622791028492681       1.489822791479065E-7
0.8395729288122087        0.8540265303389244       1.5252999567451667E-7
0.8452882200614644        0.845420568544848        1.548294904903075E-7
0.8542781053749499        0.8400974277448906       1.4993571820221152E-7
0.8623597674453689        0.8350253887141149       1.4530465432299143E-7
0.8704533735022231        0.8300450128013664       1.4012538046695655E-7
0.8785630711726944        0.825036922531943        1.344988995186021E-7
0.8866573014466556        0.8200212027593891       1.284506530429034E-7
0.8947456753295143        0.8150098178198046       1.2196835862696116E-7
0.9028355534612336        0.8100024411781432       1.1505049084974465E-7
0.9109294935033615        0.8050000979482049       1.0769971524245752E-7
0.919026624746155         0.8                      9.992427342947568E-8
0.9271239622715396        0.795                    9.173396374152679E-8
0.935221299796924         0.79                     8.313370087475433E-8
0.9433186373223086        0.7850000000000001       7.412770912596194E-8
0.9514159748476929        0.78                     6.471982760638641E-8
0.9595133123730775        0.7750000000000001       5.491351261726968E-8
0.9676106498984619        0.77                     4.4711840490778174E-8
0.9757079874238465        0.765                    3.411751084047995E-8
0.983805324949231         0.76                     2.3132850169650467E-8
0.9919026624746154        0.755                    1.175981578914375E-8
1                         0.75                     0
0.7699999999999998        0.983805324949231        2.582173982324637E-8
0.7649999999999997        0.9919026624746154       1.3232202418285025E-8
0.7599999999999997        1                        0
0.7749999999999998        0.9757079874238465       3.7769839240897075E-8
0.7799999999999998        0.9676106498984619       4.9077980255401263E-8
0.7849999999999998        0.9595133123730775       5.97479141690792E-8
0.7899999999999999        0.9514159748476929       6.978168236037957E-8
0.7949999999999999        0.9433186373223084       7.918163373323977E-8
0.7999999999999997        0.9352212997969239       8.795044116301248E-8
0.8049999999999998        0.9271239622715394       9.609111685717026E-8
0.8099999999999998        0.9190266247461548       1.036070265619127E-7
0.8149999999999997        0.9109292872207704       1.1050190255584686E-7
0.8199999999999997        0.902831949695386        1.1677985538973633E-7
0.8249999999999997        0.8947346121700015       1.2244538431801148E-7
0.8299999999999998        0.886637274644617        1.275033865064486E-7
0.8349888836330823        0.8785571218699804       1.3195077580102934E-7
0.8400022687540319        0.8704240317111904       1.3583496068689918E-7
0.844478781140223         0.8623119353667847       1.3961834684957742E-7
0.8477346675979455        0.8546158824879514       1.437083496375404E-7
0.8549873088040951        0.8501105490031767       1.404231795375006E-7
0.8626351684839597        0.844912252137885        1.3691173269845165E-7
0.8706025931953586        0.8400405896935729       1.3233750918282645E-7
0.8786147451609385        0.8350427789826906       1.273637103513395E-7
0.8866760850822645        0.83002924562167         1.2189560316561687E-7
0.894757456905324         0.8250156866715855       1.1595754723549166E-7
0.9028423074789632        0.8200055514053171       1.0957164653113713E-7
0.9109320706768163        0.8150008987684827       1.0274124267409177E-7
0.9190266247461548        0.8100000000000002       9.547314314371449E-8
0.9271239622715394        0.8049999999999999       8.777616385596451E-8
0.9352212997969239        0.8                      7.96586100528891E-8
0.9433186373223086        0.795                    7.112466813309541E-8
0.9514159748476931        0.79                     6.217814186867351E-8
0.9595133123730775        0.7850000000000001       5.282245396566054E-8
0.9676106498984619        0.78                     4.306064810806035E-8
0.9757079874238465        0.7750000000000001       3.2895391410174474E-8
0.983805324949231         0.77                     2.232897722664099E-8
0.9919026624746154        0.765                    1.1363328271465471E-8
1                         0.76                     0
0.7799999999999998        0.983805324949231        2.4562085946648468E-8
0.7749999999999997        0.9919026624746154       1.2597770497871626E-8
0.7699999999999998        1                        0
0.7849999999999998        0.9757079874238465       3.589417146831194E-8
0.7899999999999999        0.9676106498984619       4.659551817125853E-8
0.7949999999999997        0.9595133123730776       5.666790025837147E-8
0.7999999999999998        0.9514159748476931       6.611339139754904E-8
0.8049999999999998        0.9433186373223086       7.493438025684137E-8
0.8099999999999998        0.935221299796924        8.31335851236559E-8
0.814999340145862         0.9271236446673489       9.071480999600055E-8
0.8199965712724007        0.9190248923876525       9.768331864568092E-8
0.8249897036737711        0.91092376762311         1.0404583404852826E-7
0.829976760915989         0.9028183176602869       1.0981038899907387E-7
0.8349547403354208        0.8947043770895365       1.1498857738165323E-7
0.8399073544104789        0.8865687128173573       1.1961212313270237E-7
0.8448629208677828        0.8784089495836832       1.23665692939629E-7
0.8498681536990031        0.8700568024746776       1.2726674875641454E-7
0.8547774597486075        0.8608418390213759       1.3112679206466704E-7
0.8629454755540653        0.8547057947919476       1.2848365330620203E-7
0.8708354267665555        0.8501691373930025       1.242679700083002E-7
0.878717077813107         0.8450489681323767       1.2007291831725885E-7
0.8867274223518868        0.8400281124543597       1.1520905433375169E-7
0.8947811966797247        0.8350182927163277       1.0983618241778062E-7
0.902854219716975         0.8300094130074211       1.039914211984327E-7
0.9109379310508651        0.8250027823452762       9.768823404676496E-8
0.9190285224792821        0.8200007535919122       9.093483400726308E-8
0.9271242879832796        0.8150001972606881       8.373964107936641E-8
0.9352213097622153        0.8099999998267435       7.61121142140832E-8
0.9433186373223084        0.8049999999999999       6.80575683965351E-8
0.9514159748476929        0.8                      5.958019287782635E-8
0.9595133123730775        0.7949999999999999       5.068338459724641E-8
0.9676106498984619        0.79                     4.137015102643272E-8
0.9757079874238465        0.7850000000000001       3.164312367174986E-8
0.983805324949231         0.78                     2.150456014170627E-8
0.9919026624746154        0.7750000000000001       1.095634652037236E-8
1                         0.77                     0
0.7899999999999999        0.983805324949231        2.3320033438741256E-8
0.7849999999999998        0.9919026624746154       1.1972282447128363E-8
0.7799999999999998        1                        0
0.7949999999999997        0.9757079874238465       3.4044471668609876E-8
0.7999999999999997        0.9676106498984619       4.414709374639382E-8
0.8049999999999998        0.9595133123730775       5.362968943949841E-8
0.8099999999999998        0.9514159748476931       6.249435623825333E-8
0.8149999999999997        0.9433186373223086       7.074351315352292E-8
0.8199999999999997        0.935221299796924        7.837991369133967E-8
0.8249974799664674        0.9271229543200029       8.540915197926301E-8
0.8299897038440408        0.9190218643858161       9.183849784422836E-8
0.8349720700900775        0.9109152197968352       9.767820989417524E-8
0.8399426186880526        0.9027995155690902       1.0293830129534132E-7
0.8449017079980039        0.8946678296758659       1.0763062608921705E-7
0.8497974295091866        0.8864923730962201       1.1182732190305134E-7
0.854613435200914         0.8783546555326738       1.1547739600649668E-7
0.8593105219900973        0.8701781644907185       1.187042371839125E-7
0.8635056658494498        0.863168007167712        1.2087715107567715E-7
0.8707555246832406        0.8600623839514191       1.1660090005612572E-7
0.878777503563609         0.8550295205153448       1.127518356567708E-7
0.8867795960648569        0.8500063054187127       1.0844313116233151E-7
0.8948141871527145        0.845012474838997        1.0361857412272753E-7
0.9028731153455457        0.8400106788783205       9.831631380192671E-8
0.9109474091658467        0.835005577450378        9.254607215243665E-8
0.9190326209578196        0.830002343498566        8.631390677268643E-8
0.9271253993256262        0.8250009427415909       7.96279346017885E-8
0.9352214476231244        0.8200001398035698       7.249770324564367E-8
0.9433186373223084        0.8150000000000001       6.492961415386203E-8
0.9514159748476931        0.8100000000000002       5.6928718140221615E-8
0.9595133123730775        0.8049999999999999       4.8498577748150755E-8
0.9676106498984619        0.8                      3.9642161051844465E-8
0.9757079874238465        0.795                    3.03620611597579E-8
0.983805324949231         0.79                     2.0660497596835257E-8
0.9919026624746154        0.7850000000000001       1.0539317988802628E-8
1                         0.78                     0
0.7999999999999997        0.983805324949231        2.2094957074856404E-8
0.7949999999999999        0.9919026624746154       1.135543524993865E-8
0.7899999999999999        1                        0
0.8049999999999998        0.9757079874238465       3.22197736608118E-8
0.8099999999999998        0.9676106498984619       4.173138168226273E-8
0.8149999999999997        0.9595133123730775       5.0631579850100465E-8
0.8199999999999997        0.9514159748476931       5.892248184023922E-8
0.8249999999999997        0.9433186373223086       6.660652852609062E-8
0.829998876141976         0.935221091126996        7.36872584302476E-8
0.8349929546853028        0.927121812973823        8.017152510274398E-8
0.8399769113369293        0.9190178973973151       8.606946986090211E-8
0.8449449258257422        0.9109059606761178       9.139302596531209E-8
0.8499009583343504        0.9027838499062248       9.614728784386548E-8
0.8548601582028578        0.8946550298776288       1.0032313249013189E-7
0.8596728359944206        0.8865189924041036       1.0404159835606672E-7
0.8641569807253615        0.8784722477925873       1.0739851246460235E-7
0.8697356514094214        0.8700961728352918       1.0954321769192127E-7
0.8787555244352364        0.8649401721959752       1.054698109984502E-7
0.8868340184664418        0.8599497272596712       1.0161345659355397E-7
0.8948648846988655        0.8549774349632373       9.73177711466109E-8
0.9028956160529948        0.8500077539507507       9.255746741404851E-8
0.9109607281503149        0.8450079519889062       8.732095551932014E-8
0.919039475478071         0.8400047522597555       8.161478610986206E-8
0.9271277795378017        0.8350025304626619       7.54446812814513E-8
0.9352220729579391        0.8300007326680607       6.881856842067866E-8
0.9433186732004422        0.8250000563256927       6.174395626349116E-8
0.9514159748476929        0.8200000000000001       5.422646120222207E-8
0.9595133123730775        0.8150000000000001       4.627031373784635E-8
0.9676106498984619        0.8100000000000002       3.787849729559517E-8
0.9757079874238465        0.8049999999999999       2.9053564116163313E-8
0.983805324949231         0.8                      1.9797693564819282E-8
0.9919026624746154        0.795                    1.011269318527066E-8
1                         0.79                     0
0.8099999999999998        0.983805324949231        2.0886198967059858E-8
0.8049999999999998        0.9919026624746154       1.0746908516706525E-8
0.7999999999999997        1                        0
0.8149999999999997        0.9757079874238463       3.041906535837508E-8
0.8199999999999997        0.9676106498984619       3.9346999532798975E-8
0.8249999999999997        0.9595133123730775       4.7671803181158085E-8
0.8299999999999998        0.9514159748476931       5.5395599290517474E-8
0.8349999999999999        0.9433186373223084       6.252084296339029E-8
0.8399963038284343        0.9352207425675841       6.905262242643458E-8
0.8449833320127818        0.9271203953145066       7.499941418711172E-8
0.8499549119298251        0.9190142170384309       8.037270686824337E-8
0.8549029218285695        0.9108992482197218       8.518589124206107E-8
0.8598479371313198        0.9027738059042747       8.943344164289126E-8
0.8648063487578498        0.8946479588570808       9.309860677514065E-8
0.869319717316474         0.8865531638022456       9.651294572961654E-8
0.8722914585451054        0.8791322800249977       1.0014292123243917E-7
0.8793738836374597        0.8747199542236322       9.76565331937929E-8
0.8870583009555096        0.8697832167249998       9.463442334930695E-8
0.8949478689677505        0.8649024240173799       9.093764471334712E-8
0.9029463440747595        0.8599686125932119       8.671736156141882E-8
0.9109769361959308        0.855008559977438        8.202029293115252E-8
0.9190483484828895        0.8500084210156694       7.684306343843442E-8
0.9271321009175219        0.8450049800830831       7.11935538334927E-8
0.9352237351891187        0.8400021597973724       6.507775709574376E-8
0.943319027043945         0.8350003842562342       5.850344438799725E-8
0.9514159809982303        0.8300000096558329       5.1476158748824574E-8
0.9595133123730775        0.8250000000000001       4.400087675649613E-8
0.9676106498984619        0.8200000000000001       3.608098347833325E-8
0.9757079874238465        0.8150000000000001       2.7718997375855277E-8
0.983805324949231         0.8100000000000002       1.8917055838940405E-8
0.9919026624746154        0.8049999999999999       9.676924908753437E-9
1                         0.8                      0
0.8199999999999997        0.983805324949231        1.969307220343454E-8
0.8149999999999997        0.9919026624746154       1.014636639973231E-8
0.8099999999999998        1                        0
0.8249999999999997        0.9757079874238465       2.8641293943007437E-8
0.8299999999999998        0.9676106498984619       3.699251422600144E-8
0.8349999999999999        0.9595133123730775       4.474853236261391E-8
0.84                      0.9514159748476929       5.19114744765288E-8
0.845                     0.9433186373223084       5.848380305581795E-8
0.8499907697097115        0.935220561757843        6.447325760091719E-8
0.8549670257683544        0.9271199484773911       6.988878475177603E-8
0.8599194509247421        0.9190135465863358       7.474406763941314E-8
0.8648315637927707        0.9108992482236188       7.905793500434617E-8
0.8697095088031379        0.9027545600720255       8.285442439321667E-8
0.8745701822294014        0.8944728284442662       8.621209751511213E-8
0.8794256591829678        0.8854197603013261       8.959173494800511E-8
0.887337201607951         0.8794843799919596       8.765503338068055E-8
0.8951134554660045        0.8747022139204703       8.450428734512717E-8
0.9030198836404373        0.8698936889896749       8.081190909490956E-8
0.9110154484538446        0.8649841526900875       7.664514965960353E-8
0.9190594459748809        0.8600118029486437       7.200424966429517E-8
0.9271385395212243        0.8550100398604269       6.687809681437992E-8
0.9352266248676919        0.8500048674765143       6.127875451608088E-8
0.9433203848853804        0.8450016152096365       5.5210451887345155E-8
0.9514162243547548        0.8400002216183932       4.868026939782256E-8
0.9595133123730775        0.835                    4.1692551993374764E-8
0.9676106498984619        0.83                     3.425144550063468E-8
0.9757079874238465        0.8250000000000001       2.6359728447866575E-8
0.983805324949231         0.8200000000000001       1.801949469023708E-8
0.9919026624746154        0.8150000000000001       9.232467545901797E-9
1                         0.8100000000000002       0
0.8299999999999998        0.983805324949231        1.8514864143657873E-8
0.8249999999999997        0.9919026624746153       9.553459329678007E-9
0.8199999999999997        1                        0
0.8349999999999999        0.9757079874238463       2.6885370544082277E-8
0.84                      0.9676106498984619       3.466644795453939E-8
0.845                     0.9595133123730775       4.185988849610303E-8
0.8499999999999999        0.9514159748476929       4.8467815887337705E-8
0.8549999999999999        0.9433186373223084       5.449269392957459E-8
0.8599789884105103        0.9352217538716934       5.994638743364723E-8
0.8649472010553624        0.9271236788665366       6.483174501879545E-8
0.8698536772166889        0.91902542896488         6.918128326120578E-8
0.8747365109956438        0.9109270701292219       7.298516572568104E-8
0.8794421195926436        0.9028074656918547       7.636837813888484E-8
0.8841937440965288        0.8946702954870905       7.919875147514434E-8
0.8880930329532299        0.8876058387556871       8.139245371159433E-8
0.8952641725349094        0.8843169063827871       7.815516553711826E-8
0.9031513799628903        0.8797358056469503       7.485186027530873E-8
0.9110862707299999        0.8749273645125591       7.120100731215074E-8
0.9190857126134745        0.87000691756826         6.709633941204534E-8
0.927145863796572         0.8650181498446959       6.250365667268537E-8
0.9352323429982268        0.8600112149205662       5.742307321204996E-8
0.943323223206954         0.8550048961285996       5.18675196823171E-8
0.9514174825309547        0.8500014310841612       4.584060788176572E-8
0.959513551054541         0.8450002165887099       3.934733887140271E-8
0.9676106498984619        0.8400000000000001       3.239170928708172E-8
0.9757079874238465        0.8350000000000002       2.497712579731317E-8
0.983805324949231         0.83                     1.7105921656360867E-8
0.9919026624746154        0.8250000000000001       8.779776432907544E-9
1                         0.8200000000000001       0
0.84                      0.983805324949231        1.7350839397383187E-8
0.835                     0.9919026624746154       8.96782558667867E-9
0.8299999999999998        1                        0
0.845                     0.9757079874238465       2.5150174462476246E-8
0.8499999999999999        0.9676106498984619       3.236728348600274E-8
0.8549999999999999        0.9595133123730775       3.900394709201174E-8
0.8599999999999999        0.9514159748476931       4.506228174746149E-8
0.8649884851359223        0.943320406567996        5.0547704558854785E-8
0.8699627146614923        0.9352255101673794       5.546721786919353E-8
0.8748724609942098        0.9271392545376062       5.984488087516759E-8
0.8797689828769547        0.9190539449954818       6.36728970432393E-8
0.8844201293795949        0.9109900048219934       6.708174098023789E-8
0.888986702540572         0.9030328234867857       6.99500296518027E-8
0.8946447680803582        0.8946830562426242       7.181235456429127E-8
0.9032451971390221        0.8896901437390317       6.88071250642379E-8
0.9111993013048649        0.8848644684960623       6.567756833488269E-8
0.9191194989375315        0.8800056644474542       6.212694100643385E-8
0.9271607536034555        0.8750326486937264       5.8067575864410756E-8
0.9352381589283346        0.8700202170565169       5.351750090886088E-8
0.9433291832310082        0.8650116224321956       4.8476191231500895E-8
0.9514207099221381        0.8600049766577714       4.2958843006495354E-8
0.9595147549761389        0.8550013499486687       3.6966723196886625E-8
0.9676108624866835        0.850000172106806        3.0503365354478735E-8
0.9757079874238465        0.8450000000000001       2.3572557332251446E-8
0.983805324949231         0.8400000000000001       1.6177248464654233E-8
0.9919026624746154        0.8350000000000002       8.31930728368846E-9
1                         0.83                     0
0.8499999999999998        0.983805324949231        1.620024251064321E-8
0.8449999999999998        0.9919026624746154       8.38909271903609E-9
0.8399999999999997        1                        0
0.8549999999999999        0.9757079874238463       2.3434556975738073E-8
0.8599999999999999        0.9676106498984619       3.009346893744292E-8
0.865                     0.9595133123730775       3.617874374684204E-8
0.8699916824969666        0.9514174224161771       4.169403996229194E-8
0.874976513657076         0.9433235948574938       4.664223388395532E-8
0.8798884121448234        0.9352447713656962       5.104652760211636E-8
0.8847727678331913        0.9271641228245588       5.491320410877665E-8
0.889545166949724         0.9190803763541681       5.8296610201960836E-8
0.8940356657689372        0.9110484434715885       6.128155896251443E-8
0.8970990817951526        0.9038700951034826       6.413864536505716E-8
0.9038544460332136        0.8996453287729458       6.237375746268699E-8
0.9115237344513956        0.8946888127810325       6.002965542678064E-8
0.9193153826678753        0.8898935132289614       5.7048135529557325E-8
0.9272156733535016        0.8850677523626523       5.3544659714099445E-8
0.9352691777393517        0.8800369998910959       4.954419265891324E-8
0.9433423148607397        0.8750210441376441       4.503719510323722E-8
0.9514266024484839        0.8700110205961771       4.003741303743322E-8
0.9595176609967557        0.8650041627675291       3.4552328036708485E-8
0.9676118123383392        0.8600009636511193       2.8587720077508767E-8
0.9757081106450565        0.8550000800222427       2.2147265075358885E-8
0.983805324949231         0.8500000000000001       1.5234386091172155E-8
0.9919026624746154        0.8450000000000001       7.851515685335908E-9
1                         0.8400000000000001       0
0.8599999999999999        0.983805324949231        1.5062300384394344E-8
0.8549999999999999        0.9919026624746154       7.81687882177489E-9
0.8499999999999999        1                        0
0.865                     0.9757079874238465       2.1737344756605574E-8
0.8699999999999999        0.9676106498984619       2.7843422120374782E-8
0.8749925425442734        0.9595134411155204       3.338424838198227E-8
0.87998103878045          0.9514195739809685       3.83594768410209E-8
0.8849055794387778        0.943344342857818        4.278416585006325E-8
0.8898075123643353        0.9352774229879124       4.66624320133738E-8
0.8946576255533687        0.927208379449347        5.002304743101759E-8
0.8992435157773734        0.9190364175920005       5.305676357072154E-8
0.9041467169743047        0.9100982538946845       5.585550171528471E-8
0.9119495271340137        0.9043817791137588       5.438297077788905E-8
0.919578552429384         0.8996576433354367       5.196497078476327E-8
0.927377867118554         0.894929407372542        4.898809021197319E-8
0.9353196500571268        0.8900341072625242       4.552648489826172E-8
0.9433694539087035        0.8850243319329404       4.155302621379711E-8
0.9514359433287141        0.8800161167136354       3.707992935370992E-8
0.9595219784621989        0.8750079601017849       3.210712153899349E-8
0.9676136544765641        0.8700024706221986       2.6646571617737544E-8
0.975708638405714         0.8650004395579133       2.070236450537912E-8
0.9838053658139683        0.860000019181065        1.427820605184347E-8
0.9919026624746154        0.855                    7.376856661179142E-9
1                         0.8500000000000001       0
0.8699999999999998        0.983805324949231        1.3936224447118339E-8
0.865                     0.9919026624746153       7.250793686695102E-9
0.8599999999999999        1                        0
0.8749999999999998        0.9757079874238465       2.0057343000448665E-8
0.8799916178733281        0.9676088347366736       2.5618824377780757E-8
0.8849825986118635        0.9595123008562476       3.0618082242418655E-8
0.8899132784866115        0.9514354182109845       3.506497048003236E-8
0.8948181973363386        0.9433777614499509       3.8960631149872275E-8
0.8996454906811792        0.9353669208023474       4.231840081981701E-8
0.9043072601144363        0.9274535170764695       4.5169540150590863E-8
0.9087686593034691        0.9193295353057457       4.774954938161067E-8
0.9127584081869082        0.9125447175105901       4.9375398690597395E-8
0.9197534667052278        0.9093288408287494       4.697269863428269E-8
0.9275589439407786        0.9047152489333101       4.443436262567997E-8
0.9354018546624854        0.8999976510311409       4.146953892722284E-8
0.9434130814901014        0.8950064340560051       3.803315050275243E-8
0.9514611321378035        0.8900105868725688       3.408389548060701E-8
0.9595280825417554        0.8850105105863962       2.9633899956950603E-8
0.9676161093817761        0.880003812087915        2.4682277803823816E-8
0.9757094173747735        0.8750009342713033       1.9239429725263016E-8
0.9838055466779363        0.8700001090473817       1.3309536247333372E-8
0.9919026683969459        0.8650000016388899       6.8957791774001395E-9
1                         0.8600000000000002       0
0.8799999999999999        0.983805324949231        1.2821212639094908E-8
0.8749999999999998        0.9919026624746154       6.690439827035439E-9
0.8699999999999998        1                        0
0.8849913903256411        0.9757046845111627       1.8397261224088806E-8
0.889975718302464         0.9676040733572453       2.341825034687949E-8
0.8949389348755521        0.9595116939616647       2.788522132562218E-8
0.8998102088281574        0.951457320947516        3.1808153609163856E-8
0.9046713103538414        0.9434291094192199       3.51841293963332E-8
0.9093281877434719        0.9355268249606884       3.804516112748508E-8
0.9136533287203793        0.9276607164410847       4.054807110041704E-8
0.9190368572704742        0.9194655253502335       4.220171675809563E-8
0.9276419831935874        0.9145841452128375       3.988445261081168E-8
0.9356090969299664        0.9097806101446335       3.7388138040247705E-8
0.9434888955110583        0.9049435304334206       3.448279637865402E-8
0.9514946264604187        0.8999901111645484       3.106124007507337E-8
0.9595475957065243        0.8950063437185027       2.7128804144335425E-8
0.9676218943980281        0.8900061209573337       2.26946240418998E-8
0.9757118905994613        0.8850015261896426       1.7758810639563426E-8
0.9838057137443748        0.8800001897794613       1.232943142800932E-8
0.991902697021543         0.8750000095601905       6.408723643089549E-9
1                         0.8700000000000001       0
0.8899912007680273        0.9838014295339136       1.1720235383625284E-8
0.8849976349142542        0.9919015429511777       6.136392293571066E-9
0.8799999999999999        1                        0
0.8949753394682872        0.9756979761651128       1.6755041067374973E-8
0.8999461330388745        0.9675930602075685       2.1242926749089254E-8
0.9048226105416038        0.9595244124688617       2.5186122411846153E-8
0.9096552582780779        0.9514775879684764       2.8597331707046738E-8
0.914387860039289         0.9434968002159252       3.1484484062647716E-8
0.9187408342945932        0.9356847118822602       3.393747754229237E-8
0.9215228230984038        0.9284134795050408       3.640923037677606E-8
0.9282243573762919        0.9243158622760992       3.512786768906645E-8
0.935854201389422         0.9196430326717813       3.325041361508926E-8
0.943724406110396         0.9147831904428021       3.085962782400651E-8
0.9515751427861612        0.9099310935570926       2.8000988682997586E-8
0.9595803737098603        0.9049934846469876       2.4597226202971806E-8
0.9676381935422014        0.9000092183272751       2.068145720546263E-8
0.9757192112685175        0.8950045394870888       1.6259707281780843E-8
0.9838089732261545        0.8900008587249495       1.1336554750832728E-8
0.9919026624746154        0.8850000000000002       5.9162095135909725E-9
1                         0.88                     0
0.8999756701834248        0.9837951624304546       1.0630431697252308E-8
0.8949925992013111        0.9918993368266241       5.5880043441680324E-9
0.8899999999999998        1                        0
0.9049527025148248        0.9756870447500444       1.512910232638022E-8
0.9098547835716224        0.9675948651903064       1.908909602693451E-8
0.9146885137833525        0.9595266837382791       2.251930367408078E-8
0.9193922379614524        0.9515097804165235       2.5440325736264473E-8
0.9239164830849821        0.943428211240053        2.795464072000353E-8
0.928570523436246         0.934581946563196        3.027490617681927E-8
0.9367197558696196        0.9292070443535065       2.8951186993887912E-8
0.9440565813602247        0.9245843051863153       2.720720682950829E-8
0.9518260550865487        0.9197629743155611       2.4872355967420906E-8
0.959699729660008         0.9149214307680891       2.2016566381901217E-8
0.9676773744875615        0.9100082043728542       1.8640385254439913E-8
0.9757344066508208        0.9050124276878201       1.4742150030314734E-8
0.9838170930512624        0.9000041228833694       1.0331045187029564E-8
0.9919054437568497        0.89500049759074         5.416721810791032E-9
1                         0.8900000000000001       0
0.9099508718697015        0.983787446960207        9.550216498569155E-9
0.9049833369213228        0.991895989967109        5.044759548563543E-9
0.8999999999999998        1                        0
0.9149113385131965        0.9756786522169849       1.3515554684863326E-8
0.9197536769682695        0.967589153013815        1.695679474415249E-8
0.9244672130284723        0.9595612466390671       1.9878233820931272E-8
0.9289818591942747        0.9516147298817312       2.2320927124077517E-8
0.9334255835840385        0.9436812984806826       2.430680425081126E-8
0.9375364617389833        0.9371157938310779       2.5418445076364208E-8
0.9449327217047552        0.9339928935149691       2.3480095073400354E-8
0.952142018830014         0.9295051647461432       2.1752547178289286E-8
0.9598767804522237        0.9247905859704789       1.9419553353581944E-8
0.9677694273039472        0.9199554525435419       1.657178600599145E-8
0.9757562338124457        0.9150279684968274       1.3209210940615813E-8
0.9838296913697818        0.910010793448059        9.314843784387677E-9
0.9919110610958426        0.9050025314934379       4.911167700995888E-9
1                         0.9000000000000001       0
0.9199072655455011        0.9837763318469963       8.480501427902053E-9
0.9149663900925373        0.9918906867335285       4.506650431419412E-9
0.9099999999999997        1                        0
0.9248354195246185        0.9756708206387352       1.1917118165626531E-8
0.9295609677344397        0.967631238152486        1.4835082941762278E-8
0.9339483997537037        0.9596214669523315       1.7325279610485935E-8
0.938130979486675         0.9517906560960918       1.934268421969382E-8
0.9435613558298676        0.944038499473219        2.044132889159354E-8
0.952147467670637         0.9392479082447532       1.8777357968581773E-8
0.9600202267252006        0.9346447779900756       1.6846965151763923E-8
0.9678844462412745        0.9298790956223009       1.4495415449883534E-8
0.9758171271507666        0.9250062406193758       1.1654708176406104E-8
0.9838468973800432        0.920022569848857        8.28945207161636E-9
0.9919186448272188        0.9150064466707488       4.400984516144274E-9
1                         0.91                     0
0.9298312115052504        0.9837494840250773       7.426845789681403E-9
0.9249376060674974        0.9918798509062665       3.974838021676407E-9
0.9199999999999998        1                        0
0.9346653612570662        0.9756299780282337       1.0356349375225402E-8
0.9392729144223275        0.9675516030982233       1.2798615935650063E-8
0.9430367051601286        0.9593764127534974       1.500856171660228E-8
0.9457960935904133        0.95237856384714         1.6720354463595085E-8
0.9521197476256049        0.9487240323409446       1.5881008741744192E-8
0.9601087353083796        0.9445820814031681       1.4277360936208932E-8
0.967995133156784         0.9398317620310537       1.2417383468147615E-8
0.9758984961448259        0.9349731256359863       1.009132198736198E-8
0.9838801267361122        0.930024671125397        7.2530141919137595E-9
0.9919299919729369        0.9250122415641666       3.886129109428065E-9
1                         0.9199999999999999       0
0.939735500949991         0.9836814682587122       6.3938909204360264E-9
0.9348987519417025        0.9918568809064168       3.4505070660949836E-9
0.9299999999999999        1                        0
0.9444592317652668        0.975426169909891        8.862976588060515E-9
0.9489396039983009        0.9669524554283179       1.0943113396864349E-8
0.9521316798497902        0.9579632185719478       1.3031724605795496E-8
0.9602715602534421        0.9551264533659484       1.1530276229512797E-8
0.9681059964381165        0.9499100111915271       1.0317444978942827E-8
0.9759819344568991        0.9449728253735353       8.52410766725374E-9
0.9839066777922064        0.9400494878425962       6.214958857397805E-9
0.9919434471703638        0.9350219425881696       3.3683570102497017E-9
1                         0.93                     0
0.9496877375832842        0.9836006110771964       5.356307234216925E-9
0.9448615588843271        0.99182321509927         2.9297157705645484E-9
0.9399999999999998        1                        0
0.9544542723806315        0.9751409035686618       7.342010949418526E-9
0.9596110288366096        0.9656260028427491       8.990251839293887E-9
0.9681091251773074        0.9597674768142072       8.296425972526366E-9
0.976030546220783         0.9550066754910916       6.965354894278759E-9
0.983973965006135         0.9500473481458797       5.164714700401705E-9
0.9919633537277128        0.9450334864673335       2.8470894070932596E-9
1                         0.9400000000000001       0
0.9595593496093372        0.9836335657466914       4.29141773628089E-9
0.9548249437187499        0.9917942006272165       2.405529245024045E-9
0.9499999999999998        1                        0
0.9644216550110126        0.9754380954571851       5.660488284122334E-9
0.9687653800840459        0.9682884059227884       6.409808322450784E-9
0.976380720936767         0.9650198999060232       5.341908402804876E-9
0.9840800661581998        0.9600377118918405       4.109533137512366E-9
0.9919781894159575        0.9550496544032927       2.3272186289177657E-9
1                         0.9500000000000002       0
0.9692014297256882        0.9837369476546657       3.244529738996981E-9
0.9646885904395197        0.9918289870660784       1.8702823531048206E-9
0.96                      1                        0
0.9750050115612138        0.9752926910997667       3.99664354182724E-9
0.9841078114550774        0.9700562288449439       3.076887377916489E-9
0.9920258445507831        0.9650241315393943       1.802040547544796E-9
1                         0.9600000000000001       0
0.9772665820454292        0.9843621397932661       2.3015160035044277E-9
0.9742673896876182        0.9918662067650073       1.3556370349306802E-9
0.97                      1                        0
0.9848999734718275        0.9799706356472591       1.956814338469175E-9
0.9922552520516744        0.9749923029853798       1.2524196709364759E-9
1                         0.97                     0
0.984439524110612         0.9912397431229686       8.823632101362209E-10
0.98                      1                        0
0.9924978756680284        0.9849028382665542       7.327989104152757E-10
1                         0.98                     0
0.9933925043740567        0.9932143478437176       2.901581804996289E-10
0.9899999999999999        1                        0
1                         0.9900000000000001       0
1                         1                        0
0.20647007628435826       0.40679939250655706      4.685905250680155E-6
0.2                       0.41000000000000003      4.918895825039119E-6
0.2                       0.4                      4.617975162760745E-6
0.21000000000000002       0.4                      4.441254944194448E-6
0.20777411006253263       0.4249079424966958       5.084050678511865E-6
0.2                       0.4300000000000001       5.412115833766927E-6
0.2                       0.42000000000000004      5.183090311211744E-6
0.20735110539217655       0.41515729403118373      4.875880112465468E-6
0.2149992760296148        0.4088396685016015       4.560785262867744E-6
0.22                      0.4                      4.271417341009636E-6
0.20788796644779983       0.4348986698735342       5.2763712687149995E-6
0.2                       0.44                     5.607462263595636E-6
0.21594905325729488       0.4297572569455097       4.965408642477184E-6
0.21545654722081392       0.41963432923918015      4.783547442425676E-6
0.2223547923495542        0.41532964644301124      4.546088864715348E-6
0.22526256447630374       0.40802052625942276      4.345915096058309E-6
0.22999999999999998       0.4                      4.108366755974151E-6
0.207844476827356         0.4449147924669459       5.444665601061104E-6
0.2                       0.45000000000000007      5.7704435908184945E-6
0.21576021386259656       0.43981172231480037      5.138029791468183E-6
0.22387219754069404       0.4346583341791104       4.8479668741873865E-6
0.2249432844093324        0.4246325435697371       4.659963034094077E-6
0.23062327558381704       0.4161634583394151       4.393930036733242E-6
0.23518693508702634       0.40805480888435436      4.16866504314076E-6
0.24000000000000002       0.4                      3.951923050720101E-6
0.2078007978286638        0.45493678782884883      5.5844292062296515E-6
0.2                       0.4600000000000001       5.902205304675436E-6
0.21562359058908998       0.44990828385343434      5.284691395270117E-6
0.22348271458576338       0.44496538466152075      5.003997251634085E-6
0.23114071261438104       0.4317005141350392       4.632004092584575E-6
0.2314097721693601        0.4401423991772359       4.742304741970523E-6
0.23557715865436957       0.4247129145996809       4.432023886353006E-6
0.24029861539647582       0.4163728017411277       4.212562357427911E-6
0.24512151445717198       0.40812466158241056      4.001550559396644E-6
0.25                      0.4                      3.801899484446403E-6
0.20778029719757574       0.4649302511938104       5.694870712947365E-6
0.2                       0.4700000000000001       6.003695353296847E-6
0.20778049416821553       0.47489617551124086      5.7766537772614744E-6
0.2                       0.48000000000000015      6.075655604471437E-6
0.2155535883899386        0.45992316126159594      5.402605981892247E-6
0.2232963233550438        0.4551079609078452       5.129505288428765E-6
0.2309429474380162        0.45016901115396735      4.873904585834018E-6
0.23990115029814915       0.4343563791494318       4.474846600720387E-6
0.23911920294442635       0.44500516264405954      4.6193401533674855E-6
0.2550964050154922        0.40803032350462365      3.840133242730066E-6
0.26                      0.4                      3.658089530375589E-6
0.24514132831012087       0.42489536698658337      4.243483918079044E-6
0.25017729796277993       0.416261288685587        4.033942909758242E-6
0.2077896591452665        0.48491687715977677      5.831053195087667E-6
0.2                       0.49000000000000005      6.1186186877299695E-6
0.20782220122855322       0.49488552044378525      5.857239562274107E-6
0.2                       0.5                      6.132904117763225E-6
0.2078469245278367        0.5049042197188596       5.856691842612063E-6
0.2                       0.51                     6.118618797601773E-6
0.20786931866496353       0.5149417067174583       5.828961456753058E-6
0.2                       0.52                     6.075655805534512E-6
0.20789988317104377       0.5249819051762489       5.7735355322243346E-6
0.2                       0.53                     6.003695809289976E-6
0.2079399124362835        0.5349910014498005       5.6904476671617875E-6
0.2                       0.54                     5.902206239879069E-6
0.21554242277726296       0.46990248496313086      5.4926696704397255E-6
0.2155442370993012        0.4799656224958159       5.55713494148488E-6
0.22324335574600546       0.4652017646648559       5.227029159733191E-6
0.230931064672279         0.4605354384924686       4.9764715886167175E-6
0.23877672419948798       0.4559092387613189       4.736742730482488E-6
0.24738937456895835       0.4517221684794629       4.498405091471571E-6
0.25050785148899063       0.4328552169559642       4.238077316821446E-6
0.24691302350826672       0.44162952814062134      4.409659669147919E-6
0.25314053842331724       0.44644678820859457      4.326138292494277E-6
0.2650870420658271        0.40791456502389334      3.686577599766384E-6
0.27                      0.4                      3.5202721993158273E-6
0.2601947001351165        0.4158800084201735       3.86049537792725E-6
0.25521142893195625       0.42426440146039435      4.047882174919103E-6
0.21558330831211175       0.48991314280638215      5.594166743622041E-6
0.2156283769849874        0.49993418087663727      5.6057190779827785E-6
0.2156716607271839        0.5099836942867628       5.591642937658566E-6
0.2157560968164043        0.519926315260958        5.551067383514007E-6
0.21583021133299074       0.5300555219041269       5.484160058173553E-6
0.20805647620575898       0.5450976195707006       5.575948721865966E-6
0.2                       0.55                     5.7704444566067155E-6
0.20809460375098796       0.5552618287097237       5.4344040630176895E-6
0.2                       0.56                     5.607464727114537E-6
0.21599265604567822       0.5401495721340108       5.388739270221976E-6
0.22323744899248868       0.4752245022228864       5.298607806774623E-6
0.22329048320497502       0.4851325388975329       5.344040033865235E-6
0.2308677293672119        0.4706722814080556       5.055656496176057E-6
0.23846631163354565       0.4661638135202066       4.8264105320222005E-6
0.24581144393970222       0.4618598382777487       4.616934590437096E-6
0.2548975281363871        0.45201222669642727      4.337808354715469E-6
0.2530596967486348        0.45922220316962425      4.43303966867898E-6
0.26006245271789          0.4321040903311484       4.048065486590631E-6
0.2558528358793677        0.43986773211827057      4.20780189531248E-6
0.26010721244695534       0.44723751364052333      4.1910858462079806E-6
0.2750348120856241        0.4077209458595643       3.540509700508498E-6
0.28                      0.4000000000000001       3.388218564823028E-6
0.27019695561262747       0.4158558715132805       3.701707783257643E-6
0.2651849429768396        0.42359043738290925      3.867000842658764E-6
0.2233246001567252        0.49519586491006895      5.366705815708127E-6
0.22342688140286052       0.5050729602677263       5.363348523069077E-6
0.2235023659660508        0.5151227828789376       5.3368733785041696E-6
0.22359892264468317       0.5252031412649555       5.285543534311917E-6
0.2237509504749055        0.5352439792819849       5.2088892193040545E-6
0.20820576485607958       0.5650967885502494       5.267360331652863E-6
0.20000000000000004       0.5700000000000001       5.412129299666512E-6
0.20788295942629242       0.5742764113663742       5.098183303607485E-6
0.2                       0.5800000000000002       5.1831013194252705E-6
0.2163428897261362        0.5502632811901303       5.261808892791895E-6
0.21731977433445182       0.560928986593535        5.084307532872969E-6
0.22402662391112108       0.5452937690832694       5.105156697194998E-6
0.23090262739087608       0.48062429941298546      5.108748299670819E-6
0.23092581387490668       0.4906965114703439       5.140364947399438E-6
0.2384165221047945        0.47632836167261816      4.88816524508468E-6
0.24583841407525062       0.4721700894285917       4.6814431452245144E-6
0.253099233382534         0.4684289882182051       4.491183606780476E-6
0.2607908184940698        0.4554324599839308       4.241499093309607E-6
0.26076075872566246       0.46439195160648383      4.3005643355939165E-6
0.2685567863644801        0.4312489234851727       3.8881978516199665E-6
0.26656419805179243       0.44008198584252955      4.005529551953127E-6
0.26780621511944175       0.449761513494781        4.061145979102416E-6
0.2849111224043586        0.4074162055168806       3.4015550016039064E-6
0.2900000000000001        0.4                      3.2616946768025898E-6
0.2800140509285535        0.41513891300336575      3.5473285408323946E-6
0.29322150168995753       0.4065089290399314       3.2839146175509293E-6
0.30000000000000004       0.4                      3.140461533559361E-6
0.27566618548380395       0.4248903593897767       3.7090882639130216E-6
0.20686180112076566       0.5935310727464057       4.669079662463519E-6
0.2                       0.6000000000000001       4.6179751166427934E-6
0.2                       0.5900000000000001       4.918925264572797E-6
0.20902705492815335       0.5848980603729083       4.834887618185869E-6
0.23103080734134693       0.5005910112679415       5.147060344571043E-6
0.23112438623165357       0.5106006189973863       5.131947669608844E-6
0.23130886907786288       0.5204203150376876       5.092925743007226E-6
0.23144504219988474       0.5304499332260382       5.0326102792014494E-6
0.23157573324378705       0.540441652724089        4.9509351822201755E-6
0.21589343356893312       0.5700430892481319       4.970390494512962E-6
0.2154992309473691        0.5772327286662016       4.845255847050965E-6
0.22456731194974056       0.5548580172497624       4.977893814286473E-6
0.225248405676274         0.562164284713627        4.861023574015315E-6
0.2223606617837034        0.5672871579067197       4.854772158598418E-6
0.23273200537639832       0.5511229640537523       4.81489021133446E-6
0.23844588366085043       0.4863780166024925       4.9263462931269345E-6
0.23852414217987966       0.4963485338091615       4.942215853991587E-6
0.24591211550055234       0.48215923266763566      4.723622221195227E-6
0.25335768374471546       0.4780359859031392       4.5311822513676165E-6
0.2608604243020021        0.4738972798607051       4.346671814484332E-6
0.2683138766241618        0.45981838533941294      4.119268421153244E-6
0.26846480866652894       0.4695167760063071       4.168069827761166E-6
0.27569011080812916       0.4353270872575166       3.803445358750029E-6
0.27558089965795973       0.44491588498762225      3.882118691571554E-6
0.27594397508178686       0.45490557456278397      3.94392380068975E-6
0.284553225740394         0.42244280162352765      3.549785901811739E-6
0.29119638604542875       0.41512843968277624      3.389459155354393E-6
0.30000000000000004       0.41000000000000003      3.2286149817459026E-6
0.2839037908219147        0.4306112161104929       3.6302381040635793E-6
0.21000000000000002       0.6000000000000002       4.441242784544432E-6
0.21528195067567513       0.5927573033591196       4.518916191709592E-6
0.21961223121283757       0.5843008638466199       4.611217288307621E-6
0.23864064690590714       0.5062929117353285       4.936416772093774E-6
0.2388127618787211        0.516197018553069        4.908792266039329E-6
0.23905826095406194       0.5260182501144928       4.8596218057091955E-6
0.2392901248179608        0.5356542537642618       4.79279292297773E-6
0.2395483915023121        0.5446236291312702       4.713260262205735E-6
0.22368291789177297       0.5752094159757554       4.691218135140342E-6
0.2313851222959611        0.5599230964620567       4.7420449432100275E-6
0.22965877744708496       0.5680900130025492       4.668901082264305E-6
0.23769228103335238       0.5576059982200616       4.6225860490249935E-6
0.24122604998712158       0.5521869831551597       4.600659361859255E-6
0.245994080914093         0.49211116058221055      4.7463600729803E-6
0.24608908260960802       0.5020680025215142       4.749611556845386E-6
0.25347931257903983       0.487884087925901        4.558434055749784E-6
0.2609790921743357        0.48364751583726023      4.378367320627093E-6
0.2685544579870841        0.47929156413622065      4.204429218032138E-6
0.276153184229556         0.4648387527222085       3.995296628535415E-6
0.2762232279852464        0.47475034831916885      4.035973480825577E-6
0.28377148151182596       0.4402082522929373       3.7075284285443486E-6
0.28385261334081685       0.45002771863502944      3.773184567525871E-6
0.28398087273478784       0.4599852336076131       3.827759393093989E-6
0.2919392536933545        0.42554719312326666      3.467656635540573E-6
0.30000000000000004       0.42000000000000004      3.3106713774056387E-6
0.29191556765969584       0.43521215085293274      3.5420747385391293E-6
0.22                      0.6000000000000001       4.2714138168817965E-6
0.22476281320239233       0.592026187867863        4.354238345467037E-6
0.22941941963166243       0.583681486837872        4.420509661927232E-6
0.24624489965201216       0.5119970700161559       4.732261423996774E-6
0.24648580402005302       0.5219002835380298       4.694075831285976E-6
0.24698272480116362       0.5316530422452937       4.632349453432867E-6
0.24713059620655575       0.5407390151443874       4.5668574945563935E-6
0.2455060085086001        0.5476855177695001       4.546152916800903E-6
0.23428901660064833       0.5753260795082668       4.458195142230683E-6
0.23843534053173054       0.565677633863654        4.506156179752988E-6
0.24468288349823492       0.5591192980430195       4.4494116558756615E-6
0.24719473000383163       0.5529644917133546       4.458857653469766E-6
0.25358270427009333       0.4977997394277524       4.568762165406861E-6
0.2537064932276883        0.5077398605685243       4.560924149389851E-6
0.26107629884018163       0.49351863002901264      4.394964141765146E-6
0.26863227096140124       0.4891482360521746       4.2267055478652395E-6
0.2762872792262489        0.4846295974137134       4.063129603792994E-6
0.2840456067688115        0.4699616451209621       3.8715770455999864E-6
0.28405027557278695       0.47994128870566577      3.904033354026598E-6
0.2918984739609012        0.44508807838935366      3.6092161816261774E-6
0.2919423234470058        0.45505445417470997      3.6661004302685315E-6
0.2919954582582054        0.4649993950476056       3.7120509613497453E-6
0.30000000000000004       0.4300000000000001       3.385633035138403E-6
0.30000000000000004       0.44                     3.4525703686921333E-6
0.22999999999999998       0.6000000000000001       4.108365929907175E-6
0.23472940788124086       0.5917986999260293       4.17918807766565E-6
0.23944012934873346       0.583427676692016        4.231581878246884E-6
0.253856450314995         0.5177161556409798       4.534728946810398E-6
0.25405136707707116       0.5277549954369327       4.489717818508705E-6
0.2541505668554155        0.5382101638408252       4.4268383744868315E-6
0.2526407233470585        0.5478899224249331       4.386709356314518E-6
0.24404123727011798       0.5747507343136335       4.269628400268016E-6
0.24905758856684748       0.5664896723238227       4.274484901363768E-6
0.252713335797422         0.5569411280143322       4.302711467689228E-6
0.2611764825468613        0.5034453767826409       4.3952565731860965E-6
0.26128933997255976       0.5134128190221027       4.378817371797089E-6
0.2687092211531629        0.49906190347909835      4.234100130543024E-6
0.27634049141864664       0.4945496874482355       4.076773318935708E-6
0.28408038659003987       0.4898926928496217       3.9231606776837965E-6
0.29200754698460263       0.4749923146920733       3.7476566253470953E-6
0.29199356888975986       0.48500374281025643      3.7720556258535675E-6
0.30000000000000004       0.45000000000000007      3.5106502810425736E-6
0.30000000000000004       0.4600000000000001       3.5591557031588277E-6
0.30000000000000004       0.4700000000000001       3.597495241738625E-6
0.24000000000000002       0.6000000000000001       3.951923904357172E-6
0.24474788267244413       0.5916690943046576       4.010890152485139E-6
0.2494138021221933        0.583339981997547        4.05272388199129E-6
0.26140059680742256       0.523441881565342        4.345865963821107E-6
0.26143205966337746       0.5336084457911255       4.297691667830205E-6
0.26114567864743293       0.5438937097312498       4.2390364324778016E-6
0.2609230868581693        0.554613538310254        4.159105025776195E-6
0.25417620949561637       0.5749733876221992       4.075801927871193E-6
0.2594101111877739        0.565328262725733        4.086806223827289E-6
0.2687968966129952        0.5090138068661917       4.22608329355362E-6
0.2688880834778185        0.5190074217287443       4.202724404736436E-6
0.27640381625121946       0.5044919217690025       4.0762003621829425E-6
0.28412202499008954       0.499842416296171        3.9291030916475504E-6
0.29201272897328107       0.4949807820675543       3.7838314954306986E-6
0.30000000000000004       0.48000000000000015      3.625208465749547E-6
0.30000000000000004       0.49000000000000005      3.6419670317468725E-6
0.25                      0.6000000000000001       3.801900630667973E-6
0.2547059209364139        0.5917191823815794       3.8496795417545666E-6
0.2593713968078167        0.5834998780846051       3.881604020757149E-6
0.2689466744269002        0.5290718160875802       4.16470391473775E-6
0.26891174793594724       0.5392594025427416       4.112988362827255E-6
0.2688380917886683        0.5497496450486098       4.045141211425264E-6
0.2683874419939493        0.5595245370123113       3.975613094182082E-6
0.26417985858859416       0.5753844966987903       3.895128572517548E-6
0.2685671341780569        0.5678556361610748       3.8966329795068675E-6
0.27647913122650053       0.5144612042560744       4.061290123312994E-6
0.27654866589992855       0.5244682238744933       4.032418671389991E-6
0.284185321911755         0.5097859053315695       3.921623253804605E-6
0.2920399031208205        0.5049527892007125       3.783390618840908E-6
0.30000000000000004       0.5                      3.6475751091351723E-6
0.26                      0.6000000000000001       3.658090150754449E-6
0.26464787874971474       0.5918427979836525       3.6960873488436668E-6
0.26910402208292333       0.5837023783318381       3.7235042239162747E-6
0.2765827176275177        0.534527087691263        3.9902552204585924E-6
0.27655579267778757       0.5446614082553927       3.935368136817906E-6
0.27642557182403343       0.5547492981658179       3.869678555891669E-6
0.27627897914630983       0.5648385276172962       3.792113304953549E-6
0.27492618494016186       0.5752578387680709       3.719438510858813E-6
0.2842392456328062        0.5197723560640112       3.901291311872247E-6
0.28429532856890133       0.5297733893675328       3.86807721528523E-6
0.29202301839019257       0.5149832868517233       3.7715613619620955E-6
0.30000000000000004       0.51                     3.641967118364358E-6
0.27                      0.6000000000000001       3.520274077746198E-6
0.2741754705113256        0.5918937078952617       3.556945656618683E-6
0.2773233428999271        0.5843355505606487       3.5920908434730093E-6
0.2843193284580754        0.539797024428938        3.8228901013180006E-6
0.28428636910366084       0.5498377336781652       3.7666138428486293E-6
0.2842067562338249        0.5598839373831316       3.6997114337419113E-6
0.28405209682024946       0.5699667367262745       3.6231165318848297E-6
0.2846193895252546        0.5799092286751505       3.527507442380664E-6
0.2920706793898123        0.5249617871406747       3.746699716783966E-6
0.29212442463627325       0.534932227598043        3.7101452611560434E-6
0.30000000000000004       0.52                     3.6252085051019936E-6
0.28                      0.6000000000000001       3.388219502962328E-6
0.28466637977728165       0.5908834086996684       3.4218601090575888E-6
0.2921334508713574        0.5449326824628485       3.663013196808901E-6
0.2921150742079978        0.5549419009014455       3.605577819913883E-6
0.29208941898659063       0.5649571590257456       3.538197601090203E-6
0.29220805622581514       0.5749406814842161       3.4598179220831366E-6
0.2924877159126545        0.5848111509177677       3.37235739467043E-6
0.30000000000000004       0.53                     3.5974953831024484E-6
0.30000000000000004       0.54                     3.5591559324922066E-6
0.29000000000000004       0.6000000000000001       3.2616958313106204E-6
0.2934324699475753        0.5931335866475709       3.284532679966575E-6
0.30000000000000004       0.55                     3.5106505112246326E-6
0.30000000000000004       0.56                     3.4525705489199096E-6
0.30000000000000004       0.5700000000000001       3.38563353854044E-6
0.3000000000000001        0.5800000000000002       3.31067189891991E-6
0.30000000000000004       0.5900000000000001       3.2286146033860713E-6
0.30000000000000004       0.6000000000000001       3.1404622278690826E-6
0.00650623850826842       0.30675844167244326      1.2380857199112683E-7
0                         0.31                     0
0.007435215554835842      0.31503557853875697      1.5030675191859682E-7
0                         0.32                     0
0.015095976986506204      0.3087566298234595       2.9107439561113743E-7
0.007768255876928744      0.3249104465213007       1.6869221788911757E-7
0                         0.33                     0
0.015240822580196527      0.3197879504299787       3.18520999273504E-7
0.02551152362404752       0.30800165851890826      4.875104593844639E-7
0.022389672385399278      0.3153313259766652       4.520401651827591E-7
0.007952142055153865      0.3349003541255586       1.854766900113147E-7
0                         0.33999999999999997      0
0.015981358185810462      0.3297387821067112       3.5882628623230786E-7
0.007980767637905414      0.3449253325051818       1.997229060546084E-7
0                         0.35                     0
0.025001616362758734      0.32443438586251006      5.388853823198562E-7
0.035252042865635255      0.3080811136929446       6.707667515692292E-7
0.03064146797749082       0.3160924256875753       6.199792590373502E-7
0.01596205042111076       0.3398333107047735       3.850732648034263E-7
0.023884486547245717      0.3347160320574153       5.545802900019434E-7
0.007978119867415595      0.35494436054483286      2.1384488619050907E-7
0                         0.36                     0
0.007961073956063922      0.3649561106129117       2.2804350254553543E-7
0                         0.37                     0
0.007940683038196731      0.3749644498361291       2.4242330495206783E-7
0                         0.3799999999999999       0
0.00791952013451567       0.38496849343137146      2.568464029233125E-7
0                         0.38999999999999996      0
0.007900475408957074      0.3949681038111416       2.7117056520050037E-7
0                         0.3999999999999999       0
0.015971292696199214      0.3498808121852083       4.1322775023743175E-7
0.045105081716389044      0.3081150170462281       8.527831845555406E-7
0.03139109449358289       0.33163412399317593      7.109784233138642E-7
0.03545561333639365       0.3244743053860479       7.609048939081504E-7
0.0402811172352877        0.31626553866916557      8.116515117120649E-7
0.02399261700462886       0.34483911754845264      5.984473408769103E-7
0.03197832114348127       0.3399799861862345       7.687536826541718E-7
0.007885067541823795      0.4049673574260263       2.852075101826934E-7
0                         0.41000000000000003      0
0.007876337305075613      0.4149642326616843       2.988189064293674E-7
0                         0.42                     0
0.015929400038397334      0.35990179274920814      4.411010933736237E-7
0.015885844106165732      0.369920058970747        4.6966408022199803E-7
0.015834458099969775      0.37993685261634574      4.983531364797019E-7
0.01578728236604442       0.38995443722872003      5.270851236364304E-7
0.015752554469805325      0.39997578651096105      5.556721529568379E-7
0.02390705308816339       0.35484696757483797      6.390576502126829E-7
0.05508144062241295       0.3080846686056287       1.0322668111783649E-6
0.05019329678406484       0.3162287406024615       1.0037569577043137E-6
0.04019755810983003       0.33390016244085086      9.215084355373991E-7
0.04522082583941173       0.3245191956630097       9.650420424193492E-7
0.031840327198948075      0.3498000966327009       8.203425167195816E-7
0.03955470942215683       0.34448206611189286      9.7871244954572E-7
0.007881337021879495      0.42493781300054134      3.1202847621479453E-7
0                         0.42999999999999994      0
0.007881752531252801      0.434935589174532        3.2396493357313044E-7
0                         0.43999999999999995      0
0.015725403074448925      0.4099943161021723       5.834349305886504E-7
0.015713947339614242      0.41999750735560015      6.101473647154585E-7
0.023834929053759567      0.3648526131374911       6.813647897167555E-7
0.023739798195529748      0.374867274983161        7.239078172949089E-7
0.023663185878149622      0.3849166031400512       7.67397842356446E-7
0.023605088293082055      0.39498932181607893      8.111464179680518E-7
0.02355542049140412       0.405076586561282        8.540125048284824E-7
0.03183877815767171       0.35980527149856495      8.787270607160056E-7
0.06506624138694804       0.30803044423994036      1.206042430409682E-6
0.04778091183597418       0.3414668067893142       1.1519071277129615E-6
0.060165625165576275      0.31610510315852963      1.1910152687404235E-6
0.055336210464944226      0.32425787771315934      1.1692977975703146E-6
0.05069660199731642       0.3325902616933232       1.1434406177094096E-6
0.03976550248468853       0.35484469252376244      1.058282315260777E-6
0.04732253425160732       0.3501279027284924       1.2142981717144858E-6
0.007885474599024644      0.4449523110595907       3.347135435884091E-7
0                         0.44999999999999996      0
0.00790882718753392       0.4549349383503216       3.4476947795186147E-7
0                         0.45999999999999996      0
0.007915593750025327      0.4649538919377974       3.524959690575981E-7
0                         0.46999999999999986      0
0.01573091775061836       0.42994706772742         6.358022613814557E-7
0.01572845362133745       0.4399991441345025       6.584261032002411E-7
0.023507954381124338      0.41515156798330577      8.948125598690773E-7
0.023488049618484764      0.42519540483873985      9.336673847358895E-7
0.03166008552490331       0.3697610173326087       9.336461719931748E-7
0.03150578733418575       0.37979371617954194      9.903982505732703E-7
0.031439144568235135      0.3899283664969488       1.0504701790583266E-6
0.03139955941055946       0.4001220181614145       1.1108509948613587E-6
0.031303947196633757      0.4103246851860863       1.167016301692869E-6
0.039680407141993335      0.36469436832977453      1.1297717926859145E-6
0.053421697640690366      0.34650643574118234      1.3309369228549776E-6
0.07506141420597899       0.3079759421985986       1.3730917726039324E-6
0.07011707061153521       0.31597269591851257      1.3710557450810187E-6
0.0563599956171709        0.34001909711053785      1.3365680507052525E-6
0.06523777722289618       0.3240055203108045       1.3625809163730281E-6
0.06052874588783129       0.33206987511287295      1.3489083986245827E-6
0.048355941867720846      0.3601571391170243       1.3309291605486175E-6
0.0550564422584131        0.35331027608777865      1.4390526450018853E-6
0.08504616057548953       0.30791181690321945      1.5317322476221763E-6
0.09506167351790579       0.30786367626479466      1.6816469195136793E-6
0.015769375419093328      0.4499501077300795       6.798044208552046E-7
0.01578048998435721       0.4600010837707329       6.969137915643771E-7
0.007921486067759742      0.47496110658345814      3.584106983266653E-7
0                         0.47999999999999987      0
0.00792638621710154       0.4849424646271151       3.6243303928523597E-7
0                         0.49                     0
0.015836748745567675      0.46993391626891984      7.124552251488081E-7
0.023497324273499303      0.43521638240819405      9.700804860845908E-7
0.023549141683972905      0.4451599496076983       1.0039715827509124E-6
0.03122399440475892       0.42045498651538976      1.2197743562586865E-6
0.03119491678469913       0.4305810496199934       1.2699537556894306E-6
0.03932668373345384       0.37454443807350174      1.1951091567900515E-6
0.039178628349293414      0.3847312374880909       1.2695450758933303E-6
0.039286185855194056      0.39503490113271283      1.3530841814425638E-6
0.03921274057555618       0.40542495825103403      1.429403434694057E-6
0.038905957699379344      0.41577853582218055      1.492554447801247E-6
0.04713046919062393       0.36905117308072455      1.3792374739442532E-6
0.0607007437850038        0.3474148882657855       1.5144768615420872E-6
0.08007917127931721       0.3158496977890894       1.5433192926900722E-6
0.07512027909749575       0.3238040983249915       1.5481120624013206E-6
0.06536400699449495       0.3397507815200469       1.5350656325897128E-6
0.07019371141812415       0.3317780719437751       1.5453816968966237E-6
0.05350267862245635       0.3663241071888253       1.5338356055621636E-6
0.05655116477451408       0.3608854302508305       1.5587215522778834E-6
0.0644814377877114        0.35716358592976066      1.7224227470746901E-6
0.10502172566031318       0.3078025620494287       1.8200294109490211E-6
0.09006906713760392       0.31573498453881194      1.7067029594553092E-6
0.10006062258624318       0.3156244107052398       1.8593149952730561E-6
0.11499280012948222       0.3077707074322777       1.947350451758354E-6
0.02354581624014011       0.4552489051877982       1.0313080384428247E-6
0.023625926334979327      0.4651604050910961       1.056902716328498E-6
0.007939438878557257      0.49493196656328253      3.6495351990463913E-7
0                         0.49999999999999994      0
0.007922838721727         0.5049703709095774       3.6419881434983554E-7
0                         0.51                     0
0.01582129116403761       0.4799884258882161       7.212947981351262E-7
0.015831039230229566      0.48997176706197054      7.274679645679796E-7
0.02360875371623855       0.475228335393573        1.0731141209005495E-6
0.03123463766744685       0.4405703913966232       1.3170459042104298E-6
0.031213847152459704      0.4506815086913165       1.3560308843463575E-6
0.03887819486231611       0.42594648959812154      1.559541991248797E-6
0.03882280145599783       0.4361600641604695       1.619141157857943E-6
0.046795013426220985      0.379231269291756        1.464526044769716E-6
0.04646578301989185       0.38963466632965393      1.551826634855802E-6
0.04802335330049148       0.4003737804338959       1.707834934963889E-6
0.046378400206288375      0.41094465964554067      1.7435179480155134E-6
0.04643426147841892       0.4215915677793715       1.835725793122457E-6
0.05438496426392304       0.373906143453111        1.641449526236343E-6
0.06956180805564777       0.34773128020247607      1.7264666057349343E-6
0.08508125978280406       0.3236326324110083       1.7261320210924952E-6
0.08004545603856952       0.3315367630312798       1.7373593360022342E-6
0.07488066409749353       0.3394828849507924       1.737369350080268E-6
0.06142791936236746       0.3674530736253141       1.7692359834876008E-6
0.07420103464664078       0.35520583772697745      1.9384061689198078E-6
0.07014586738889304       0.3638249044242005       1.959025417593094E-6
0.11001604739296095       0.31553154013188056      1.9995178399462634E-6
0.09510040446856009       0.3234724660397276       1.8943544918802176E-6
0.10509705037568956       0.32330469372726095      2.049502445888203E-6
0.12494558038204191       0.3077552478061007       2.062156304220047E-6
0.11993690438133606       0.3154944116839552       2.126933963403146E-6
0.00792100121263928       0.5149681027022165       3.622122798613455E-7
0                         0.52                     0
0.007892754691318999      0.5249961715887824       3.5712933047125247E-7
0                         0.53                     0
0.031241331579228093      0.46069400955661327      1.390110025702002E-6
0.031267345883067545      0.4706917832751758       1.4170842066495674E-6
0.01580734381190644       0.5000255738779943       7.282977195176052E-7
0.01581989549200386       0.5099943486670636       7.2696648998339E-7
0.02369507706076289       0.48508323763574135      1.0882843096907028E-6
0.023607349836475902      0.4952520299010309       1.0899529810461853E-6
0.031290142039938         0.48067689520065243      1.4365898263062908E-6
0.03881778612529845       0.4462331673097206       1.6725159469681865E-6
0.038824433143702826      0.4562748423146663       1.7180640385488864E-6
0.0464084589321627        0.43177938869628774      1.91345148396403E-6
0.046385578726728105      0.4418662176047963       1.981786459297726E-6
0.05428355200013984       0.3835199573254534       1.7455024400636768E-6
0.05433928035244817       0.39283631859539736      1.8520485038655293E-6
0.05629359170080312       0.4005090898711542       2.0085150185107918E-6
0.054187491393258645      0.40823186921177795      2.01584523908609E-6
0.0539815315737113        0.4275560196124609       2.200109286791519E-6
0.05403894113375328       0.41762009986627574      2.1072366563268407E-6
0.06182176727226081       0.37729711427324786      1.9058314297747234E-6
0.07946183807497886       0.34703903669842484      1.9413127395748784E-6
0.0900918659120224        0.3313490935288357       1.9230281524577164E-6
0.08491357056314004       0.33915224248007986      1.9396061718921536E-6
0.08385091392112352       0.3544229163740378       2.1553747353212234E-6
0.06910755542681347       0.37277022985722286      2.059454464872437E-6
0.07869092845681501       0.3617408447712903       2.1495574049801384E-6
0.0756344857789442        0.36872502550605823      2.1811985415052163E-6
0.11495914879876871       0.32314680945455115      2.1889028183121157E-6
0.10020992639367356       0.3311543840865964       2.097017478546978E-6
0.11021769873399108       0.3308612684893989       2.2527212870886766E-6
0.13491215892520306       0.307770227006056        2.1643057708809182E-6
0.1298239470005955        0.3154879170036742       2.2404181915157497E-6
0.12471109555909049       0.32307662000268095      2.3135863765099667E-6
0.007870215510494721      0.5350154450454366       3.504933113970072E-7
0                         0.54                     0
0.007856581620624985      0.5450145520961863       3.425310927804033E-7
0                         0.55                     0
0.007860676352873228      0.5549719666347047       3.337342767403274E-7
0                         0.5599999999999999       0
0.0157675521556499        0.5200598478625015       7.187976815540488E-7
0.015751441736435237      0.5300285187540849       7.086436169564057E-7
0.03884189555294046       0.4662859682635718       1.7552622235154734E-6
0.03885890518076383       0.4762838368530218       1.7833101853414832E-6
0.023633618668789307      0.5052001973798425       1.0910481905546777E-6
0.023560683723337212      0.5153004363586932       1.0817205152237899E-6
0.03129227630824863       0.4906822195140939       1.4476455853915526E-6
0.031274883207295094      0.5007085513094715       1.4501354909149867E-6
0.03886851122385518       0.48628053041203034      1.8016530566907577E-6
0.04637933187328145       0.4519067859405286       2.0408160228623637E-6
0.04638448665415618       0.4619243989951958       2.089813176792931E-6
0.053948385495803955      0.4375559734225063       2.284835231814854E-6
0.053931239727552045      0.44756443350137937      2.3591522399115572E-6
0.061812865386551154      0.3872696689440862       2.035998551006942E-6
0.06213713666275217       0.3962990889970828       2.1662243277518014E-6
0.06210677437537551       0.4049241719330101       2.277530253397498E-6
0.061688123144563796      0.4139130424616288       2.373554711811401E-6
0.06150131539214371       0.4333114200503512       2.581141637603856E-6
0.061555637164343736      0.42346885150987446      2.4794070822482493E-6
0.06920201528801045       0.3821121817795683       2.2011585811549615E-6
0.0897958907847078        0.3463756798205748       2.1525095699027372E-6
0.09520746273564394       0.3391240432581437       2.1388500611783936E-6
0.09302911189486923       0.35440201378135117      2.3616355358349363E-6
0.08799088722148178       0.36184134193042755      2.3822483360732373E-6
0.0776661694692314        0.3771657220903516       2.379270584740505E-6
0.08328925032323571       0.3693647450186534       2.3994814046349985E-6
0.11976279227163598       0.33055514874474345      2.385415513581606E-6
0.1055474443155311        0.338806183596468        2.318683088763502E-6
0.11532464163531068       0.3378724800647558       2.4596187753737047E-6
0.14487328318147893       0.3077808435572566       2.252503574040063E-6
0.13973374583222578       0.3155176318420815       2.34002738942909E-6
0.13449401240324274       0.3231087363775671       2.4250437769589942E-6
0.1292539643481372        0.3305517186451467       2.5071508738814232E-6
0.007822734818058641      0.5649771359097969       3.2163445473698093E-7
0                         0.57                     0
0.015698698576419198      0.5400889820497102       6.931536882401038E-7
0.01565558583402617       0.5500995980613536       6.747901152968709E-7
0.015607763041989476      0.5600711659609935       6.532075699467869E-7
0.023565478197599576      0.5252385986604239       1.0704651875222619E-6
0.02348020944880185       0.5353320722325833       1.0493561714704957E-6
0.04639516198791951       0.47192625564256513      2.12809647952877E-6
0.0464041888025927        0.4819238831751406       2.1550637303209576E-6
0.031251420288448434      0.5107285960969267       1.4446414086555465E-6
0.031216857884064753      0.5207504845098417       1.4309921265594722E-6
0.03886507987653137       0.49628683166480747      1.8098582318601842E-6
0.03884991224848477       0.5063006143591495       1.8078895827589928E-6
0.04640707317168877       0.49192442138532666      2.17030689162924E-6
0.05392069997518763       0.45759146777802395      2.421723779903744E-6
0.05392720022406008       0.4675809231399924       2.472109781792644E-6
0.06146981006345666       0.44325833984989166      2.6723321465393962E-6
0.06145366817594591       0.45324147738131354      2.750625492799553E-6
0.06910937140362106       0.391559205222266        2.3415735304446174E-6
0.0691848752424265        0.400698387410608        2.4829201381796133E-6
0.069024659722458         0.4389191736220855       2.980616281300911E-6
0.06918122771368061       0.4098876763200092       2.6186277646815275E-6
0.06910159921014973       0.41932381797080115      2.7472156906615557E-6
0.0690553128163452        0.42903721828125063      2.869576825703985E-6
0.07637414765282334       0.3869924355002033       2.509811392361414E-6
0.10068669235960984       0.34790407374899096      2.3983612481892977E-6
0.10078916077183332       0.35628562918419543      2.5644115422398235E-6
0.09683240398763257       0.36201560629158847      2.5945190346272212E-6
0.08457437756316076       0.38427630567141774      2.7211261295040014E-6
0.09225271474521457       0.3691019253456444       2.6289960465457704E-6
0.08757447159840029       0.37645338037840514      2.6529160987454667E-6
0.12415811558236121       0.3376290950843069       2.582456664182345E-6
0.11163824403495769       0.3459208519309225       2.55935780735412E-6
0.11953898976983018       0.3436129517102098       2.6392841774931925E-6
0.15487509873105212       0.3078119275256173       2.3272065159423254E-6
0.14970748446433102       0.3155766750514685       2.4254059924873343E-6
0.144383072744185         0.32319440052746445      2.5223229790815705E-6
0.1389676032814777        0.3306934209527333       2.6176557176155576E-6
0.1334368997727847        0.33800850295032697      2.708118025371897E-6
0.007798448178001107      0.574946746423604        3.088873850885425E-7
0                         0.58                     0
0.015610238169787042      0.5699462216100056       6.311621752905168E-7
0.0078038878273411        0.5848864399790066       2.962686065165117E-7
0                         0.59                     0
0.023493263356791128      0.5452263523399429       1.02780669321676E-6
0.023365655853647766      0.5552998696587836       9.947245676809307E-7
0.02325855941059681       0.5652355585825692       9.58623175104723E-7
0.03116959944450654       0.5307762573322395       1.4092569375810286E-6
0.031108419957588195      0.5407968203735282       1.3796645925137977E-6
0.05393473711869866       0.47757399327405475      2.509439087542986E-6
0.0539403657503973        0.4875673613840335       2.533304983957577E-6
0.03882390688691673       0.5163208303254446       1.7957923352202187E-6
0.03878423747857398       0.5263519094699087       1.7735215309173814E-6
0.04640073705178993       0.5019308865441421       2.173555910978164E-6
0.04638496342851431       0.5119452409548791       2.1647574740312954E-6
0.05394050419057694       0.4975755954783399       2.5434011001909033E-6
0.06144628558010657       0.46323945401353467      2.8147271992127383E-6
0.061446829256938534      0.4732360988493554       2.8640428111199644E-6
0.06900376004649728       0.4488735420436799       3.0770478426514217E-6
0.06899133173446408       0.4588531246210488       3.1573059045588152E-6
0.07629788909488247       0.3960840069619122       2.666154021233821E-6
0.07650805573292445       0.40549346974512684      2.8370455616431255E-6
0.07661052162872534       0.4444080766222454       3.4015752887520834E-6
0.07662796666637882       0.43446655562280145      3.28361050760893E-6
0.07661041563571554       0.41495063310020414      2.998438249630597E-6
0.07663757478544374       0.4246181218305162       3.1483800601055343E-6
0.08357142829753944       0.3923370217063754       2.8503644953767974E-6
0.10888107717790217       0.35413794072427734      2.681223274944998E-6
0.10545363346719717       0.36173479035007383      2.778976591932642E-6
0.10125019304109324       0.36902756165245054      2.849625023296952E-6
0.08957843793824866       0.38929103324919867      2.9870952796413717E-6
0.09268161042272138       0.3834182411039724       2.9513206242964055E-6
0.0965539845028206        0.37618646300612796      2.895196628612225E-6
0.1276196189944697        0.3451222312678162       2.7885555892372887E-6
0.1198902584225821        0.35195742288023474      2.826976502907627E-6
0.16490014085808344       0.30784632849234095      2.3878630048966548E-6
0.1596810430401178        0.31560859964471627      2.4946742718406183E-6
0.1543529211320718        0.32328445213502505      2.6033896314697222E-6
0.1488816871386975        0.3308498387116434       2.7123915034362036E-6
0.14324722251919217       0.3383086936253867       2.8201023318718366E-6
0.13732245116451192       0.34568553436092114      2.9235179739170567E-6
0.007814101264181498      0.5948592879959248       2.828850812534402E-7
0                         0.6                      0
0.007852310493881857      0.6048372337391698       2.698035773116367E-7
0                         0.6099999999999999       0
0.015547636792187942      0.5798796802894582       6.039900252563828E-7
0.023179777588924366      0.575053685478542        9.20400518386496E-7
0.015549577362575825      0.589804511795846        5.774542871033907E-7
0.031018131409853666      0.5508037079438549       1.3419854021453341E-6
0.030883474948839893      0.5607518067508016       1.2964058461302119E-6
0.03074263225476524       0.5705092917925735       1.2460993515415729E-6
0.03872597141674354       0.5363950444111566       1.741048805636423E-6
0.03863991180784996       0.5464463759528932       1.6983350238768813E-6
0.061452712750151774      0.4832261648731363       2.8982049580046697E-6
0.06145535501339126       0.49322255908699025      2.916701881263702E-6
0.046358937206723384      0.521973992267534        2.1438979327797324E-6
0.046317510191798535      0.5320223485451269       2.1108378882532747E-6
0.053932318074049024      0.5075765040446035       2.539498551293345E-6
0.053918228771896524      0.5175970830777263       2.5217063080641834E-6
0.06145227871619031       0.5032278287956231       2.9193180298848574E-6
0.06898457302520455       0.468844081370874        3.2206267883555293E-6
0.06898591653392565       0.47883734045716647      3.2668457782874483E-6
0.07660327495689385       0.4543720484843856       3.5010760221441187E-6
0.07658910648943734       0.46436247014220056      3.580788665102381E-6
0.08378716142050165       0.4010000735249354       3.0327309117803767E-6
0.08430521875175323       0.44975285962884265      3.846161088103374E-6
0.0841291928040405        0.4103418887399375       3.2305593333324717E-6
0.0842814680521854        0.4398137853438137       3.7232050999922116E-6
0.08432348740690492       0.42981831891427325      3.580498532679022E-6
0.08427664669479888       0.41998865377563993      3.415018418943038E-6
0.09081943232374948       0.39638014859373677      3.191768944187757E-6
0.1150761821425256        0.3610186965024027       2.955262536964328E-6
0.11053594665003556       0.36885359393300016      3.056814570238543E-6
0.10583259244658948       0.37632947784351267      3.138775325771873E-6
0.09652961113668745       0.3905955035904716       3.2449186954273474E-6
0.1012899861792121        0.38371348177964615      3.2106341017118064E-6
0.13069106806777428       0.35314178848183514      3.017324563041011E-6
0.12533107842182584       0.3607304104945975       3.12764880544871E-6
0.1748863866032211        0.3078549818246676       2.433918765571796E-6
0.1696904290137582        0.31565180995924097      2.5488392605507245E-6
0.16437949848895908       0.32336969590268566      2.6674622551097597E-6
0.15891547903336234       0.33098726111753995      2.788653213629549E-6
0.1532954082781226        0.33852230748324086      2.9117734912937518E-6
0.14750688099121953       0.3460182805495636       3.0362745635306143E-6
0.14141380447818358       0.3534910415421143       3.159049500163327E-6
0.00788841065283119       0.6148761240108312       2.5607056618751497E-7
0                         0.6199999999999999       0
0.007947484895912332      0.6249120690490377       2.4281712542836367E-7
0                         0.6299999999999999       0
0.015625625914666496      0.5997131345334265       5.520918638696833E-7
0.015710908524384302      0.6097256613915064       5.254899289619108E-7
0.023205908859034147      0.5848055061121684       8.834258172501654E-7
0.030672621457369393      0.5800002929253235       1.1956241615072818E-6
0.023288923663341038      0.5946970264208012       8.452826106818853E-7
0.03851263303483504       0.5564699136705138       1.6455698878313837E-6
0.0383292534204644        0.5663020300854854       1.584051204945687E-6
0.03808776979135743       0.5757781299375114       1.5163548252223132E-6
0.04624951230471494       0.5421021705825697       2.065258221290819E-6
0.04614732332299584       0.5522284037479156       2.0071785088640926E-6
0.06899026663456945       0.4888345230939532       3.2956180043568435E-6
0.06898833614496781       0.4988427684952819       3.306414195760244E-6
0.05389931316520349       0.5276368635626933       2.4901013915555098E-6
0.053863027750321466      0.5377060218175006       2.444162916579995E-6
0.06144548759992654       0.5132381343789242       2.9061150854508053E-6
0.061435797790591634      0.5232557428815809       2.877146058944173E-6
0.06898327262695168       0.5088530430502788       3.2993455987995342E-6
0.07657745669653777       0.474364066485322        3.6408451026627176E-6
0.07658674916193421       0.4843506346765807       3.682101225663171E-6
0.0843031530628614        0.45972887249320776      3.945892506210758E-6
0.08425183294321292       0.46978388895090145      4.021175142584572E-6
0.09211001345376382       0.45494705124877255      4.314548955473322E-6
0.09173655925663318       0.40546295210006755      3.4394252133490393E-6
0.0921254373300896        0.444929990099652        4.192347197867593E-6
0.09202253846601953       0.41513748544871937      3.6672596430605072E-6
0.09212995082909538       0.43493740363569283      4.043919785482315E-6
0.0921067645855984        0.4249920042787127       3.8687843845768195E-6
0.1                       0.4                      3.6244095189377057E-6
0.12036509871561085       0.3686980206322324       3.251969130816618E-6
0.11544139109088741       0.3764162078305966       3.3666609220799635E-6
0.1106023047763378        0.3840594783005582       3.4736269732227E-6
0.10559761493478305       0.39172039359504085      3.5633645606233843E-6
0.13585525771985235       0.3610494471207143       3.290397297392113E-6
0.13049564274651365       0.36871810809500927      3.427758895799237E-6
0.1848964634385508        0.30787670065932793      2.4669112323499344E-6
0.17972470764544288       0.31570268536128104      2.5881348921695127E-6
0.17448156242501767       0.3234772412757317       2.715203276527815E-6
0.16897213216675677       0.3310857139322641       2.845023477673536E-6
0.16338537597299008       0.33865555775461925      2.9803391123839025E-6
0.15769887936017465       0.3462006141844069       3.120895224772497E-6
0.14622978464585978       0.3612674680936949       3.41694065688891E-6
0.1519994634852141        0.3538479354149713       3.2697907771068455E-6
0.008024787827736952      0.634964155023303        2.2998726731030138E-7
0                         0.6399999999999998       0
0.015808036247112394      0.6197893318422439       4.983496612103576E-7
0.015933843816119914      0.6298624971662611       4.717373571694214E-7
0.023417212435698026      0.6046873725244307       8.061161403115173E-7
0.023557664723941576      0.6147126515412          7.656584227049201E-7
0.03084277342302231       0.5895861829480021       1.1501781195822006E-6
0.03795972363201419       0.5842924736978673       1.4552188795374287E-6
0.031076041838421706      0.5996110187550551       1.1009190743994617E-6
0.04599589213024385       0.5623810679383067       1.936797900981267E-6
0.04571571219727872       0.5719779804729718       1.8564040105058572E-6
0.04361022994742442       0.5797530094440416       1.7112147695230292E-6
0.05378073533913419       0.5478467759948037       2.3825814823338824E-6
0.05368466524966198       0.5581546461884033       2.3066027927250962E-6
0.07659105428894104       0.49435514992741         3.7033774216865453E-6
0.07658401240580229       0.504375831266138        3.7042579555156316E-6
0.06141899527068015       0.5332949240093595       2.8322060948258936E-6
0.06138336200993661       0.5433819360805077       2.7706912049718457E-6
0.06898034129840662       0.5188593976960493       3.2747004291984653E-6
0.06897979720146925       0.5288675096781986       3.232504137143089E-6
0.07657827983878294       0.5143868169200646       3.685399776568089E-6
0.08424840038478054       0.47977764630708586      4.076245847363055E-6
0.08429160065994466       0.48972592013605604      4.111777036495167E-6
0.09209406269132987       0.46496111060884737      4.411181620579567E-6
0.09210782797112542       0.4749209455457044       4.484200782161043E-6
0.1                       0.45999999999999996      4.805512667356855E-6
0.1                       0.45000000000000007      4.6854825565956345E-6
0.1                       0.41000000000000003      3.903196579746309E-6
0.1                       0.44                     4.536606118880833E-6
0.1                       0.42000000000000004      4.147022320280568E-6
0.10000000000000002       0.4300000000000001       4.35760921627241E-6
0.11                      0.4                      3.977259716871485E-6
0.12535134252626043       0.3764698469683381       3.570332159101674E-6
0.1203075182308513        0.38421406476932324      3.712142687931848E-6
0.11525079739285318       0.3920073206240561       3.849489194655917E-6
0.1407129999276822        0.3688439926178481       3.5746054164446637E-6
0.13538793149324477       0.37652833353340615      3.7412047756308205E-6
0.1949259601004754        0.30790877545852274      2.487486330864383E-6
0.18977747718436205       0.31575847581337385      2.6131992522040766E-6
0.1844550678476098        0.32349465165636654      2.7444346602060305E-6
0.1508917228489495        0.36893880242291294      3.684946041066044E-6
0.17901565742233247       0.33115105469824885      2.8820702125433236E-6
0.17344701486391204       0.338728078295309        3.0261579212204883E-6
0.1678080061573329        0.3462767788228563       3.17795223937407E-6
0.1621586693492913        0.35385388114759136      3.3391035899088152E-6
0.15648192801257624       0.3613896769086658       3.5075537064166336E-6
0.008137092050357645      0.6450793533977308       2.180688029928706E-7
0                         0.6499999999999999       0
0.008199119784604794      0.6553316942795349       2.0481716708430897E-7
0                         0.6599999999999999       0
0.016119867369510592      0.6399401035344442       4.468364343314103E-7
0.023758099840620675      0.6247199349773952       7.263487534769795E-7
0.023944786715826557      0.6348493885711426       6.858393725625768E-7
0.031232730094730324      0.6096787470603052       1.0459433616774649E-6
0.03141560503026201       0.619680912745949        9.907854860377004E-7
0.04569826703281646       0.5880834344397455       1.725795514617738E-6
0.03874446813793435       0.5942778663293913       1.4143267465482181E-6
0.03901461911144369       0.6045590052600237       1.3467817993941387E-6
0.05356894764096975       0.569178983520599        2.2116574563427745E-6
0.05207449558896399       0.5799122065471013       2.0516510833802647E-6
0.05404445781374379       0.5910711052342441       2.0177837612702787E-6
0.0613191134103819        0.5535635554479708       2.6920263795787593E-6
0.061207785942041196      0.5639065159813532       2.5952105641301927E-6
0.08429756866700387       0.49973260458342494      4.12362474501344E-6
0.08429044658814504       0.5097487255333065       4.112862769035509E-6
0.0689751348393803        0.5388958519695412       3.172363377049522E-6
0.06895421991041016       0.5489738670852663       3.093531322852119E-6
0.07658116625483218       0.5243832319776058       3.647237695384453E-6
0.0765973072704927        0.5343673354760389       3.5900187660471844E-6
0.08424846760056015       0.5198154257045735       4.078032360819798E-6
0.09208994424793943       0.4849511919952965       4.531497619857617E-6
0.09208484672728243       0.4949821750248614       4.555278946902314E-6
0.1                       0.47000000000000003      4.897756566416985E-6
0.1                       0.48                     4.963046502305707E-6
0.12                      0.4                      4.273182238392984E-6
0.13021405045125875       0.38428327439720117      3.91487405452851E-6
0.12511715761128306       0.3920970832390163       4.0930781523367974E-6
0.14546821183014857       0.37658459325062016      3.874413080010306E-6
0.14020819222838182       0.384321269711897        4.07618232251553E-6
0.20491256317414175       0.3079029862629912       2.4957627876670928E-6
0.19979212376310976       0.3157868116684869       2.624446016191767E-6
0.1944656445058945        0.32352132096457137      2.7589308722836456E-6
0.18902774136990455       0.33118182651512373      2.900998197758859E-6
0.15553462254219555       0.3766121788963961       3.96713219871617E-6
0.16100668020514164       0.36898036969418097      3.7578057500796907E-6
0.1834841692896805        0.3387704638108098       3.051203410017445E-6
0.17787245736917345       0.3463196595458895       3.2107769928364508E-6
0.1722479148603273        0.3538743960178614       3.3814609152133404E-6
0.16660032244442619       0.3614155645009423       3.5632783865103907E-6
0.00824737363190569       0.665134015296259        1.9231070113381896E-7
0                         0.6699999999999999       0
0.008087221549471654      0.6746108166722596       1.7621962046295192E-7
0                         0.6799999999999999       0
0.01643231084681909       0.6501626181563428       4.24998632626158E-7
0.017308664552110203      0.6608482340414169       4.15448715251086E-7
0.024401124353589907      0.6450354371211949       6.527225603262663E-7
0.031705225544124395      0.6296728315730867       9.384251630818235E-7
0.032131666300707365      0.6398184170273815       8.89012876100714E-7
0.038918025791191045      0.6147432057068313       1.2651497747182967E-6
0.03922282606748551       0.6246980225458153       1.197811939497317E-6
0.047761055542482486      0.59918706043232         1.7025440712411745E-6
0.04635539326390216       0.6098561332762397       1.5528860453550477E-6
0.05612871268126256       0.5991073705306924       2.00692791286765E-6
0.06085636196050078       0.5745191695993642       2.47175918699898E-6
0.06102749253001399       0.5848017631187425       2.3624033374205126E-6
0.06166039735664062       0.5944120084325282       2.2691210949870527E-6
0.06890151303784725       0.5591232213259677       2.9952946312678293E-6
0.06879153030986006       0.569345214456907        2.8771766589129147E-6
0.0921054944427279        0.5049651575767637       4.556512328345093E-6
0.09212069229779267       0.5149195901027162       4.533696350404635E-6
0.07660573079004394       0.544378483010835        3.512343372344639E-6
0.07659924874470586       0.5544212752488501       3.413762540078408E-6
0.08429435704509913       0.5297389489635506       4.0266010776007675E-6
0.08431016050471564       0.5397254539597968       3.95107786213978E-6
0.09211371958054736       0.5249262488052789       4.485449565961075E-6
0.1                       0.49000000000000005      5.001980490243783E-6
0.1                       0.5                      5.014918610054283E-6
0.13                      0.4                      4.512430101207676E-6
0.1350743166760955        0.39213099320251305      4.2894166974095555E-6
0.15022340665090142       0.3843365738731339       4.1931217820228845E-6
0.14506219219966757       0.39214193162521666      4.436179399165322E-6
0.21492330425349782       0.30790505341504865      2.4937114987112984E-6
0.2098069868282164        0.3157937736933619       2.623397555232686E-6
0.2044800659565825        0.32353271907104003      2.759515429169704E-6
0.1990386610183467        0.33119552763311827      2.903883848887058E-6
0.19350104039538082       0.3387887526759469       3.057424033631107E-6
0.1602224655222865        0.3843252086878959       4.264732171763174E-6
0.16556849032649704       0.3766089146894838       4.019483170758117E-6
0.17106390040874334       0.36898388003343946      3.794979212671101E-6
0.18790520609252126       0.3463414066538066       3.221635500190739E-6
0.18230789048806592       0.3538976076531697       3.3986458035999007E-6
0.17666294625866796       0.36142545451165975      3.588855297412377E-6
0.006875840241596677      0.6935382668763357       1.305511499465048E-7
0                         0.69                     0
0.009041479702777714      0.6848969062160077       1.8283104412724712E-7
0.015840695426265653      0.6701040485905043       3.5607912003679096E-7
0.015382261532233356      0.6775538648229316       3.277249409507303E-7
0.024739635599502593      0.6547436399024145       6.187658018829737E-7
0.02536411783045852       0.6621891976032486       6.017977103034273E-7
0.022378011864215307      0.6672902731390065       5.12428591974722E-7
0.033284236129611365      0.6505081920837997       8.552984816743026E-7
0.039715529788170806      0.6343241152924826       1.1382544885953062E-6
0.04057602914628914       0.6434876845617237       1.092106935878792E-6
0.04662126027917642       0.6201312446980485       1.465092327313155E-6
0.04696130699574459       0.6296358280242934       1.3865177324991234E-6
0.05431555759680464       0.6069390581698774       1.8537519562260087E-6
0.05406412432323086       0.615972366919704        1.7441332802401755E-6
0.0617932309948445        0.6030137894378349       2.1630362663791115E-6
0.06873003745449838       0.5795009438930644       2.7471579319912417E-6
0.0687993808713086        0.5893946061635142       2.6137829255624617E-6
0.0688882983483898        0.598649887573313        2.481721780351645E-6
0.07656199976091503       0.5644857324485933       3.293901912251232E-6
0.07649761431537049       0.5745169341685618       3.1547001117811653E-6
0.1                       0.51                     5.001980540339205E-6
0.1                       0.52                     4.963046212868779E-6
0.08432658582112901       0.5497159636864204       3.853140993461988E-6
0.08433029821263323       0.5597109244562751       3.7319588773476666E-6
0.09209986280646039       0.5349544809243326       4.412216546932777E-6
0.09209977087680461       0.5449683095801401       4.314926537451833E-6
0.1                       0.53                     4.897755973758232E-6
0.14                      0.4                      4.695302801284494E-6
0.15504876411688773       0.3921340527075123       4.532391172903043E-6
0.15000000000000002       0.4                      4.822029199187326E-6
0.22494322763594132       0.3079056752459402       2.4823248304883022E-6
0.21984857850880246       0.3157982879550087       2.611727188409062E-6
0.23495082467212872       0.30789624816161293      2.462712650788805E-6
0.21449557922441653       0.3235277635977506       2.7477795852849314E-6
0.20904712139468673       0.331191811666752        2.8925834439128273E-6
0.2035081520093315        0.3387889687191044       3.0471319952427627E-6
0.16499640510000185       0.39209844174622327      4.577781938635359E-6
0.19791608132864064       0.3463450279743248       3.2130708920378125E-6
0.1702129799451502        0.38429849468978544      4.2922368046508375E-6
0.17557216881515103       0.3765846737779845       4.033433641797661E-6
0.18108964561255184       0.368975264703574        3.799689315673072E-6
0.19231781109127244       0.35389842100383473      3.3926621636337435E-6
0.18669053523053666       0.3614259323597655       3.5871845193512396E-6
0.015337721505205676      0.6927944281656713       2.9236797323904675E-7
0.019611283868980676      0.6844067978845304       3.9706414209900754E-7
0.02364016380168051       0.6751880675964883       5.111807692791554E-7
0.03174122875060061       0.6599211264023856       7.636614539374778E-7
0.029736417710561663      0.6681218178633739       6.75149029464405E-7
0.038565181623133195      0.6575723731622259       9.407854201937423E-7
0.04284036127911889       0.6515972088888679       1.0882892514252591E-6
0.04769610681721122       0.6386319246173956       1.3241824852605777E-6
0.04746677185204714       0.6460359912407997       1.2514666549466203E-6
0.0542058852335044        0.625881911715408        1.6384462119815846E-6
0.05442139025443457       0.6346380718387565       1.5492764697167703E-6
0.061623839143712056      0.6120830603210311       2.0382543717114685E-6
0.06122006796814662       0.6213068694542201       1.9054520818116271E-6
0.06888238549012404       0.6077079105949588       2.344932019026072E-6
0.07640994541407321       0.5844214027112169       3.0000805342290375E-6
0.07624403121122506       0.5940538005247863       2.834474361574876E-6
0.07595036416619605       0.6033172102862552       2.6641574839950387E-6
0.08429917576166655       0.569691015424571        3.5869636814334666E-6
0.0842165686604137        0.5795863890991154       3.4197920039021767E-6
0.09213561011900533       0.5549039695171377       4.195130829586243E-6
0.0921360566999826        0.5648789951793982       4.0471956004369065E-6
0.1                       0.54                     4.805512207364245E-6
0.1                       0.55                     4.685482629468305E-6
0.16000000000000003       0.4                      4.892791354393277E-6
0.22985045611084992       0.31577371968390017      2.590542305158778E-6
0.22456105463665482       0.3235449724227817       2.7259086555214426E-6
0.24496145493272636       0.30789279979957473      2.4362550162339617E-6
0.23980145245086185       0.3157269192484068       2.561506356610922E-6
0.2190604454045597        0.33118197171394104      2.869276972876506E-6
0.21351120603732518       0.33877803848817684      3.0228282189750566E-6
0.2079181805799647        0.34633730546262104      3.188024079394962E-6
0.16999999999999998       0.4                      4.907716705282265E-6
0.17503358919447584       0.3921022698834596       4.575933161709308E-6
0.20231808149137326       0.3538909739453401       3.3671141550212712E-6
0.18014359001988078       0.384233123745199        4.276820898323459E-6
0.18557920479631806       0.37656763688807054      4.012731943699792E-6
0.19109782332865932       0.3689633874740146       3.7756469648768477E-6
0.1966959747774897        0.36141848816121497      3.5618363423707826E-6
0.2549347525002146        0.3078696391275228       2.4038313208467296E-6
0.024854782279451537      0.6921637445664625       4.7450994809898025E-7
0.029411294392535262      0.6838437759396215       5.957117689257893E-7
0.03407929893003153       0.6755953714583051       7.315144613310608E-7
0.03875778361033634       0.6663915377992515       8.873149663441745E-7
0.04593891533304374       0.6598707363054127       1.0980616689830777E-6
0.05121103359058874       0.6521082759792451       1.2904456109325153E-6
0.055135424481329236      0.6440486917664832       1.4685040060067821E-6
0.06291207437990151       0.6311743570869176       1.828339343673736E-6
0.06110828045623825       0.6386797114909257       1.6854657043311531E-6
0.0689516044172876        0.6167058582266977       2.211059059787396E-6
0.06861398775962405       0.6245122371346328       2.0847470966500418E-6
0.07624483872891188       0.6124404654866196       2.515449181725547E-6
0.0840202429048556        0.5892874827931807       3.2331512301520574E-6
0.08326387371516457       0.6072368946940111       2.8483450390853347E-6
0.08359751758991306       0.5986010083972285       3.033550541244285E-6
0.09210210710723925       0.5748282509932249       3.871935097247867E-6
0.09199731422370956       0.5846848140283991       3.6699096377921197E-6
0.1                       0.56                     4.536604798684941E-6
0.1                       0.5700000000000001       4.357600007106793E-6
0.23457691547196244       0.3235298499046962       2.6948601569707105E-6
0.2290767708379742        0.33117274597781005      2.836028826245755E-6
0.24983562847386598       0.31572958298242604      2.526506420408574E-6
0.2445118201846318        0.3234760831951978       2.6563926512833607E-6
0.22351494018919443       0.33876562712050284      2.9870559405379337E-6
0.21791734232798435       0.34632566808920123      3.1495301204760644E-6
0.21231450272498056       0.35387698281631014      3.3255335550914694E-6
0.18                      0.4                      4.866886035262521E-6
0.18499633749408226       0.39206967064161063      4.525348150204094E-6
0.20669112291794545       0.36140572907998664      3.5170754486816236E-6
0.19021423289696363       0.3842627232376932       4.225625962204029E-6
0.19557661010874838       0.3765507643505824       3.961693170815264E-6
0.20109448941222507       0.36894913590801925      3.7275815798276675E-6
0.2649470170198123        0.30786667753175284      2.3667108684854348E-6
0.2597945554194187        0.315688771357992        2.4859261996543317E-6
0.034763153961449654      0.6919464483036442       6.615172508561628E-7
0.03951656386361937       0.6837670311369741       7.964438447437096E-7
0.044245471041040096      0.6755483229142282       9.443889870357925E-7
0.049052214851524         0.6678113030310835       1.1044146526117335E-6
0.055146106582127846      0.6600740428578384       1.3080977608871397E-6
0.05996819308161139       0.6524833706099741       1.4981454508754134E-6
0.06400661375307888       0.6453046620007354       1.6799062464147548E-6
0.07286168205348509       0.6311895007750101       2.106297989561584E-6
0.06891121416628945       0.6382120635595849       1.897821825597422E-6
0.07712450997929937       0.6221846001303188       2.374388101069434E-6
0.0841852314142459        0.6153334991889582       2.7167292052033554E-6
0.08917805677584291       0.6103504776871691       2.981955184519316E-6
0.09167319605440184       0.5943283536724802       3.441682314257951E-6
0.09043815355426925       0.6033669423152157       3.1839706589715582E-6
0.1                       0.5900000000000001       3.903179692060675E-6
0.1                       0.5800000000000001       4.147018006187433E-6
0.23907409267462862       0.3311555288999138       2.794622662859542E-6
0.23351847675467718       0.3387561450803351       2.9421155988275747E-6
0.2545433385213608        0.32347367779131375      2.612508721948661E-6
0.2490770617184496        0.331141812342721        2.7467977551606327E-6
0.22791669906365764       0.34631710559571816      3.1004659881712485E-6
0.2223083060702433        0.3538652044342075       3.2715739776815275E-6
0.216683268322017         0.3613930343362035       3.4574290371164407E-6
0.19000000000000003       0.4                      4.770302273230309E-6
0.19502966265101465       0.39208170067006837      4.432127806214388E-6
0.2110870938347149        0.36893585339909135      3.6611546556553796E-6
0.20013485768519265       0.38420071059821154      4.140629834333154E-6
0.20557070769319608       0.3765367382234324       3.887066208800474E-6
0.27495010661818203       0.30785548428247383      2.325566294711113E-6
0.2645994061832762        0.3234760979162326       2.563901357346874E-6
0.269803777866211         0.3156742244389968       2.441248249661703E-6
0.04479030620686351       0.6919139352653946       8.468530136119998E-7
0.04959968400505563       0.6838366766173988       9.918895591175306E-7
0.05446728098567371       0.6758880174423562       1.150568095639097E-6
0.05966520460466986       0.6680911659988534       1.3291349178751903E-6
0.06480296971203997       0.6604231740096181       1.5207369237684096E-6
0.0695070103705037        0.6529413770459248       1.716596293432994E-6
0.07400230180760665       0.6455993196626869       1.922010353610365E-6
0.08229091217118281       0.6308146581176696       2.36949880255597E-6
0.07824804997461415       0.6382623032504589       2.138266403215648E-6
0.08697359727788885       0.6234509100183615       2.637788690521937E-6
0.09232651200836779       0.6163376471172692       2.9462128887692266E-6
0.09636649436566747       0.6090784979295906       3.2479573066520858E-6
0.1                       0.6000000000000001       3.62440662735688E-6
0.24352423354776606       0.3387507484415353       2.8899897940343556E-6
0.2379185178002489        0.3463151241853259       3.043321745921973E-6
0.2591141965476503        0.331140384508036        2.6939165708104313E-6
0.2535462477400654        0.33875256402672516      2.8323293144917062E-6
0.23230390406571655       0.353861471276736        3.208419405026479E-6
0.2266773636504955        0.3613881678910494       3.3870794796296745E-6
0.2210816319129568        0.3689298301130026       3.581949004850635E-6
0.2049919853368747        0.39205687704839187      4.305595032344277E-6
0.2155635772094975        0.37652671148645706      3.7965382127976743E-6
0.21020420169560838       0.38423924172486734      4.035694261565518E-6
0.28493855983110933       0.30784808543405306      2.281358722759744E-6
0.26917638755783896       0.3311432620233343       2.6370675066950784E-6
0.2798379065517219        0.31567558437475957      2.393257468087408E-6
0.2745846932825713        0.3234444370672337       2.5116168035108785E-6
0.05484272267642026       0.6919458156465484       1.0277941917781458E-6
0.059733801394807176      0.6839577751904259       1.1824351965437823E-6
0.06472773446811764       0.676069971199044        1.3519132906776988E-6
0.06978204259734883       0.6682999537381046       1.5361390212356393E-6
0.0747374609244164        0.66066720890797         1.7323802400402432E-6
0.0916931972392861        0.6308208993949552       2.616277441701267E-6
0.07951885490288474       0.6531799486445468       1.9393535143298344E-6
0.08382206767826901       0.6456955634748712       2.1527614161819704E-6
0.08757543780097349       0.6382151351682582       2.3711261170737387E-6
0.09620566945011494       0.6236891724352083       2.888682624880893E-6
0.10105014802915847       0.6161232383343881       3.2080758978090795E-6
0.10544493655470868       0.608185341480431        3.561557867408703E-6
0.11                      0.6000000000000002       3.977275775840401E-6
0.24792708059716262       0.3463215231913159       2.9801526810729194E-6
0.24230162291855628       0.35386892589418234      3.1386831555554356E-6
0.2636024655711467        0.3387644636494964       2.770444735494205E-6
0.2579520474645089        0.346338999914122        2.9125996040840304E-6
0.2366720550360999        0.3613950131721107       3.3094165647667863E-6
0.2310817291038594        0.36893786282145086      3.4945315451427015E-6
0.22556202218876487       0.376529575851366        3.6967039147610554E-6
0.21503022505616176       0.39207407506544195      4.166191729088898E-6
0.22011004846934001       0.3841724573076957       3.9190405146031945E-6
0.2949442305283107        0.30785375990442704      2.23471214977115E-6
0.2898474393592408        0.3156787560094029       2.3427759359626677E-6
0.273769223454592         0.3388137382838835       2.7052938395544796E-6
0.27929404386224144       0.33116832366038285      2.577265561533012E-6
0.2846510175450068        0.3234611956136518       2.456755360015439E-6
0.30495434480160327       0.3078650403619874       2.1861672148491944E-6
0.06489836691541027       0.6919886496991509       1.202994103055129E-6
0.06984612515274843       0.6840421605737723       1.3660652014901168E-6
0.07484998267332262       0.6761814943306775       1.5432579038961526E-6
0.07987629732634009       0.6684215748180419       1.7346415500956567E-6
0.08491256971664807       0.6607772561403416       1.9406319017565572E-6
0.09639392691182423       0.6378991855811321       2.586183418227296E-6
0.10074094121936034       0.6308153196643964       2.8410422730997414E-6
0.09012220332722315       0.6534144366260977       2.16276939064747E-6
0.0930164716396388        0.6457803077117299       2.3580089908442614E-6
0.10552678464369272       0.6234453792932806       3.1369878270152832E-6
0.11035498258709496       0.6158065758036102       3.4711972536518075E-6
0.11514505898043359       0.6079416198787383       3.8484185592131655E-6
0.12000000000000001       0.6000000000000001       4.273186766297876E-6
0.2523006482868129        0.3538886151007053       3.0644153342573593E-6
0.24666137139071653       0.36141361776113534      3.2270216610692897E-6
0.2680246867697753        0.34637574503326357      2.841867512553444E-6
0.2622994375394923        0.35392380145353436      2.9872421872202737E-6
0.24107535359383517       0.3689558342857997       3.40218534109339E-6
0.23558172749204082       0.3765585560264877       3.592011888269105E-6
0.23017325554669088       0.38422685674871787      3.7987369295506898E-6
0.2250532438831732        0.39209094955869417      4.024602879729168E-6
0.2998851122721693        0.31569595061492706      2.2903159983651094E-6
0.2782292228466409        0.34642421989973765      2.768257922645425E-6
0.29474977691992504       0.32349646431379403      2.3998634250137523E-6
0.2840449009867898        0.3388694321307241       2.6373359308936717E-6
0.28948870035272073       0.3312551109772709       2.5155804950978507E-6
0.3149662984615323        0.30787930633949495      2.136203382067567E-6
0.3099300710970626        0.3157171381915916       2.23641408182777E-6
0.32497880047268146       0.307894026005295        2.0852276999005783E-6
0.07493535327089973       0.6920197447100146       1.3710703897313873E-6
0.07990819554484498       0.6840946181343979       1.541062224127458E-6
0.08493199150087442       0.6762380036446745       1.7252032716108504E-6
0.09001457948399903       0.6684369734853405       1.924777533284254E-6
0.0951876753085028        0.6605773894006487       2.1434283341287598E-6
0.10048731577885768       0.6437872416227517       2.556599145140495E-6
0.10491323473789015       0.6378619022481161       2.7764808713369452E-6
0.10986528716488758       0.630784587039314        3.051324308542268E-6
0.10045632030416239       0.651861854374248        2.398297221746401E-6
0.11493771819593943       0.6233322477863318       3.362673474210115E-6
0.11998967199439009       0.615675796054684        3.7086273307203352E-6
0.1250486830097275        0.6079112289490641       4.091260875552096E-6
0.13                      0.6000000000000001       4.512432766579478E-6
0.2566356905722333        0.36144438466158113      3.1418668940811817E-6
0.2510500861101347        0.36897964746578243      3.307257767414122E-6
0.2722908364552886        0.3539873179406427       2.908576938570813E-6
0.26657127238185047       0.3614918369607576       3.055602967676975E-6
0.28220621305116          0.35413331386603997      2.8304877085558414E-6
0.24556333488471993       0.3765748401907252       3.4851554043578122E-6
0.2402254845311117        0.3842788305121853       3.6771944388025007E-6
0.2350161919550732        0.3920790447252554       3.884745687247828E-6
0.30486352462465555       0.3235225687834972       2.341345336768216E-6
0.2890394763622399        0.34636577214387243      2.687725005322973E-6
0.2917257660936562        0.35421570684016335      2.75446259936663E-6
0.29971865411583387       0.33132999609066477      2.4520593917022182E-6
0.2944336072445609        0.33918217971432335      2.5700063467988824E-6
0.3199520446420661        0.315764963783765        2.181904286482694E-6
0.3149570712437855        0.3235547326459675       2.2820909771816834E-6
0.334990999269446         0.3079063395935968       2.033582853050097E-6
0.32999070513526857       0.31577931211392485      2.1264105245873552E-6
0.0849513373093187        0.6920396413339347       1.5308218008256605E-6
0.08994311104469084       0.6841237851481438       1.7065184012815927E-6
0.09500840195239872       0.6762596729908995       1.8967269531117328E-6
0.10017233352610584       0.6684250696078969       2.1032066456189544E-6
0.1054489567474884        0.6605778750451224       2.328179770426154E-6
0.10814351761839552       0.6456263918645981       2.6722030246945526E-6
0.11385447063414716       0.6382110695840449       2.9505415587809594E-6
0.11927180005997574       0.6308243919301605       3.2441084419451007E-6
0.11078810170903032       0.6532693383487882       2.5611519679177315E-6
0.12457856566804014       0.6232936468318637       3.5630244876763232E-6
0.1298098859826512        0.6156319302405824       3.910430103424129E-6
0.13494227329853645       0.6078477473953318       4.287978843764397E-6
0.14                      0.6000000000000001       4.695301325538177E-6
0.26099153673496805       0.36901183867084897      3.2115267514486397E-6
0.25552575269446337       0.3765948097950295       3.3780672324188307E-6
0.27640403906254946       0.36157012754848367      2.9699637065272706E-6
0.2708527767383367        0.3690531708067217       3.116553440906271E-6
0.285984616243438         0.36168622305739256      2.887006060532655E-6
0.2501380240057742        0.38424473581246815      3.556634549199712E-6
0.24503955285000745       0.3921015713376475       3.747685541522195E-6
0.30992924658508547       0.3313192333235541       2.3869525712927504E-6
0.2950702165725061        0.3619609741525384       2.8105367468606745E-6
0.2992860106296944        0.35651632183175475      2.717460351605211E-6
0.29947313060008024       0.34807857320012403      2.628110489120687E-6
0.30483531754816384       0.33919343387946826      2.4984497856911947E-6
0.3250275289673074        0.3235977631754547       2.2225846615467084E-6
0.3200974891587681        0.33135564751802216      2.3222590771910795E-6
0.3449903810810481        0.30793063786973923      1.9817553561508202E-6
0.33999925227960964       0.3158184511508378       2.0710392571184916E-6
0.33505589635800725       0.32364362210859926      2.1632103725851272E-6
0.3550104094216853        0.30792440909056185      1.9294986654063713E-6
0.0949581775647212        0.6920511187784871       1.6812274345180315E-6
0.09997225401341267       0.684140427325515        1.8613348001287112E-6
0.10508716092607119       0.6762810616754645       2.055885714002192E-6
0.11033745362996296       0.6684937105964747       2.265865257169553E-6
0.11576762131381114       0.6608699174605674       2.4908596214219458E-6
0.117532477736845         0.6457791899324463       2.83938800967718E-6
0.12339361982985975       0.6383320785286671       3.1198805204617037E-6
0.1289631777730154        0.6308522836968546       3.4156632266948126E-6
0.12155554728995178       0.6533621684531769       2.734536033729607E-6
0.13439230509120292       0.6232805442659034       3.732258637202246E-6
0.13970816670811967       0.6156022420839423       4.071959780342129E-6
0.14494959613576278       0.6078417691753145       4.435459009734388E-6
0.15000000000000002       0.6000000000000001       4.822027283785715E-6
0.2654473167955294        0.37661920896726714      3.2721433782980256E-6
0.2601690307672877        0.3843003869564153       3.4379521416444136E-6
0.2805501752222576        0.3691035839399303       3.023878527291408E-6
0.2752605147119497        0.37663299591725274      3.1686436481198475E-6
0.289970923951212         0.36916118639219064      2.935005239269459E-6
0.2549949191866683        0.39208660956630986      3.6146680148922434E-6
0.29905386574025444       0.3691723268877285       2.8501755009684025E-6
0.31512256960273843       0.33895705915590335      2.425261468661539E-6
0.3034342158418742        0.36214068153823775      2.7398754226204417E-6
0.3068969011929914        0.35449604664322465      2.635337973244422E-6
0.3100948351292546        0.346580551348062        2.5336042556621376E-6
0.33016463049654365       0.3314516915824792       2.2587548775668992E-6
0.32541613151090304       0.3392375302681838       2.3571587957785056E-6
0.34999913164259255       0.3158637947372854       2.015767405565869E-6
0.3401490080504344        0.33147140154813887      2.195438514892301E-6
0.3450453620102626        0.32370724554205926      2.1043468380686658E-6
0.36005140194243906       0.31584932610626365      1.9600023757536384E-6
0.3650240357337655        0.30789811369418746      1.8772785099761736E-6
0.37499932167595684       0.3077286826125463       1.8246450490383739E-6
0.10496387877556124       0.6920567637593047       1.821192034462393E-6
0.11000068307507588       0.6841533166368717       2.004119145326569E-6
0.11515656898989712       0.6763109375675005       2.2007569349498873E-6
0.1204854773161222        0.6685769379369361       2.4114506073756373E-6
0.12604258069578944       0.6609731278853122       2.6365242509166863E-6
0.12748395052041303       0.6458655025974335       2.9958335947897543E-6
0.1332315569487967        0.638384777111781        3.270081987851933E-6
0.1388289731164579        0.6308669256378633       3.559469199114754E-6
0.1317185517638216        0.6534159344945129       2.875933721053135E-6
0.1443138909189427        0.623278145952593        3.865903781783629E-6
0.14972003699290895       0.6156255366188076       4.1897140457733766E-6
0.15488359157710255       0.6078221928748352       4.532960421714142E-6
0.16000000000000003       0.6000000000000001       4.892788344538436E-6
0.2700644165525151        0.3842890672363019       3.3224300784038494E-6
0.26498998887079184       0.39209592724319586      3.4856062509059807E-6
0.28489740346825027       0.37662069248398616      3.068569765331125E-6
0.2798875658406426        0.3842751555113753       3.210651499183925E-6
0.29427718838914313       0.37651851476310005      2.972339920477059E-6
0.30347957763941036       0.37624752063254263      2.878629697492695E-6
0.3080785756232906        0.36907050995868734      2.7663861835712537E-6
0.32076736113360255       0.3466001999942697       2.4551533929098097E-6
0.3121965772816176        0.3616541682235621       2.6603845249506392E-6
0.31605809054069295       0.3542312989171151       2.5601181121240576E-6
0.33539253242338535       0.33928962738710045      2.289645392929773E-6
0.33095800701852995       0.347764629988074        2.3906855242257866E-6
0.35504574128525046       0.3237963960495889       2.0459613858399094E-6
0.34514090029867117       0.3391519167098519       2.2229770475737217E-6
0.3501037236853886        0.33157452651667096      2.1335126104867214E-6
0.3651445229512514        0.32372968891415765      1.9864548125183045E-6
0.37008508648560995       0.3158825935018348       1.9051224798653173E-6
0.38489697383435223       0.307441746475662        1.7722450485820297E-6
0.37999045008809934       0.3151484843929774       1.8466105452453677E-6
0.3932148069977186        0.3065359837684026       1.7248007783183036E-6
0.11496834726706202       0.6920574462457662       1.9495819570206448E-6
0.12002602582501809       0.6841618938684385       2.133593143067279E-6
0.12515832957824718       0.6763046237090155       2.3300299145137094E-6
0.13061186948470818       0.6686276676345196       2.5393294237691877E-6
0.13618051655140676       0.6610222890811194       2.7604655440186703E-6
0.1374931105543302        0.6459138879703564       3.1288418947030417E-6
0.14317773364782418       0.6384076866725666       3.393842125725188E-6
0.14877734349501529       0.6308700836387566       3.6713758594514714E-6
0.14184293283549837       0.65347312758045         2.992916762672457E-6
0.1542771031986064        0.6232695415840118       3.961770614845648E-6
0.15963853384012067       0.6155799155840688       4.265191916327967E-6
0.16488802070226838       0.6078251279370449       4.58056912680812E-6
0.17                      0.6000000000000001       4.907706895197317E-6
0.27488518034012316       0.39204173276004944      3.3612860616692687E-6
0.2895046441555084        0.38416316350380786      3.1032146985764554E-6
0.28478190151293487       0.39203461210804713      3.241847318565384E-6
0.29878388575908876       0.3838472389208991       3.000632991707503E-6
0.3075078845990767        0.3835612828735595       2.9074020809738954E-6
0.31266742831198924       0.37633855623965473      2.7909808434572103E-6
0.3176424112642634        0.36889620695895675      2.6790419545503656E-6
0.325165388766259         0.3544628498184148       2.4909220751145225E-6
0.3212274797404327        0.3615939774751576       2.5842573152430458E-6
0.33219767806480927       0.3552167184228406       2.4427959629994E-6
0.34052746595323385       0.34665935795125363      2.312829385141734E-6
0.33728398051684144       0.35274233894201046      2.3842904204379408E-6
0.3494592078372221        0.34654881657921816      2.2489815718248294E-6
0.36008620224722254       0.33195200869245095      2.0740288899832202E-6
0.3551551282204906        0.339368190557936        2.1581899905189854E-6
0.3682334221922644        0.3312496904345912       2.019167713889272E-6
0.3752966335101147        0.32494283873928775      1.9357603457357567E-6
0.3845047036515297        0.3225092907786612       1.8680317798612594E-6
0.3911772642443385        0.3152373280800457       1.787479304407024E-6
0.12494329058260412       0.6920396915073235       2.0653136072710944E-6
0.13004985483242676       0.6841647672894181       2.2487451235260613E-6
0.1352850221693018        0.6763565617134036       2.443241857645553E-6
0.14069908026436198       0.668655996785185        2.6481844391003902E-6
0.14626505229424755       0.6610537449701078       2.862558885321609E-6
0.14751049210740158       0.6459378867875226       3.235911200715992E-6
0.15316185847510702       0.6384144929088446       3.488325331860202E-6
0.1587547745726981        0.6308649098074822       3.7496151827771903E-6
0.15188987374178267       0.6534950221790811       3.085510724652584E-6
0.1642489289444437        0.6232538590449976       4.019314183478976E-6
0.16963830395620844       0.6155756574208757       4.296239550699864E-6
0.17484351028668102       0.6078004756352077       4.5801546424556E-6
0.18000000000000002       0.6000000000000001       4.866873969655762E-6
0.294430895961403         0.3918035343917606       3.1272689074795867E-6
0.3156665152306169        0.38459890758374055      2.834022614502659E-6
0.303489878018305         0.39086600042946135      3.0170363839409613E-6
0.31067769339570556       0.38958369578474183      2.9282496125231718E-6
0.3229200259797546        0.3778289669504891       2.7072412688582645E-6
0.3265513126455712        0.36894598961460917      2.6014738416785287E-6
0.3297496775235483        0.36138173415175995      2.5125453224235202E-6
0.33092182223745764       0.37542789016808803      2.6149430783741683E-6
0.3378063941652803        0.3596124175015411       2.43406842248172E-6
0.3449303573823539        0.3544585708463428       2.3402987861551454E-6
0.35290702729637646       0.3529963963108665       2.270985369908365E-6
0.35833182479799874       0.34759426085111156      2.1947352715588E-6
0.3660263606643155        0.3401880437943353       2.092850560352718E-6
0.37536384725657546       0.3354214112373861       2.002688092810966E-6
0.38375377628832164       0.33065980579551363      1.9223732754511655E-6
0.391891109675307         0.32557411901381805      1.8450019853954477E-6
0.13495489526483614       0.6920424505343754       2.1677402648396345E-6
0.1400620248207741        0.6841555836117093       2.3487964655805226E-6
0.14532277357338452       0.6763578897334143       2.5390870851902576E-6
0.1507578506899423        0.6686721478283001       2.737480718173301E-6
0.1563049342692341        0.66106501197973         2.9428283126257107E-6
0.15752200082430617       0.6459471917177125       3.3161393140640907E-6
0.16315640232598355       0.6384155389142526       3.552701442168764E-6
0.16874084764492192       0.6308602392334937       3.7940444190318513E-6
0.16191050611238111       0.6535039923509132       3.1539224900202975E-6
0.17423327191075835       0.6232485885425545       4.038904071739499E-6
0.17961567397155956       0.615566866374223        4.285324600314983E-6
0.1848277659911377        0.607796840971233        4.531377709894531E-6
0.19                      0.6000000000000001       4.770280931207207E-6
0.3236417835079425        0.38764525989663473      2.7793488942041226E-6
0.3165842755892327        0.3926356837573632       2.891584026958805E-6
0.30946711944314576       0.3964416489968172       3.000389433369778E-6
0.33079140008463476       0.3832140942778198       2.675970483809436E-6
0.3361508085600647        0.36886842949177817      2.5188881732632095E-6
0.3381782878641788        0.37830553950721924      2.5718565183583986E-6
0.3447596883914395        0.3644806001722665       2.4155277011640512E-6
0.352020435049968         0.3603958333473774       2.3297001418720288E-6
0.35969752649046677       0.35627081897973495      2.2441954820772735E-6
0.367132734081273         0.35070932421723877      2.154743633113339E-6
0.3752563939912549        0.34521674974352334      2.065124291250577E-6
0.3836164968931813        0.3402713389170652       1.9813756869722967E-6
0.3918450880740376        0.3352425034153832       1.9015973841274062E-6
0.14498372506552362       0.6920461424927695       2.2562774466067374E-6
0.15001581831128963       0.6841056121936232       2.43347634229097E-6
0.1553449368550831        0.6763547256294075       2.6173328844110835E-6
0.1607776928916234        0.6686733793359908       2.8072234545693118E-6
0.16631985598422758       0.6610701049928784       3.0014980951689203E-6
0.16752797084192828       0.6459534025096906       3.369581624368746E-6
0.17315925360654313       0.6384210933732936       3.587459053094771E-6
0.1787427887350752        0.6308694059444371       3.8057486633486763E-6
0.17191955569105696       0.653511545593941        3.198687930677735E-6
0.18428250924333203       0.623288899416678        4.02154270217601E-6
0.18962699744011588       0.6155872312174323       4.234396450500847E-6
0.19483285301637396       0.6078067210647734       4.437964988483151E-6
0.30826910186202494       0.4054942996221656       3.089579547258501E-6
0.33086871163631043       0.39220410722025245      2.741845593345629E-6
0.3236794239182132        0.3964104466097235       2.8464207121324913E-6
0.31623648239734825       0.4012113848302421       2.9637636791645115E-6
0.3381901371761095        0.38791035242701405      2.640318926012405E-6
0.3450884770929773        0.373924835326964        2.4804476299608237E-6
0.3455969571466593        0.3838309796214498       2.5441802079105897E-6
0.3525708093217175        0.3698170584743618       2.3902054783054424E-6
0.3600962028043635        0.36539298279826943      2.3015315073809043E-6
0.3677371799649258        0.36054390838006717      2.2132052163528325E-6
0.37556669383613744       0.3553479887090689       2.125324469748822E-6
0.3836567903400814        0.35016513438613883      2.0396566881973224E-6
0.3918341881921629        0.34509594945475464      1.957831470019963E-6
0.15499495220785478       0.6920382573679734       2.3305443045145862E-6
0.16009876839583878       0.6841492679079213       2.501610653741336E-6
0.16535305895451888       0.6763562376582003       2.6779345294311317E-6
0.17077803583137371       0.6686772872949266       2.857691566836309E-6
0.17631888421047223       0.6610772946710284       3.039306656838254E-6
0.1775363065130613        0.6459632933005102       3.3972615296082465E-6
0.18316128243074029       0.6384316769230497       3.594409355553428E-6
0.18874781417588704       0.6308835883914984       3.78776414593671E-6
0.18192345557888426       0.6535224787897342       3.221058066381048E-6
0.19425087350455625       0.623281924445383        3.974643658110284E-6
0.19967344994574532       0.6156295437970996       4.149883517721197E-6
0.20485424386883075       0.6078170012592453       4.310971967094079E-6
0.30795142595580766       0.4152162996272848       3.1700909246426147E-6
0.31586431500416284       0.41054822467220875      3.0387310209995002E-6
0.33800096992574435       0.39687836989657743      2.7033353311837612E-6
0.3308812340181745        0.40120086160497515      2.8052602995233246E-6
0.3235329755143722        0.40581510172453433      2.916768947782007E-6
0.345689727522353         0.3930522708742294       2.6038515981569096E-6
0.35298992804342016       0.3796468462129454       2.4518194550413296E-6
0.3534496576837903        0.39014811324708476      2.5139933051261344E-6
0.3604745970510104        0.37506333285510607      2.3602825858528075E-6
0.3680936003964909        0.3702710970367386       2.2704684864747E-6
0.3758599752755976        0.36527729844617385      2.1823210006934064E-6
0.38379176791655617       0.360182145960069        2.0962837789946047E-6
0.3918636756510166        0.3550859626074374       2.0130341734024205E-6
0.16500868369966384       0.6920478194640465       2.3902396434253917E-6
0.170050400707087         0.684123526874552        2.5545552487626955E-6
0.17533217903585185       0.6763594348150015       2.721430068727736E-6
0.18075286257574844       0.6686809536073123       2.8898639669386205E-6
0.18631079825610683       0.6610889949548813       3.057611209267932E-6
0.1875477593931974        0.6459783173422342       3.401119158538636E-6
0.19315711211010544       0.6384415066574044       3.576666154212066E-6
0.1987551090001491        0.6308966161794717       3.7445406905168907E-6
0.19192398433656052       0.6535363740171797       3.2230124008449683E-6
0.20426879166619413       0.6232945989396138       3.902129416240135E-6
0.2096379295956287        0.6155944700115358       4.046218631136255E-6
0.21488787037857596       0.6078197217083808       4.170747064284666E-6
0.30785670811720056       0.42509726492700195      3.243281279929452E-6
0.3157042899805919        0.4202735758887955       3.1093312348872383E-6
0.32345458421145307       0.41545380514749636      2.9836694910309945E-6
0.3436533020179248        0.4007552987739543       2.6721257632607178E-6
0.33815736325683776       0.4054395797036985       2.757155936461085E-6
0.331025808782295         0.4104899848337571       2.8655032674158106E-6
0.3520635762611665        0.40073824662323687      2.590079749508623E-6
0.36075906996436596       0.3850967577527062       2.4192018843383106E-6
0.3607621000666627        0.3953489988915546       2.4785297409211877E-6
0.3683591432353978        0.38016173039066053      2.326844029724292E-6
0.3760837942300217        0.37518600201429236      2.237343180377098E-6
0.3839382123390689        0.3701468197548136       2.1504269450210293E-6
0.39192034233824113       0.3650784449648079       2.0661999559663123E-6
0.17498938431665476       0.6920441612753122       2.4360351798230647E-6
0.1800672805903268        0.6841610330981838       2.5916361966466706E-6
0.18523265040577927       0.6763342128633082       2.749283115603976E-6
0.19074138100802993       0.6686966560215736       2.9049148116853453E-6
0.19630807262172614       0.6611043516109244       3.0582588039042934E-6
0.1975478130838279        0.6459940503609567       3.3840513422910183E-6
0.20317964676054545       0.6384634334100193       3.53766685974758E-6
0.20876973610599098       0.6309059294645596       3.6815261486156877E-6
0.20192752385260207       0.6535505110348229       3.2070844488633596E-6
0.2142762837672231        0.623289386558173        3.8130566747587235E-6
0.21969123815594982       0.6156026031211098       3.929012933756908E-6
0.22488206519802525       0.6078091362151538       4.029105028034166E-6
0.30782839427953185       0.43504118047342194      3.30912901366401E-6
0.31563815388946864       0.4301859732073816       3.1740797332448098E-6
0.3234201635264827        0.4253268133085102       3.046301857796751E-6
0.33116243803329315       0.42036665307725485      2.9248197128112474E-6
0.34583044273674896       0.4088865251167715       2.698796531551119E-6
0.33886248064928776       0.41507944442088646      2.8078641455292805E-6
0.354147491330673         0.411684884807521        2.630222834785565E-6
0.30783234021880124       0.4449743502528105       3.3666894450131744E-6
0.361071630408698         0.40559415684309535      2.5312093867549655E-6
0.368532348903684         0.39021060573600547      2.3819155507915873E-6
0.368701076035512         0.4003029699599054       2.433875107806053E-6
0.3762554967392702        0.3851569211234232       2.2904401878294637E-6
0.38406388506080497       0.38011390985941806      2.2023207891827385E-6
0.3919811237592827        0.375064033437895        2.1171294096632207E-6
0.18498771116403942       0.6920611242820546       2.4681928077623955E-6
0.18997343637048736       0.6841408187557962       2.615307847645357E-6
0.19529778917062232       0.6763887300195478       2.7611141513200305E-6
0.2007440906971093        0.6687137850917004       2.904622020694588E-6
0.2063121453688027        0.6611170971101615       3.043503480733357E-6
0.20755585596590972       0.6460061466809438       3.3494492675675393E-6
0.21319362659905253       0.6384711757308473       3.482514057749112E-6
0.21878222334820388       0.6309048181523156       3.6045509140070746E-6
0.21194535880905493       0.6535649844922282       3.176002677916025E-6
0.2243009473363785        0.6232919168789489       3.713346071966423E-6
0.22970206369715077       0.6156016567401988       3.807843119020096E-6
0.2348720362234399        0.6078092593819385       3.8888033275687875E-6
0.30784285221243957       0.4549608184497066       3.4159267679481157E-6
0.30785734208948234       0.464960464789143        3.456001105638199E-6
0.30785130010719713       0.47501419276211365      3.4868843591587244E-6
0.3156100268757984        0.44016091286142417      3.231808777808997E-6
0.323372610567421         0.4353545168347199       3.1038292133775385E-6
0.33114572810553566       0.4304744798987437       2.981561680661575E-6
0.33906380065779884       0.42538263076101446      2.8623994017056472E-6
0.347935030428753         0.4199112930328225       2.7368394612495483E-6
0.3561599886863569        0.4197701581176187       2.650541266826153E-6
0.36183114219441526       0.4151919249510318       2.5719569197262035E-6
0.31560408032140885       0.4501623198100711       3.2817147893024374E-6
0.3689243965637584        0.4102979158253226       2.481065214489704E-6
0.3763980540592519        0.395180247983303        2.3410185882319195E-6
0.3765315677631527        0.40517975224321934      2.3881678013174187E-6
0.38416926300033255       0.3901052695031435       2.2517637763987307E-6
0.39203454569096113       0.385056968784504        2.1656809655438737E-6
0.19499395702950117       0.6920725490239811       2.487888376266487E-6
0.2000038062785924        0.684162790850117        2.6254033342030756E-6
0.2052822294752502        0.6763876272529631       2.7604150553031344E-6
0.21072844891774747       0.6687105070047661       2.8912528379995023E-6
0.2163347479831198        0.6611316176893102       3.015523778372794E-6
0.21758358577107012       0.6460200669956586       3.300603305771797E-6
0.22322852566779816       0.6384824606697181       3.4148829110087702E-6
0.22883473342574545       0.6309233360085768       3.5174381464567465E-6
0.2219855416408644        0.6535825058923105       3.1324741017000444E-6
0.23431635337290016       0.6232880782141726       3.6083257935293754E-6
0.2396591578164554        0.6155808249631524       3.686556221887789E-6
0.2448854378394836        0.6078178137031829       3.7510938056093363E-6
0.30786265298180276       0.4849929288182208       3.507266862645879E-6
0.30785263835337956       0.49502843587344564      3.517816093078087E-6
0.3156142814881729        0.4601684382746019       3.3231304481133444E-6
0.31563440741494275       0.4701717769679091       3.355615233930689E-6
0.31568311724461307       0.4801148293769374       3.378404316525662E-6
0.3233311408423536        0.4454237769078857       3.154553131884368E-6
0.3310487405944471        0.44066622147182133      3.0333441428341077E-6
0.33879786249434485       0.4357788827761105       2.9167326889157747E-6
0.34638299343522194       0.4308971553480047       2.807264102840955E-6
0.3543729339223361        0.42804611057245523      2.707464336898324E-6
0.3616487416685787        0.42373488971975154      2.613060848983232E-6
0.36913080974808926       0.4197298081302461       2.521844330960283E-6
0.32331370487169636       0.45548727435067377      3.1973741514497622E-6
0.3765986662266662        0.41509154971078965      2.4318240793396394E-6
0.3842599948803225        0.40010768641524985      2.2983203824959616E-6
0.38432688926195396       0.4100822834906233       2.3415858523293434E-6
0.3920841593186912        0.39505033976012727      2.211495797389005E-6
0.20500262041672304       0.692076679902542        2.4961142914594853E-6
0.2100560558447419        0.6841857609995033       2.6235664463804717E-6
0.2151618974749876        0.6763163291319453       2.749265431030352E-6
0.2207596603819511        0.6687262906685008       2.865893826700652E-6
0.22638763576022408       0.6611564158538387       2.976402073180224E-6
0.22763438017018175       0.6460349838426581       3.2407866674648525E-6
0.23328629364363979       0.6384915610076723       3.3384906326754577E-6
0.2388735046463242        0.6309147161783066       3.4251824799805252E-6
0.23205188264634138       0.6536026867188214       3.079105822005143E-6
0.2443306057055113        0.6232709923781955       3.5010214722827358E-6
0.2496652339138688        0.6155734217721481       3.5651889522155702E-6
0.2548862947600891        0.6078209818359559       3.6174525527068066E-6
0.30786308810214735       0.5049820615288223       3.5176440886819228E-6
0.31565081999089156       0.4901999020356449       3.3932391219728626E-6
0.3156836769331741        0.5001308307963604       3.397361446551268E-6
0.3233187088418561        0.46552406028784254      3.2317482335811657E-6
0.3233388836513285        0.47553394434161267      3.2574322822171385E-6
0.3233504903182341        0.4855517929974576       3.2745814911753344E-6
0.3309804514622171        0.4508456337066762       3.0777551624469418E-6
0.3386456969845707        0.44616427685722204      2.96323692566011E-6
0.3463114129489718        0.44135649510592967      2.853168623502151E-6
0.35398238348771033       0.4374434751649478       2.751309009549265E-6
0.36159242183805396       0.43348623301498607      2.65431785682265E-6
0.36912024500585366       0.4292406734636213       2.5611002406325646E-6
0.37669443490675786       0.42477439523680205      2.470376306505699E-6
0.33094824394392663       0.46096721024312165      3.1140454725317096E-6
0.3843628340350313        0.4199998617752187       2.381250631155878E-6
0.3921203874780633        0.40504831399197827      2.2543745887179664E-6
0.3921487019609372        0.4150274389009285       2.2938957727420878E-6
0.21499304452728185       0.6920663214574962       2.4941054677298582E-6
0.22009408927413937       0.6842018666011648       2.611316721093676E-6
0.22529146919905152       0.6763853151782501       2.725062646882512E-6
0.2308391787387614        0.6687699131776624       2.8302481870513764E-6
0.2364573251397214        0.6611862013182384       2.928436851499931E-6
0.2377197318950474        0.6460472097555318       3.1728257765842412E-6
0.24338380900681564       0.6384908243359922       3.256159639511045E-6
0.24895757782316352       0.6309028727977785       3.3292700850843296E-6
0.24215064964034283       0.6536231511097159       3.0181985051799493E-6
0.2543919333976674        0.6232666843418241       3.3923696610600685E-6
0.25966428351377374       0.6155577670038631       3.4459287970589663E-6
0.2648469951069601        0.6077995718290478       3.4888078076046265E-6
0.30786024610523915       0.5150215438012471       3.507282579722915E-6
0.315662503253691         0.5101896015345413       3.3926882953048503E-6
0.3233579001516857        0.49555936520607363      3.2829156104637256E-6
0.3233668266358396        0.5055525100025237       3.2822899258350094E-6
0.33094283935081226       0.471030929053672        3.1420278402007505E-6
0.33094926061917895       0.4810631379036233       3.1617527910609575E-6
0.3309568004569606        0.4910804655962528       3.1732324597340964E-6
0.3385611072688291        0.4564306406285415       3.0014991662387313E-6
0.34617460713861403       0.4519077874542541       2.8936320458704494E-6
0.35381876118843775       0.44751711015903767      2.79029006632276E-6
0.3614373029588877        0.443323582419381        2.6921424199230604E-6
0.3690427130809973        0.43904856868911         2.597847883376753E-6
0.3766735111958284        0.4345752408612054       2.5063936116822487E-6
0.3843710571098642        0.4298849132701633       2.4171663564829806E-6
0.33851816330312295       0.4665736875384057       3.0315931630869693E-6
0.3921538526513056        0.42499521963508347      2.3299659900216813E-6
0.22501519947956505       0.6920826253028243       2.482385928790279E-6
0.2300696046812871        0.6841916007538194       2.5905199313274723E-6
0.23541063732059833       0.676460391531034        2.6920993837383442E-6
0.24089217779567515       0.6688044624560955       2.7870152620692804E-6
0.2465344871085291        0.6612188459544016       2.8736378913717444E-6
0.2478719938493049        0.6460523975725428       3.098841531513971E-6
0.2535654466547571        0.6384791244480842       3.1696164472997647E-6
0.25908715620378686       0.6308812515026624       3.2315435121272622E-6
0.25229605804072236       0.6536449555038037       2.9515579392197744E-6
0.26441398187008064       0.6232342198767195       3.2851686242264013E-6
0.26961637802045685       0.6155413699323707       3.329779357409076E-6
0.2747902887708639        0.6078098317816893       3.3642296652052114E-6
0.3078801000972875        0.5249828722360507       3.486441724930386E-6
0.31570106128694064       0.5201163671243632       3.3776937374022224E-6
0.32339365272462717       0.5155091983894156       3.272545836205882E-6
0.3309633761192033        0.5010845941025784       3.176405908874809E-6
0.33097125080571427       0.5110740857654741       3.1712419458657725E-6
0.33850183678703955       0.47664490095214834      3.053711140004721E-6
0.33849854925173845       0.4866790923607438       3.0679726392628077E-6
0.3384997177380647        0.4966938196468555       3.074421595804332E-6
0.3460926513290386        0.46213811719934333      2.925521975632215E-6
0.35371060965657114       0.4576927556600886       2.8230448163253876E-6
0.36132124096078017       0.4533401978996703       2.724906438709824E-6
0.3689463090080461        0.4489797724136642       2.630407050492564E-6
0.3765912405905468        0.4445197871154182       2.539057954903347E-6
0.38431338909709994       0.43984604605810507      2.449810755492717E-6
0.3921331079575831        0.43497549648263756      2.3624492253199525E-6
0.3460564140503222        0.4722354924814743       2.949581456719135E-6
0.23502935562568225       0.6920953166854061       2.462650758666192E-6
0.2401512932730736        0.6842459275449376       2.5607771347414E-6
0.24537923950530705       0.6764579471411851       2.6537658530983698E-6
0.2509330303648278        0.6688448171277731       2.7375594225376904E-6
0.25660001973931096       0.6612640951312748       2.8136342429626067E-6
0.2581844102569302        0.6460421789173854       3.0199973284245367E-6
0.26389671934305065       0.63846562504483         3.079694247130725E-6
0.269208765263731         0.6308604885243624       3.133594523225205E-6
0.2624654353047353        0.6536803125003549       2.880731358483375E-6
0.2743705260436667        0.6232073188531071       3.1799723689589592E-6
0.2795019681633952        0.6155796472751623       3.2166791865230684E-6
0.284660045764134         0.6078968858954337       3.244036912466689E-6
0.30786396244188746       0.5350120789424394       3.455997240236312E-6
0.3078455113200136        0.545019893674883        3.4159736970458873E-6
0.3156684573151618        0.5301729237529211       3.3541338913175844E-6
0.3233666422415153        0.5255418924297187       3.254659202468852E-6
0.3309704926657072        0.5210667167564916       3.157938687769568E-6
0.338502096067443         0.5066955784013137       3.0730726965678347E-6
0.33850312566382285       0.5166898172023964       3.0639971693940546E-6
0.346033704560003         0.48229324940304696      2.9663254883299613E-6
0.3460237572072492        0.49232272128057936      2.9756720760896657E-6
0.34601886283353367       0.5023315002861958       2.97767712909276E-6
0.35364341040520636       0.4678076048822742       2.8488287498481503E-6
0.36123994020641104       0.46340499401015106      2.75172168044468E-6
0.3688698156723933        0.4589777289241716       2.6577680617986206E-6
0.37655093915419885       0.4544589110008547       2.566517208913903E-6
0.38427626766585976       0.44982095879620987      2.4778733350447665E-6
0.39213777307885733       0.4449319880116231       2.390532104846044E-6
0.3536032548852039        0.47787350229027425      2.867651604545245E-6
0.24501761633408392       0.6920953714578899       2.43624952893941E-6
0.2501541070696362        0.684262196384713        2.52541292246727E-6
0.2791659723774653        0.6307718199164827       3.0386456117527658E-6
0.2554574408141196        0.6765283320836151       2.6082366275265596E-6
0.26093264535408295       0.6688941217856951       2.683428981143034E-6
0.2665549387334985        0.6613477195449834       2.7501369664754288E-6
0.2690676788812871        0.6459479623319792       2.935230210919163E-6
0.2742728095370288        0.6385751723457075       2.9869182037885832E-6
0.2721210501814127        0.6538443462439041       2.8094573012014786E-6
0.28422524301360974       0.6232214746751258       3.0772785585559773E-6
0.2891952811634387        0.6157484241178336       3.1075303241502156E-6
0.2944018939294496        0.6082287140143994       3.1272788825587516E-6
0.30784323468351055       0.5549670153271165       3.366847436502443E-6
0.30783660770505783       0.5649256307268771       3.309220774130377E-6
0.30784430724040723       0.5748890239455793       3.2435413264141027E-6
0.30790933967770767       0.584765971625926        3.170755715112797E-6
0.30816089641255473       0.5944618101428644       3.091221770440578E-6
0.3157067037533822        0.5400627778814197       3.3209336550828153E-6
0.3156532062711955        0.550094692479942        3.2798462641272354E-6
0.3233673397297053        0.5355108525163044       3.227902836391615E-6
0.33096311224673786       0.5310554981212394       3.1366216360503988E-6
0.3385001939010461        0.5266799995065324       3.0473355940043014E-6
0.34601742578121925       0.5123328102139212       2.9723724470343724E-6
0.34601585215451536       0.522328681298142        2.959871119082632E-6
0.35357895883329704       0.48791131184135783      2.8795566439190747E-6
0.35356527238870866       0.4979305851068882       2.884538918448189E-6
0.3535585543608755        0.5079386997737064       2.882623744864278E-6
0.36118517598231104       0.4734595973847615       2.7722171663392635E-6
0.36881103215308975       0.4690018271235492       2.6795108855317854E-6
0.3765017516006415        0.4644542048906516       2.5891656313953523E-6
0.3842753733790279        0.45976305112658467      2.5008403063188856E-6
0.39211938976140975       0.4549281219671451       2.414607883407947E-6
0.3611492617969883        0.4834948649212481       2.786276324585895E-6
0.254962117800528         0.6920735599791962       2.4044678482440334E-6
0.26011295064116124       0.6842572577189072       2.4852664044739393E-6
0.2840316504396043        0.6381566157913545       2.906006664317785E-6
0.2888584403230825        0.6306190363985316       2.9479583088700654E-6
0.2653925525194216        0.6765310424348644       2.559806107404921E-6
0.27083525954807236       0.6689294931819445       2.626473531576614E-6
0.2764607107767252        0.6615075243358131       2.6835545449561315E-6
0.2799255880213465        0.6470480864489769       2.834621493967121E-6
0.2806553153821314        0.6552471785040045       2.7303886850403426E-6
0.29376235395908257       0.6233705847624027       2.978669060192441E-6
0.29856663549648216       0.6161898416346943       3.0025557895580184E-6
0.30348931801357576       0.6094804120370363       3.0138491456376423E-6
0.3090902355470742        0.603524327747555        3.0048776805216916E-6
0.31561288230865386       0.5600850545294956       3.2304451431645285E-6
0.31565283897605145       0.5698865315821222       3.173445080300432E-6
0.3156670570836263        0.5797560097385497       3.1095940864745784E-6
0.31574348540190705       0.5894739794089979       3.039995018444233E-6
0.3160690872922056        0.5988054622451641       2.965500942618266E-6
0.3233608990232549        0.5454613990737477       3.1930550553501326E-6
0.32337800038219844       0.5553376161648738       3.1503977155604794E-6
0.3309539178949527        0.5410242235515772       3.107519488883726E-6
0.33849153133528964       0.5366642214656039       3.0233002230152487E-6
0.34601071762204844       0.5323219833719778       2.9403492858370185E-6
0.35355551990789325       0.5179414241268527       2.873885428905913E-6
0.3535519899206319        0.5279424665754906       2.858465716924682E-6
0.3611259811738245        0.4935158394805336       2.7938645274521883E-6
0.361112295900132         0.5035280401211114       2.7949655176389094E-6
0.3611063898465073        0.5135353016127152       2.789602037027441E-6
0.36876938518861885       0.4790234124120259       2.695350566845602E-6
0.37646026660383364       0.47446277176478757      2.6064859162429164E-6
0.38421168189210236       0.46981516518876754      2.5197698373598426E-6
0.3920913094993024        0.4649470957945215       2.4342877919954937E-6
0.36874039157801136       0.48903733828149315      2.7051822181281383E-6
0.2649725857263283        0.6920849677745898       2.367201530146855E-6
0.2699916900053268        0.6842027389753773       2.441874438947723E-6
0.28897871966006816       0.6440479383728595       2.7962367425491447E-6
0.29298486593527284       0.6378717056698613       2.8305567796477787E-6
0.2981501498637924        0.6307737785399654       2.859115172801445E-6
0.27527543399270216       0.6765023079848762       2.508558001534393E-6
0.2805294034621237        0.6688556346222875       2.569487471863209E-6
0.28541167290314523       0.6611972584299118       2.627325579856804E-6
0.2895909200783314        0.6522293672843388       2.699395286096152E-6
0.3104080130164537        0.6107688414635828       2.9280235173137E-6
0.3032149126364583        0.6236826935878804       2.881890618431812E-6
0.3073074947541298        0.6166242024483282       2.9077474554788074E-6
0.31638259277481096       0.6075735406308287       2.8920037955843353E-6
0.3233096371967994        0.5653052585901497       3.1010921098442605E-6
0.3232602307101004        0.5751715528409159       3.0452578982218136E-6
0.32326402468929016       0.5848340642335612       2.983995336578955E-6
0.32334894730883096       0.5942483531218101       2.9183621786154475E-6
0.32356151913414033       0.603490873928258        2.8484022151180012E-6
0.3309354597177649        0.5509747436832629       3.071080826852471E-6
0.33089342532960975       0.5609152893467547       3.0278670785859978E-6
0.3384727418734718        0.5466423884356175       2.992209427848694E-6
0.3459983566728917        0.5423154068872739       2.914047190158388E-6
0.353544769266857         0.5379452120834963       2.836550229532252E-6
0.3611047558182631        0.523540723871935        2.7778717890213683E-6
0.3611018129284603        0.5335480822558822       2.7599478547008674E-6
0.3687187890323183        0.4990496824177697       2.708982074763869E-6
0.36870585255942706       0.5090608170024271       2.7067013652079894E-6
0.36870194400654444       0.5190715555372525       2.698358607054943E-6
0.3764354612126876        0.48445921445865875      2.618180767206348E-6
0.3842155140365464        0.4797673448808765       2.532814202967995E-6
0.392085813708729         0.4749310989828173       2.448998922684728E-6
0.37641442290353516       0.49446077223701274      2.624303129297627E-6
0.2749075759831583        0.6920516329382913       2.3268231838696066E-6
0.27997859417069015       0.6841940555757082       2.3940590710547035E-6
0.29683514172458175       0.6451276572387817       2.720210775422605E-6
0.30220105934649455       0.6380417535267765       2.74867487369678E-6
0.3073577365775719        0.6308317988369057       2.7738685819345354E-6
0.28510119811983303       0.6764055766282987       2.455744901474019E-6
0.29016586404079325       0.6686343616337302       2.512580547943641E-6
0.29506782367876666       0.6607094841992973       2.566813429704166E-6
0.299988090629307         0.6529271819668288       2.6137701710281217E-6
0.31526538796935566       0.6156163831537139       2.8362026672961495E-6
0.3122834279818467        0.623504130968446        2.7960532189467653E-6
0.3234015361822322        0.6125603965918804       2.780117217205041E-6
0.33083417052397696       0.5708007365299304       2.9784967063967363E-6
0.3307794683597317        0.5805084427263767       2.924044844171709E-6
0.33071417302575673       0.5899223754575101       2.866274429291248E-6
0.3306892865545787        0.5990038664215213       2.805863644377025E-6
0.3307598140689841        0.6079992551073112       2.7414548253552857E-6
0.3384374245835125        0.5566144568091788       2.95447092179107E-6
0.3383830198077408        0.5665615956419404       2.910591148221598E-6
0.3459747591223609        0.5523130378910596       2.881260115308199E-6
0.3535328430095614        0.547954326351587        2.808347572111342E-6
0.36109582218632413       0.5435605058828864       2.736009029981592E-6
0.36870308813291325       0.5290820361745472       2.684077319084281E-6
0.3686987539463065        0.5391007209898188       2.6640863305403983E-6
0.37639024590142656       0.5044769264181618       2.624859289109806E-6
0.37637948668464666       0.5144905221944528       2.619656795197451E-6
0.37638070201840607       0.5245048929403126       2.6087586585784647E-6
0.38420138227517037       0.48975642786343004      2.5409427222608877E-6
0.39205796930758724       0.48495559682994804      2.4591600137556646E-6
0.38419131732802175       0.4997480586837315       2.5438046147224235E-6
0.2849070960824159        0.6920370747021131       2.2827596901865443E-6
0.2898195190503266        0.6840581348217313       2.345766324242597E-6
0.30622701435803895       0.645483413612483        2.6408990444288328E-6
0.31164745515966347       0.6381585683904837       2.6667835285886883E-6
0.31656302092376754       0.6307536974930588       2.691725094621653E-6
0.2949599240683527        0.6762809060313175       2.4010163136216436E-6
0.3000547819372824        0.6685005527192485       2.451681695711768E-6
0.30520499882532387       0.6607774743696011       2.4961888035630538E-6
0.31056237982203133       0.6531166280997573       2.5330579674953233E-6
0.3221790903217038        0.6227153395267053       2.709644388739891E-6
0.3309128370300537        0.6174311010235128       2.6699423311377385E-6
0.3383214064160076        0.5764095732897914       2.861304330869076E-6
0.33822727000060554       0.5859757486587872       2.8085996266731585E-6
0.33793684176352157       0.5950061079836723       2.75663966115687E-6
0.3377936800899107        0.6033724845974411       2.703723460918005E-6
0.3381867850206735        0.6121419398461775       2.6399853409528624E-6
0.34593226952981015       0.562319182931471        2.8423705075534915E-6
0.34585766687328734       0.5723361981403126       2.797865791799277E-6
0.3535123101978157        0.5579843148227402       2.7741086517872464E-6
0.3610909045571799        0.553582893472361        2.706211640267327E-6
0.36869622739303587       0.5491189631142134       2.6385010604465526E-6
0.3763840920675242        0.534520912842228        2.592365013430749E-6
0.37635474252673784       0.5445847558736779       2.570865464766658E-6
0.38413397037304425       0.5098089749292305       2.5418616679117756E-6
0.3841639306043328        0.5197788643268808       2.5338140560940282E-6
0.3841700126671936        0.5297915116768781       2.5208023601005654E-6
0.39206489641724757       0.49492303224637985      2.4640452574963166E-6
0.3920635313187096        0.5049134491761119       2.4640991187593737E-6
0.2949151768606354        0.6920244457798264       2.2361117321296984E-6
0.29984150094560263       0.6840377520230918       2.293261500341759E-6
0.31612795946615574       0.6455286924522695       2.561769375988288E-6
0.32140669079131357       0.6383109214295668       2.583600685681594E-6
0.32449906185034244       0.6309977310689703       2.61975236144092E-6
0.3049310473888922        0.6762237020121301       2.343476968864881E-6
0.31001876554539876       0.6684042980888026       2.3890578569973514E-6
0.3204785145272009        0.6528299618136235       2.4623803468612783E-6
0.3151813929003876        0.660611011185125        2.428896655567826E-6
0.33119656260418423       0.6266489249916134       2.5962778142567516E-6
0.3383166267866611        0.621345430374766        2.573163579152242E-6
0.34582967256997516       0.5822947167993041       2.7476596426370297E-6
0.34576568861447354       0.5917320614333401       2.6958947438041405E-6
0.34356048740574885       0.599281125756906        2.672819843244389E-6
0.3456288657259573        0.6068026124690588       2.6053553042378042E-6
0.3456720688233153        0.6159168452353264       2.545198401149546E-6
0.35347971116737154       0.5680661802526732       2.7340261745253327E-6
0.3534710385248887        0.578268875218102        2.6876811739565805E-6
0.36107802512435067       0.5636486733890732       2.6707882293796883E-6
0.36870599547990596       0.5591367133958958       2.6074485728325248E-6
0.37638083101299125       0.5545616720250587       2.543869627306199E-6
0.3841442557279821        0.5398580518648711       2.5029217374253234E-6
0.3841175211581711        0.5499209430282703       2.480075729616785E-6
0.3920527788535604        0.5149240316542766       2.459299882436006E-6
0.3920348354730946        0.5249491680488507       2.4496418851135016E-6
0.3920602009032435        0.5349344668741775       2.434788564698785E-6
0.304923108439567         0.6920141147557585       2.187503647422822E-6
0.30987986753777197       0.6840527999426329       2.238894707048961E-6
0.3260198423526897        0.6449566001974846       2.4892404490193427E-6
0.33085236092354287       0.6363692990784184       2.5218254852181836E-6
0.31487427864105455       0.676128040528411        2.285550906091521E-6
0.3198894423473693        0.6682196332678031       2.327445455874125E-6
0.3300457724998243        0.6524453051760439       2.395584027202146E-6
0.3249337401221167        0.660321533771061        2.364319734608247E-6
0.33831008022719766       0.6304803395264814       2.5056530456247993E-6
0.34568060071437784       0.6255119335918122       2.4793740095977545E-6
0.3536081046081715        0.5890458612614412       2.6317416067994255E-6
0.3518842032427685        0.5993557231217386       2.5912519940816673E-6
0.3533313889046426        0.6096716019263584       2.516166370908557E-6
0.3532289897724507        0.6201362844141117       2.4511791716693532E-6
0.361036610653637         0.573822427127961        2.629923578511509E-6
0.36101446527688985       0.5840478677269195       2.583603152144326E-6
0.3687070996877055        0.5691990091671983       2.5712539191048136E-6
0.3764059172244532        0.5645539053393696       2.5119794992742025E-6
0.38417681996119724       0.5598325967615038       2.4520752012861937E-6
0.39206252073561004       0.5449464566478834       2.415417829665289E-6
0.3920557385266065        0.5549639334031149       2.391565367379603E-6
0.3149158964080683        0.691990397786365        2.1376627059840884E-6
0.31983431850889443       0.6839774942858403       2.184882582561749E-6
0.33507990996576875       0.6448488655311849       2.420118467832644E-6
0.3388681074890655        0.6382181317782185       2.4423799127972173E-6
0.324745209290844         0.6759610708944354       2.2281493763099203E-6
0.3296144174821946        0.6679332595096472       2.2675073065628114E-6
0.3390466414057284        0.6518427496712313       2.335180587383662E-6
0.33438112820011634       0.6599045278753258       2.30311913597901E-6
0.34553967613441144       0.635230315109623        2.411395070796647E-6
0.35313628875330316       0.6300220891654805       2.386723712466703E-6
0.36070168377212236       0.5943512725653086       2.534984447935259E-6
0.3606141524157969        0.604588608781847        2.480213894702458E-6
0.36081120050815607       0.6148092701712963       2.419314788031135E-6
0.3607865419205362        0.6248995892517283       2.3579810515693075E-6
0.3686867300760874        0.5793104859207009       2.530267963788785E-6
0.3686036334547956        0.5894546521017644       2.4852201841278807E-6
0.37641770826060794       0.5745822530815268       2.475479540866767E-6
0.38419644198208225       0.5698186204997204       2.419803886726732E-6
0.39205307914052634       0.564972758288179        2.3633322094217938E-6
0.3248891477724617        0.6919436262777118       2.087106637394514E-6
0.3297517863539743        0.6838536624901371       2.1308671016082393E-6
0.3445585101944067        0.6441618396453853       2.3533790821720323E-6
0.33455730005572537       0.67571458126791         2.171495686481428E-6
0.3465278745273199        0.6526579525601863       2.2754809716276486E-6
0.33920991553842184       0.667513650267307        2.209519911790238E-6
0.3434258668704662        0.6593820168382907       2.2457827403350556E-6
0.35291865834613106       0.6395895429936507       2.3229571116327937E-6
0.36069887151317337       0.6347755140319292       2.295806097767103E-6
0.3685031173282927        0.5996077821980289       2.4361002022339373E-6
0.36848612686893534       0.6097404794351116       2.3825775224250838E-6
0.3684866003462992        0.6198299930798309       2.3258558402593297E-6
0.36844411202491106       0.6298345403518333       2.267126027622939E-6
0.37640201628490083       0.5846377041443782       2.434782207006256E-6
0.3763577474931619        0.5947074213769356       2.39022730185135E-6
0.38420861198715617       0.5798209568981151       2.383327028255378E-6
0.3920580705238453        0.5749694418729617       2.3309331292349616E-6
0.334856905348859         0.691882076902008        2.036025471114324E-6
0.3396670624255917        0.6836931195516115       2.0768162294756086E-6
0.35300469019146563       0.6488032940586903       2.257502921627539E-6
0.34439398947542416       0.6753731147422554       2.1153802965941837E-6
0.35202461691470693       0.6577957415111622       2.19955380811594E-6
0.3489064332981123        0.6667943089904722       2.1533100478309032E-6
0.36057391329002614       0.6445442059507954       2.232372200067701E-6
0.3683734295446632        0.6397674829770845       2.2066061617014186E-6
0.37631382127996377       0.6047769579930896       2.3419464061096416E-6
0.3762829217600671        0.6148341848888715       2.290265290500175E-6
0.376248451690016         0.6248673631251812       2.235773388148683E-6
0.3762080383767956        0.6348672035385403       2.178924953322374E-6
0.38420482101227127       0.5898353165505629       2.3429959408820907E-6
0.38418308679421          0.5998589723751692       2.2991175044190155E-6
0.3920782416774711        0.5849414253504991       2.2946178100914614E-6
0.34483096595938917       0.6918178414813471       1.984549062566253E-6
0.3496231345725125        0.6835411704918705       2.0223697903549396E-6
0.3602509573065541        0.6546099309976992       2.1663981175862116E-6
0.35441581371442227       0.6749996642117986       2.0585011396661375E-6
0.35953669000119926       0.6654311483018703       2.095863846882599E-6
0.36825407781180214       0.6497215821056593       2.144228923124005E-6
0.3761583832142908        0.6448563419147811       2.119980528278349E-6
0.3841554335193235        0.6098835954248292       2.2519294609850935E-6
0.3841277519183268        0.6199050298083535       2.201731227102805E-6
0.38410097842561974       0.6299193192022358       2.1488737571733926E-6
0.3840770256081841        0.6399262815415646       2.093682408298145E-6
0.3920776835532467        0.5949405321012083       2.2547744152967873E-6
0.3920667981985671        0.6049465347001374       2.2116481801906413E-6
0.35482618404867183       0.6917895473376059       1.9325691256953633E-6
0.35956304050678534       0.6835535954394448       1.9669736436520356E-6
0.3681165609021492        0.6596598084082611       2.080332061388879E-6
0.36437532938137585       0.6751599771205569       1.9986032831369372E-6
0.36863250475237663       0.6680863950721563       2.0211717145904636E-6
0.3760789816076264        0.6548907965929465       2.0590674142731644E-6
0.38405630425011          0.6499377088413996       2.036417546633071E-6
0.39205199044014877       0.6149534530662061       2.1654978079060996E-6
0.39203783739070514       0.6249601151649257       2.116592841150553E-6
0.3920272917372898        0.6349659706593348       2.065219738463265E-6
0.3920208399000998        0.6449713245654758       2.0116781150183294E-6
0.36470454853317213       0.6917839301592171       1.8811562587055425E-6
0.36918924098016315       0.6836605630462191       1.9131179013648696E-6
0.376219518533595         0.6649529795495471       1.995037832523983E-6
0.37491442494356386       0.6752280619805467       1.936857013028723E-6
0.3840567156183518        0.6599653653221492       1.977211448040875E-6
0.39201532029994274       0.6549794981263192       1.9562667096925096E-6
0.37430363115524035       0.6918362341945032       1.8311050196566932E-6
0.37727316441211867       0.6843994060265202       1.8641691367820947E-6
0.3840068998521789        0.6700270163238576       1.9166894854655226E-6
0.38468341694585617       0.680034036293349        1.8513398598199394E-6
0.39198328199130045       0.6649905818432603       1.8994301341184792E-6
0.3845294071384507        0.6911580874265809       1.7828922375306058E-6
0.3921918322619611        0.6749868634641546       1.8400142337619004E-6
0.3924676934433771        0.6848977159069748       1.7798507668228318E-6
0.3934015043139948        0.6932073082577641       1.7254054889039835E-6
0.10647007628435828       0.40679939250655706      4.079916564821622E-6
0.10778029719757572       0.4649302511938104       5.269471076400543E-6
0.10780079782866378       0.45493678782884883      5.1562618990206405E-6
0.10784447682735598       0.4449147924669459       5.012645364730825E-6
0.1073511053921766        0.4151572940311836       4.355088271295683E-6
0.10788796644779985       0.43489866987353415      4.8359851135254895E-6
0.10777411006253264       0.42490794249669567      4.617521728740888E-6
0.11499927602961484       0.40883966850160147      4.446004513979615E-6
0.10778049416821556       0.47489617551124086      5.353867763619262E-6
0.10778965914526656       0.48491687715977677      5.410463066141623E-6
0.11554242277726295       0.46990248496313086      5.674149550224885E-6
0.11555358838993857       0.4599231612615958       5.5693071275207155E-6
0.11562359058909005       0.44990828385343423      5.433871001666733E-6
0.11576021386259655       0.43981172231480037      5.2646018281798546E-6
0.11545654722081401       0.4196343292391801       4.786056523514919E-6
0.11594905325729493       0.42975725694550965      5.0596166036885565E-6
0.1223547923495542        0.41532964644301124      4.882568133074079E-6
0.12526256447630368       0.40802052625942276      4.716285011226696E-6
0.12324335574600541       0.4652017646648558       5.92600894395983E-6
0.1078222012285532        0.49488552044378525      5.440027066392426E-6
0.10784692452783667       0.5049042197188596       5.4415774499368425E-6
0.1155442370993012        0.4799656224958159       5.7490829670536836E-6
0.11558330831211176       0.48991314280638215      5.79484537995421E-6
0.12323744899248863       0.4752245022228864       6.0192530425624255E-6
0.12329632335504376       0.4551079609078452       5.799718898562176E-6
0.12348271458576336       0.44496538466152075      5.6406703305968234E-6
0.12387219754069405       0.43465833417911043      5.4443979694094E-6
0.1249432844093324        0.4246325435697371       5.2293799176828044E-6
0.130623275583817         0.4161634583394151       5.127187190097401E-6
0.13518693508702628       0.40805480888435436      4.9402377951496814E-6
0.1078693186649635        0.5149417067174585       5.415091424812918E-6
0.10789988317104375       0.524981905176249        5.360719928479248E-6
0.10793991243628354       0.5349910014498006       5.278155273153891E-6
0.13093106467227894       0.4605354384924684       6.111473601824313E-6
0.13086772936721183       0.47067228140805556      6.223807384334848E-6
0.11562837698498746       0.4999341808766373       5.811702543051664E-6
0.11567166072718388       0.5099836942867628       5.798972123535018E-6
0.12329048320497502       0.4851325388975329       6.081892697115595E-6
0.12332460015672524       0.4951958649100692       6.113522165499631E-6
0.13090262739087608       0.48062429941298546      6.302889387291139E-6
0.1309429474380161        0.45016901115396735      5.956973163168422E-6
0.13140977216936003       0.44014239917723613      5.7800002316421385E-6
0.13114071261438104       0.4317005141350393       5.580924330669983E-6
0.1355771586543696        0.4247129145996809       5.497991457425574E-6
0.14029861539647584       0.4163728017411277       5.329226705393521E-6
0.14512151445717197       0.40812466158241056      5.103676993581964E-6
0.15509640501549216       0.4080303235046235       5.199545614117703E-6
0.11575609681640435       0.519926315260958        5.7588220056355855E-6
0.11583021133299076       0.530055521904127        5.686733668895943E-6
0.10805647620575905       0.5450976195707006       5.1682030343632125E-6
0.10809460375098796       0.5552618287097236       5.021560240779919E-6
0.11599265604567821       0.5401495721340109       5.586683675618774E-6
0.13877672419948794       0.4559092387613189       6.235998786829448E-6
0.13846631163354567       0.4661638135202066       6.365046425188946E-6
0.1384165221047945        0.47632836167261816      6.461215784828454E-6
0.12342688140286055       0.5050729602677263       6.116790732805469E-6
0.12350236596605083       0.5151227828789376       6.088288588814046E-6
0.13092581387490668       0.49069651147034393      6.3496336122094786E-6
0.13103080734134695       0.5005910112679416       6.366340770993636E-6
0.13844588366085037       0.4863780166024925       6.523390420296263E-6
0.1391192029444263        0.44500516264405954      6.054579841003783E-6
0.13990115029814917       0.4343563791494318       5.837501296855891E-6
0.1451413283101209        0.42489536698658337      5.6704621167808724E-6
0.15017729796277993       0.416261288685587        5.45840688348472E-6
0.1650870420658271        0.40791456502389334      5.232826039238746E-6
0.1601947001351165        0.4158800084201734       5.512413398013821E-6
0.1750348120856241        0.4077209458595643       5.201300604753404E-6
0.12359892264468321       0.5252031412649555       6.028725850270605E-6
0.12375095047490552       0.5352439792819849       5.938749643615647E-6
0.10820576485607958       0.5650967885502494       4.8504573689386505E-6
0.10788295942629246       0.5742764113663743       4.641048749363186E-6
0.1163428897261362        0.5502632811901303       5.460248171205611E-6
0.11731977433445184       0.5609289865935351       5.31028347558557E-6
0.12402662391112114       0.5452937690832694       5.818664372520807E-6
0.14738937456895831       0.4517221684794629       6.313170137243716E-6
0.14581144393970222       0.46185983827774857      6.443948374630057E-6
0.14583841407525064       0.47217008942859173      6.560097880896179E-6
0.14591211550055236       0.48215923266763566      6.637625622462375E-6
0.13112438623165365       0.5106006189973863       6.351219853016238E-6
0.13130886907786293       0.5204203150376876       6.3077632243864024E-6
0.1385241421798796        0.4963485338091615       6.553166508916966E-6
0.13864064690590708       0.5062929117353285       6.551413705667937E-6
0.1459940809140929        0.49211116058221055      6.68133118086217E-6
0.14691302350826674       0.44162952814062134      6.11407699977694E-6
0.15050785148899068       0.4328552169559642       5.95181659347382E-6
0.1552114289319563        0.42426440146039435      5.755014342449348E-6
0.15314053842331732       0.44644678820859457      6.277940699044809E-6
0.1701969556126275        0.4158558715132805       5.5103340917437785E-6
0.16518494297683964       0.42359043738290914      5.76402847146744E-6
0.18001405092855352       0.41513891300336575      5.41862111356687E-6
0.18491112240435856       0.40741620551688074      5.10439979328488E-6
0.10686180112076571       0.5935310727464057       4.084540940542877E-6
0.10902705492815336       0.5848980603729083       4.420548935703406E-6
0.1314450421998848        0.5304499332260382       6.229094661042998E-6
0.13157573324378707       0.540441652724089        6.1162564793964415E-6
0.11589343356893315       0.5700430892481317       5.0621579046335995E-6
0.1154992309473691        0.5772327286662016       4.871373302182027E-6
0.12456731194974055       0.5548580172497625       5.679337352305381E-6
0.12236066178370339       0.5672871579067197       5.351829011468815E-6
0.12524840567627402       0.5621642847136271       5.556641416067525E-6
0.1327320053763984        0.5511229640537525       5.981792633531268E-6
0.15489752813638713       0.45201222669642727      6.391662769548583E-6
0.1530596967486348        0.45922220316962425      6.490383957021901E-6
0.15309923338253398       0.46842898821820517      6.60543588125643E-6
0.15335768374471548       0.4780359859031392       6.694681158110908E-6
0.15347931257903988       0.487884087925901        6.751873155790939E-6
0.13881276187872113       0.516197018553069        6.5187221697511795E-6
0.13905826095406199       0.5260182501144928       6.455563104113393E-6
0.14608908260960796       0.5020680025215142       6.692309155104036E-6
0.14624489965201218       0.5119970700161559       6.671473579532276E-6
0.15358270427009327       0.4977997394277524       6.776312042458778E-6
0.15585283587936777       0.43986773211827057      6.160837083812207E-6
0.16006245271789013       0.4321040903311484       5.9937822646811264E-6
0.16010721244695542       0.44723751364052333      6.328905776692371E-6
0.16855678636448015       0.4312489234851727       5.966744446884356E-6
0.17566618548380403       0.4248903593897767       5.751917093470964E-6
0.18455322574039407       0.42244280162352765      5.5773249152726826E-6
0.19322150168995741       0.4065089290399314       4.952652572475351E-6
0.19119638604542874       0.41512843968277635      5.256156298442883E-6
0.11528195067567516       0.5927573033591196       4.401904838900021E-6
0.11961223121283754       0.5843008638466199       4.810924435977745E-6
0.13929012481796088       0.5356542537642618       6.3609830946889085E-6
0.13954839150231207       0.5446236291312702       6.243502401893193E-6
0.12368291789177294       0.5752094159757554       5.196291633574681E-6
0.13138512229596108       0.5599230964620571       5.777985239474208E-6
0.12965877744708498       0.5680900130025494       5.547768095506181E-6
0.14122604998712154       0.5521869831551599       6.147749439608687E-6
0.13769228103335238       0.5576059982200618       5.973432160555733E-6
0.16079081849406987       0.4554324599839309       6.471113391983212E-6
0.1607607587256625        0.46439195160648383      6.595353558973486E-6
0.16086042430200206       0.4738972798607051       6.695194497312045E-6
0.16097909217433568       0.48364751583726023      6.764756693872755E-6
0.16107629884018163       0.49351863002901264      6.802334314767939E-6
0.14648580402005307       0.5219002835380298       6.619007405864641E-6
0.14698272480116362       0.5316530422452939       6.537847706284462E-6
0.15370649322768823       0.5077398605685243       6.768108611976607E-6
0.15385645031499495       0.5177161556409798       6.726837552226213E-6
0.16117648254686137       0.5034453767826409       6.807408840344299E-6
0.16656419805179248       0.44008198584252967      6.181554876332735E-6
0.16780621511944163       0.449761513494781        6.366529273959365E-6
0.17569011080812927       0.4353270872575166       6.016104901963713E-6
0.18390379082191474       0.4306112161104929       5.7973407901826045E-6
0.19193925369335454       0.42554719312326666      5.520457670576905E-6
0.1247628132023924        0.5920261878678631       4.701718950714444E-6
0.12941941963166242       0.583681486837872        5.103349115894412E-6
0.1471305962065558        0.5407390151443874       6.4270446093627384E-6
0.1455060085086001        0.5476855177695001       6.2971438448429355E-6
0.13428901660064835       0.5753260795082669       5.469171566932862E-6
0.14719473000383157       0.5529644917133545       6.226332939220859E-6
0.13843534053173057       0.5656776338636539       5.808704156841385E-6
0.14468288349823483       0.5591192980430195       6.066683401056548E-6
0.16831387662416183       0.45981838533941294      6.521148213090941E-6
0.16846480866652902       0.46951677600630726      6.636202504189702E-6
0.1685544579870841        0.4792915641362207       6.719009646578582E-6
0.1686322709614012        0.4891482360521747       6.769813754052923E-6
0.1687092211531629        0.4990619034790984       6.788498207845603E-6
0.1540513670770712        0.5277549954369327       6.6513219413456666E-6
0.1541505668554155        0.5382101638408253       6.5339358026469E-6
0.1612893399725597        0.5134128190221027       6.7795870630432025E-6
0.16140059680742255       0.523441881565342        6.717862569582822E-6
0.16879689661299524       0.5090138068661917       6.774781101823239E-6
0.17558089965795975       0.44491588498762225      6.218427436605034E-6
0.17594397508178683       0.45490557456278397      6.384912274872914E-6
0.183771481511826         0.4402082522929373       6.01060878206601E-6
0.19191556765969595       0.43521215085293274      5.740178481718871E-6
0.13472940788124085       0.5917986999260293       4.9368732826482135E-6
0.13944012934873343       0.5834276766920161       5.321165117594051E-6
0.1526407233470585        0.5478899224249331       6.376287196712968E-6
0.14404123727011803       0.5747507343136335       5.664924670478591E-6
0.15271333579742202       0.5569411280143322       6.2067224612002024E-6
0.14905758856684748       0.566489672323823        5.952804956336056E-6
0.17615318422955606       0.4648387527222085       6.515207342564383E-6
0.17622322798524642       0.4747503483191689       6.612428273831969E-6
0.17628727922624896       0.4846295974137136       6.676583015875441E-6
0.17634049141864658       0.49454968744823563      6.709091473998688E-6
0.1764038162512194        0.5044919217690025       6.7097725116491386E-6
0.16143205966337745       0.5336084457911258       6.619702942283755E-6
0.16114567864743293       0.5438937097312498       6.481977328104503E-6
0.16888808347781847       0.5190074217287443       6.7281346692770944E-6
0.16894667442690015       0.5290718160875802       6.647417197673694E-6
0.17647913122650058       0.5144612042560744       6.678403840130797E-6
0.1838526133408169        0.45002771863502944      6.187975691545618E-6
0.18398087273478783       0.4599852336076131       6.331030187226388E-6
0.1918984739609013        0.44508807838935366      5.928786677603378E-6
0.1447478826724441        0.5916690943046576       5.10672162320591E-6
0.14941380212219332       0.583339981997547        5.464018672754918E-6
0.16092308685816933       0.5546135383102541       6.2948430626822164E-6
0.15417620949561647       0.5749733876221992       5.770279791274504E-6
0.15941011118777404       0.5653282627257332       6.056020499037199E-6
0.18404560676881163       0.46996164512096217      6.44131845170282E-6
0.18405027557278686       0.4799412887056658       6.520056814835479E-6
0.18408038659003984       0.4898926928496217       6.566396156211709E-6
0.1841220249900895        0.49984241629617115      6.581446492412476E-6
0.184185321911755         0.5097859053315695       6.56522855713923E-6
0.1689117479359472        0.5392594025427416       6.530310180398621E-6
0.16883809178866832       0.5497496450486097       6.370026350801155E-6
0.17654866589992854       0.5244682238744933       6.614490695171164E-6
0.17658271762751768       0.534527087691263        6.517034733175197E-6
0.18423924563280628       0.5197723560640112       6.517985324675712E-6
0.19194232344700585       0.45505445417470997      6.083102499342742E-6
0.1919954582582055        0.4649993950476056       6.203958323959836E-6
0.15470592093641397       0.5917191823815795       5.206566040983802E-6
0.15937139680781673       0.5834998780846051       5.5305197984168985E-6
0.1683874419939493        0.5595245370123113       6.183351324227996E-6
0.1641798585885942        0.5753844966987903       5.7944743438316525E-6
0.1685671341780569        0.5678556361610748       5.989343999621449E-6
0.19200754698460262       0.4749923146920733       6.294767380507092E-6
0.19199356888975982       0.48500374281025643      6.355526687019508E-6
0.19201272897328106       0.4949807820675543       6.384942408476222E-6
0.1920399031208205        0.5049527892007125       6.384275867720829E-6
0.19202301839019253       0.5149832868517233       6.354760641111645E-6
0.1765557926777875        0.5446614082553927       6.38404519486978E-6
0.17642557182403343       0.5547492981658178       6.215317639982371E-6
0.18429532856890138       0.5297733893675328       6.4388121380829185E-6
0.18431932845807544       0.5397970244289378       6.327214294303849E-6
0.1920706793898123        0.5249617871406747       6.293366136890798E-6
0.1646478787497147        0.5918427979836526       5.241812199947091E-6
0.16910402208292338       0.5837023783318381       5.528505271195615E-6
0.17627897914630983       0.5648385276172962       6.006257535156063E-6
0.17492618494016188       0.5752578387680709       5.754057870090136E-6
0.1842863691036608        0.5498377336781652       6.182068468831672E-6
0.18420675623382488       0.5598839373831316       6.0011022949923415E-6
0.19212442463627322       0.534932227598043        6.2011838804806116E-6
0.1921334508713574        0.5449326824628485       6.078237411015105E-6
0.1741754705113256        0.5918937078952617       5.220221428238634E-6
0.17732334289992707       0.5843355505606487       5.460975571285875E-6
0.1840520968202494        0.5699667367262745       5.781021655627196E-6
0.1846193895252546        0.5799092286751506       5.5104696224352124E-6
0.1921150742079978        0.5549419009014455       5.922785249379463E-6
0.19208941898659068       0.5649571590257456       5.732490487632312E-6
0.18466637977728165       0.5908834086996684       5.166348438842058E-6
0.19220805622581516       0.5749406814842161       5.502501403601837E-6
0.19248771591265446       0.5848111509177677       5.232980307271723E-6
0.1934324699475753        0.5931335866475709       4.960646307853359E-6
